"","ID","ID.CapDate","lat","long","Capture.date","Grid","year","Sex","Age","BartAny","EhungINF","NoInf_0","NoUninf_0","Prev_0","NoInf_10","NoUninf_10","Prev_10","NoInf_14.1","NoUninf_14.1","Prev_14.1","NoInf_20","NoUninf_20","Prev_20","NoInf_22.4","NoUninf_22.4","Prev_22.4","NoInf_28.3","NoUninf_28.3","Prev_28.3","NoInf_30","NoUninf_30","Prev_30","NoInf_31.6","NoUninf_31.6","Prev_31.6","NoInf_36.1","NoUninf_36.1","Prev_36.1","NoInf_40","NoUninf_40","Prev_40","NoInf_50","NoUninf_50","Prev_50","NoInf_60","NoUninf_60","Prev_60","NoInf_70","NoUninf_70","Prev_70","NoInf_80","NoUninf_80","Prev_80","NoInf_90","NoUninf_90","Prev_90","NoInf_100","NoUninf_100","Prev_100","NoInf_110","NoUninf_110","Prev_110"
"4380","49811771","49811771-2012-06-06",10,10,2012-06-06,"HA1",2012,"F","Adult",0,0,0,0,NA,0,0,NA,0,0,NA,0,0,NA,0,0,NA,0,0,NA,0,0,NA,0,0,NA,0,0,NA,0,0,NA,0,0,NA,0,0,NA,0,0,NA,0,0,NA,0,0,NA,0,0,NA,0,0,NA
"4381","49811771","49811771-2012-06-19",10,20,2012-06-19,"HA1",2012,"F","Adult",0,0,0,0,NA,1,2,0.333333333333333,1,2,0.333333333333333,1,3,0.25,2,4,0.333333333333333,2,5,0.285714285714286,2,6,0.25,2,6,0.25,2,8,0.2,2,9,0.181818181818182,2,12,0.142857142857143,2,15,0.117647058823529,2,18,0.1,2,20,0.0909090909090909,3,22,0.12,6,26,0.1875,6,27,0.181818181818182
"4382","49811771","49811771-2012-07-03",20,20,2012-07-03,"HA1",2012,"F","Adult",1,0,0,0,NA,1,1,0.5,2,3,0.4,2,8,0.2,3,12,0.2,4,16,0.2,4,17,0.19047619047619,4,19,0.173913043478261,4,20,0.166666666666667,5,22,0.185185185185185,5,26,0.161290322580645,7,31,0.184210526315789,8,34,0.19047619047619,9,38,0.191489361702128,11,48,0.186440677966102,12,53,0.184615384615385,12,54,0.181818181818182
"4383","49811771","49811771-2012-07-17",40,20,2012-07-17,"HA1",2012,"F","Adult",1,0,0,2,0,0,3,0,0,3,0,1,5,0.166666666666667,2,10,0.166666666666667,2,12,0.142857142857143,2,15,0.117647058823529,3,22,0.12,4,25,0.137931034482759,4,28,0.125,7,50,0.12280701754386,8,59,0.119402985074627,11,66,0.142857142857143,11,73,0.130952380952381,14,83,0.144329896907216,14,85,0.141414141414141,14,85,0.141414141414141
"4384","49811771","49811771-2012-08-14",30,50,2012-08-14,"HA1",2012,"F","Adult",1,0,0,2,0,0,9,0,1,15,0.0625,1,19,0.05,2,25,0.0740740740740741,2,31,0.0606060606060606,2,35,0.0540540540540541,3,46,0.0612244897959184,5,53,0.0862068965517241,6,56,0.0967741935483871,10,86,0.104166666666667,13,112,0.104,15,122,0.109489051094891,17,140,0.10828025477707,18,144,0.111111111111111,18,144,0.111111111111111,18,144,0.111111111111111
"4385","49811771","49811771-2012-07-31",10,30,2012-07-31,"HA1",2012,"F","Adult",1,0,0,1,0,1,5,0.166666666666667,1,15,0.0625,2,21,0.0869565217391304,3,26,0.103448275862069,3,28,0.0967741935483871,3,30,0.0909090909090909,5,42,0.106382978723404,5,47,0.0961538461538462,5,48,0.0943396226415094,6,56,0.0967741935483871,8,62,0.114285714285714,11,69,0.1375,14,76,0.155555555555556,16,89,0.152380952380952,18,97,0.156521739130435,18,101,0.151260504201681
"4386","49811771","49811771-2012-08-28",40,0,2012-08-28,"HA1",2012,"F","Adult",1,0,0,0,NA,0,3,0,0,5,0,0,11,0,1,15,0.0625,2,18,0.1,3,23,0.115384615384615,4,31,0.114285714285714,4,35,0.102564102564103,5,43,0.104166666666667,7,72,0.0886075949367089,9,89,0.0918367346938776,16,115,0.122137404580153,18,129,0.122448979591837,21,138,0.132075471698113,25,157,0.137362637362637,29,179,0.139423076923077
"4387","49811771","49811771-2012-09-11",20,50,2012-09-11,"HA1",2012,"F","Adult",1,0,0,3,0,1,15,0.0625,5,22,0.185185185185185,5,30,0.142857142857143,6,53,0.101694915254237,7,57,0.109375,8,63,0.112676056338028,14,73,0.160919540229885,14,84,0.142857142857143,16,87,0.155339805825243,25,121,0.171232876712329,28,160,0.148936170212766,30,181,0.14218009478673,33,212,0.13469387755102,39,239,0.140287769784173,39,239,0.140287769784173,39,239,0.140287769784173
"4398","49829569","49829569-2012-06-06",30,40,2012-06-06,"HA1",2012,"F","Adult",1,0,0,0,NA,0,0,NA,0,0,NA,0,0,NA,0,0,NA,0,0,NA,0,0,NA,0,0,NA,0,0,NA,0,0,NA,0,0,NA,0,0,NA,0,0,NA,0,0,NA,0,0,NA,0,0,NA,0,0,NA
"4400","49847790","49847790-2012-06-06",10,90,2012-06-06,"HA1",2012,"F","Adult",1,0,0,0,NA,0,0,NA,0,0,NA,0,0,NA,0,0,NA,0,0,NA,0,0,NA,0,0,NA,0,0,NA,0,0,NA,0,0,NA,0,0,NA,0,0,NA,0,0,NA,0,0,NA,0,0,NA,0,0,NA
"4401","49847790","49847790-2012-06-20",10,100,2012-06-20,"HA1",2012,"F","Adult",1,0,0,0,NA,0,2,0,0,2,0,0,4,0,0,4,0,0,4,0,0,4,0,0,4,0,0,5,0,0,6,0,1,10,0.0909090909090909,2,16,0.111111111111111,3,23,0.115384615384615,5,26,0.161290322580645,6,31,0.162162162162162,7,36,0.162790697674419,8,38,0.173913043478261
"4402","49847790","49847790-2012-07-03",20,70,2012-07-03,"HA1",2012,"F","Adult",1,0,0,0,NA,0,5,0,0,8,0,0,9,0,0,14,0,0,15,0,0,17,0,2,21,0.0869565217391304,2,23,0.08,2,23,0.08,3,26,0.103448275862069,5,32,0.135135135135135,8,41,0.163265306122449,9,47,0.160714285714286,10,54,0.15625,12,54,0.181818181818182,12,54,0.181818181818182
"4432","52826884","52826884-2012-12-18",10,100,2012-12-18,"HA1",2012,"M","Adult",0,0,1,8,0.111111111111111,6,37,0.13953488372093,7,49,0.125,16,70,0.186046511627907,17,85,0.166666666666667,17,88,0.161904761904762,24,106,0.184615384615385,31,123,0.201298701298701,32,130,0.197530864197531,35,143,0.196629213483146,47,190,0.19831223628692,54,250,0.177631578947368,66,323,0.169665809768638,77,403,0.160416666666667,93,508,0.154742096505824,113,611,0.156077348066298,122,673,0.153459119496855
"4451","52842550","52842550-2012-06-06",30,100,2012-06-06,"HA1",2012,"F","Adult",0,0,0,0,NA,0,0,NA,0,0,NA,0,0,NA,0,0,NA,0,0,NA,0,0,NA,0,0,NA,0,0,NA,0,0,NA,0,0,NA,0,0,NA,0,0,NA,0,0,NA,0,0,NA,0,0,NA,0,0,NA
"4452","52842550","52842550-2012-06-19",50,80,2012-06-19,"HA1",2012,"F","Adult",0,1,0,0,NA,0,0,NA,0,0,NA,0,1,0,0,4,0,0,8,0,0,9,0,1,9,0.1,1,11,0.0833333333333333,1,12,0.0769230769230769,1,20,0.0476190476190476,1,22,0.0434782608695652,1,23,0.0416666666666667,2,25,0.0740740740740741,5,27,0.15625,6,27,0.181818181818182,6,27,0.181818181818182
"4453","52842550","52842550-2012-07-03",60,60,2012-07-03,"HA1",2012,"F","Adult",0,0,1,1,0.5,1,2,0.333333333333333,2,3,0.4,2,3,0.4,3,4,0.428571428571429,3,7,0.3,3,8,0.272727272727273,3,13,0.1875,4,16,0.2,5,18,0.217391304347826,6,35,0.146341463414634,8,42,0.16,10,46,0.178571428571429,11,52,0.174603174603175,12,54,0.181818181818182,12,54,0.181818181818182,12,54,0.181818181818182
"4454","52842550","52842550-2012-07-18",60,90,2012-07-18,"HA1",2012,"F","Adult",0,0,0,0,NA,1,0,1,2,2,0.5,3,2,0.6,3,9,0.25,3,11,0.214285714285714,4,13,0.235294117647059,4,18,0.181818181818182,4,22,0.153846153846154,4,23,0.148148148148148,7,39,0.152173913043478,7,48,0.127272727272727,9,58,0.134328358208955,11,70,0.135802469135802,14,76,0.155555555555556,16,89,0.152380952380952,17,93,0.154545454545455
"4455","52842550","52842550-2012-08-14",50,100,2012-08-14,"HA1",2012,"F","Adult",0,0,0,0,NA,1,2,0.333333333333333,1,4,0.2,2,9,0.181818181818182,2,11,0.153846153846154,2,11,0.153846153846154,3,15,0.166666666666667,4,17,0.19047619047619,4,23,0.148148148148148,4,27,0.129032258064516,8,50,0.137931034482759,9,70,0.113924050632911,9,79,0.102272727272727,10,88,0.102040816326531,12,109,0.0991735537190083,15,127,0.105633802816901,17,140,0.10828025477707
"4456","52842550","52842550-2012-07-31",60,90,2012-07-31,"HA1",2012,"F","Adult",0,0,0,1,0,1,2,0.333333333333333,2,4,0.333333333333333,3,5,0.375,3,12,0.2,3,14,0.176470588235294,4,16,0.2,4,21,0.16,4,26,0.133333333333333,4,27,0.129032258064516,7,44,0.137254901960784,8,53,0.131147540983607,10,63,0.136986301369863,12,75,0.137931034482759,15,83,0.153061224489796,17,96,0.150442477876106,18,101,0.151260504201681
"4501","66808052","66808052-2012-08-30",60,20,2012-08-30,"HA1",2012,"M","Adult",0,0,1,0,1,1,3,0.25,1,6,0.142857142857143,1,11,0.0833333333333333,4,22,0.153846153846154,4,28,0.125,4,31,0.114285714285714,7,38,0.155555555555556,8,45,0.150943396226415,10,55,0.153846153846154,16,86,0.156862745098039,19,125,0.131944444444444,22,152,0.126436781609195,30,179,0.143540669856459,33,207,0.1375,34,212,0.138211382113821,34,212,0.138211382113821
"4502","66808052","66808052-2012-09-11",100,10,2012-09-11,"HA1",2012,"M","Adult",1,0,2,3,0.4,4,7,0.363636363636364,4,8,0.333333333333333,5,15,0.25,5,21,0.192307692307692,5,24,0.172413793103448,5,27,0.15625,6,30,0.166666666666667,6,33,0.153846153846154,6,33,0.153846153846154,9,40,0.183673469387755,12,52,0.1875,15,79,0.159574468085106,18,103,0.148760330578512,21,137,0.132911392405063,27,181,0.129807692307692,31,215,0.126016260162602
"4503","66808052","66808052-2012-10-09",0,0,2012-10-09,"HA1",2012,"M","Adult",0,0,1,6,0.142857142857143,1,17,0.0555555555555556,2,23,0.08,2,34,0.0555555555555556,4,41,0.0888888888888889,4,46,0.08,4,58,0.0645161290322581,4,68,0.0555555555555556,6,73,0.0759493670886076,6,78,0.0714285714285714,9,105,0.0789473684210526,11,131,0.0774647887323944,21,158,0.11731843575419,28,192,0.127272727272727,38,221,0.146718146718147,48,265,0.153354632587859,63,319,0.164921465968586
"4505","66808052","66808052-2012-11-07",20,20,2012-11-07,"HA1",2012,"M","Adult",1,0,0,7,0,5,29,0.147058823529412,7,53,0.116666666666667,7,81,0.0795454545454545,11,130,0.0780141843971631,14,150,0.0853658536585366,15,159,0.0862068965517241,15,172,0.0802139037433155,18,189,0.0869565217391304,22,200,0.0990990990990991,34,239,0.124542124542125,48,282,0.145454545454545,58,334,0.147959183673469,72,405,0.150943396226415,93,515,0.152960526315789,101,559,0.153030303030303,103,573,0.152366863905325
"4506","66808052","66808052-2012-11-20",40,20,2012-11-20,"HA1",2012,"M","Adult",1,1,0,6,0,2,18,0.1,2,30,0.0625,4,48,0.0769230769230769,14,88,0.137254901960784,15,102,0.128205128205128,16,120,0.117647058823529,20,154,0.114942528735632,24,182,0.116504854368932,26,203,0.11353711790393,44,304,0.126436781609195,59,372,0.136890951276102,80,445,0.152380952380952,92,519,0.150572831423895,107,609,0.149441340782123,109,625,0.14850136239782,109,625,0.14850136239782
"4527","66809820","66809820-2012-07-17",30,50,2012-07-17,"HA1",2012,"F","NotAdult",1,0,0,1,0,0,6,0,0,12,0,0,16,0,1,20,0.0476190476190476,1,22,0.0434782608695652,1,23,0.0416666666666667,2,31,0.0606060606060606,3,37,0.075,4,37,0.0975609756097561,7,55,0.112903225806452,10,69,0.126582278481013,11,75,0.127906976744186,13,84,0.134020618556701,14,85,0.141414141414141,14,85,0.141414141414141,14,85,0.141414141414141
"4532","66810112","66810112-2012-09-11",50,80,2012-09-11,"HA1",2012,"M","Adult",1,0,1,1,0.5,2,3,0.4,2,7,0.222222222222222,2,11,0.153846153846154,4,28,0.125,4,41,0.0888888888888889,5,45,0.1,6,57,0.0952380952380952,11,73,0.130952380952381,16,80,0.166666666666667,22,127,0.147651006711409,27,152,0.150837988826816,29,176,0.141463414634146,33,205,0.138655462184874,38,234,0.139705882352941,39,239,0.140287769784173,39,239,0.140287769784173
"4533","66810112","66810112-2012-09-27",80,40,2012-09-27,"HA1",2012,"M","Adult",1,0,0,2,0,2,7,0.222222222222222,3,14,0.176470588235294,5,21,0.192307692307692,6,39,0.133333333333333,9,49,0.155172413793103,11,55,0.166666666666667,13,68,0.160493827160494,16,80,0.166666666666667,17,87,0.163461538461538,22,128,0.146666666666667,26,171,0.131979695431472,36,216,0.142857142857143,48,261,0.155339805825243,58,305,0.159779614325069,61,319,0.160526315789474,61,319,0.160526315789474
"4536","66810301","66810301-2012-08-30",10,100,2012-08-30,"HA1",2012,"M","Adult",1,0,0,2,0,3,8,0.272727272727273,3,10,0.230769230769231,5,16,0.238095238095238,5,19,0.208333333333333,5,19,0.208333333333333,6,24,0.2,7,28,0.2,7,30,0.189189189189189,8,35,0.186046511627907,12,48,0.2,13,69,0.158536585365854,16,95,0.144144144144144,20,116,0.147058823529412,23,149,0.133720930232558,27,177,0.132352941176471,28,193,0.126696832579186
"4543","66810776","66810776-2012-07-04",70,30,2012-07-04,"HA1",2012,"M","Adult",0,0,0,0,NA,0,3,0,1,3,0.25,2,5,0.285714285714286,2,5,0.285714285714286,3,5,0.375,4,10,0.285714285714286,5,15,0.25,6,17,0.260869565217391,6,18,0.25,6,23,0.206896551724138,8,35,0.186046511627907,11,50,0.180327868852459,12,62,0.162162162162162,12,65,0.155844155844156,12,66,0.153846153846154,12,66,0.153846153846154
"4544","66810776","66810776-2012-07-17",70,0,2012-07-17,"HA1",2012,"M","Adult",0,1,0,1,0,0,2,0,0,2,0,0,3,0,2,3,0.4,2,3,0.4,2,4,0.333333333333333,3,7,0.3,3,10,0.230769230769231,3,12,0.2,5,18,0.217391304347826,6,23,0.206896551724138,9,40,0.183673469387755,10,58,0.147058823529412,11,69,0.1375,12,75,0.137931034482759,12,83,0.126315789473684
"4545","66810776","66810776-2012-07-31",60,30,2012-07-31,"HA1",2012,"M","Adult",0,0,0,1,0,1,2,0.333333333333333,1,2,0.333333333333333,1,4,0.2,2,9,0.181818181818182,2,10,0.166666666666667,3,13,0.1875,4,19,0.173913043478261,5,22,0.185185185185185,6,26,0.1875,9,49,0.155172413793103,12,67,0.151898734177215,15,85,0.15,16,98,0.140350877192982,17,100,0.145299145299145,18,101,0.151260504201681,18,101,0.151260504201681
"4554","66811012","66811012-2012-06-21",90,70,2012-06-21,"HA1",2012,"F","Adult",1,0,0,1,0,0,1,0,0,4,0,0,5,0,1,6,0.142857142857143,2,6,0.25,2,6,0.25,3,8,0.272727272727273,3,10,0.230769230769231,3,11,0.214285714285714,5,17,0.227272727272727,6,20,0.230769230769231,7,24,0.225806451612903,7,30,0.189189189189189,8,36,0.181818181818182,10,42,0.192307692307692,10,45,0.181818181818182
"4590","66815612","66815612-2012-07-04",100,80,2012-07-04,"HA1",2012,"F","Adult",1,0,0,1,0,0,2,0,0,4,0,0,6,0,1,6,0.142857142857143,1,8,0.111111111111111,1,8,0.111111111111111,1,9,0.1,1,11,0.0833333333333333,1,11,0.0833333333333333,5,17,0.227272727272727,5,21,0.192307692307692,6,23,0.206896551724138,8,30,0.210526315789474,8,43,0.156862745098039,9,51,0.15,10,55,0.153846153846154
"4591","66815612","66815612-2012-07-18",80,90,2012-07-18,"HA1",2012,"F","Adult",1,0,1,0,1,1,5,0.166666666666667,1,8,0.111111111111111,1,11,0.0833333333333333,1,17,0.0555555555555556,1,18,0.0526315789473684,2,18,0.1,3,19,0.136363636363636,4,21,0.16,4,21,0.16,5,22,0.185185185185185,5,31,0.138888888888889,8,49,0.140350877192982,9,58,0.134328358208955,13,68,0.160493827160494,15,78,0.161290322580645,16,88,0.153846153846154
"4592","66815612","66815612-2012-07-17",100,70,2012-07-17,"HA1",2012,"F","Adult",1,0,0,0,NA,0,4,0,0,4,0,0,7,0,0,9,0,1,9,0.1,1,11,0.0833333333333333,1,13,0.0714285714285714,2,15,0.117647058823529,3,19,0.136363636363636,4,27,0.129032258064516,6,29,0.171428571428571,8,34,0.19047619047619,8,45,0.150943396226415,9,54,0.142857142857143,11,66,0.142857142857143,13,77,0.144444444444444
"4593","66815612","66815612-2012-07-31",100,80,2012-07-31,"HA1",2012,"F","Adult",1,0,0,2,0,0,4,0,0,7,0,0,9,0,1,13,0.0714285714285714,1,16,0.0588235294117647,1,16,0.0588235294117647,1,19,0.05,1,22,0.0434782608695652,1,22,0.0434782608695652,5,30,0.142857142857143,6,36,0.142857142857143,7,38,0.155555555555556,9,48,0.157894736842105,13,62,0.173333333333333,14,75,0.157303370786517,16,85,0.158415841584158
"4610","66818332","66818332-2012-08-30",20,80,2012-08-30,"HA1",2012,"F","NotAdult",0,0,0,1,0,2,6,0.25,4,17,0.19047619047619,6,22,0.214285714285714,8,35,0.186046511627907,9,39,0.1875,10,43,0.188679245283019,11,50,0.180327868852459,11,59,0.157142857142857,11,62,0.150684931506849,17,77,0.180851063829787,18,106,0.145161290322581,24,137,0.149068322981366,27,171,0.136363636363636,28,194,0.126126126126126,32,210,0.132231404958678,34,212,0.138211382113821
"4611","66818332","66818332-2012-09-11",10,80,2012-09-11,"HA1",2012,"F","Adult",0,1,3,2,0.6,5,15,0.25,7,20,0.259259259259259,9,25,0.264705882352941,12,38,0.24,12,44,0.214285714285714,12,47,0.203389830508475,12,54,0.181818181818182,12,62,0.162162162162162,15,65,0.1875,17,88,0.161904761904762,21,104,0.168,24,141,0.145454545454545,31,173,0.151960784313725,33,208,0.136929460580913,34,223,0.132295719844358,37,235,0.136029411764706
"4626","66821017","66821017-2012-09-27",20,50,2012-09-27,"HA1",2012,"F","NotAdult",0,0,1,5,0.166666666666667,2,20,0.0909090909090909,6,32,0.157894736842105,8,40,0.166666666666667,14,68,0.170731707317073,16,74,0.177777777777778,17,81,0.173469387755102,24,94,0.203389830508475,24,109,0.180451127819549,26,115,0.184397163120567,37,162,0.185929648241206,46,218,0.174242424242424,50,245,0.169491525423729,54,285,0.15929203539823,61,319,0.160526315789474,61,319,0.160526315789474,61,319,0.160526315789474
"4627","66821017","66821017-2012-10-09",0,30,2012-10-09,"HA1",2012,"F","NotAdult",0,0,0,5,0,0,25,0,2,32,0.0588235294117647,3,42,0.0666666666666667,4,60,0.0625,7,69,0.0921052631578947,8,82,0.0888888888888889,12,99,0.108108108108108,13,113,0.103174603174603,15,117,0.113636363636364,23,157,0.127777777777778,31,181,0.14622641509434,38,210,0.153225806451613,49,251,0.163333333333333,54,292,0.15606936416185,62,337,0.155388471177945,71,370,0.160997732426304
"4684","66828572","66828572-2012-10-23",50,0,2012-10-23,"HA1",2012,"M","Adult",1,1,0,4,0,0,6,0,1,8,0.111111111111111,2,23,0.08,3,40,0.0697674418604651,4,47,0.0784313725490196,4,56,0.0666666666666667,7,66,0.0958904109589041,8,80,0.0909090909090909,10,89,0.101010101010101,20,155,0.114285714285714,31,231,0.118320610687023,41,271,0.131410256410256,46,316,0.12707182320442,63,358,0.149643705463183,72,409,0.14968814968815,85,467,0.153985507246377
"4688","66828572","66828572-2012-12-18",40,20,2012-12-18,"HA1",2012,"M","Adult",1,0,1,6,0.142857142857143,4,20,0.166666666666667,5,34,0.128205128205128,7,56,0.111111111111111,17,102,0.142857142857143,19,118,0.138686131386861,21,138,0.132075471698113,27,177,0.132352941176471,31,210,0.128630705394191,33,234,0.123595505617978,55,346,0.13715710723192,72,424,0.145161290322581,95,508,0.157545605306799,113,598,0.158931082981716,130,710,0.154761904761905,134,735,0.154200230149597,134,735,0.154200230149597
"4752","66843623","66843623-2012-08-15",100,80,2012-08-15,"HA1",2012,"M","NotAdult",0,0,1,4,0.2,1,7,0.125,1,10,0.0909090909090909,1,12,0.0769230769230769,2,17,0.105263157894737,3,21,0.125,3,21,0.125,3,26,0.103448275862069,4,31,0.114285714285714,4,31,0.114285714285714,8,45,0.150943396226415,9,55,0.140625,11,63,0.148648648648649,13,76,0.146067415730337,17,94,0.153153153153153,18,115,0.135338345864662,20,132,0.131578947368421
"4753","66843623","66843623-2012-09-28",100,90,2012-09-28,"HA1",2012,"M","Adult",1,1,1,3,0.25,2,11,0.153846153846154,2,16,0.111111111111111,3,23,0.115384615384615,5,39,0.113636363636364,5,41,0.108695652173913,6,47,0.113207547169811,6,55,0.0983606557377049,7,61,0.102941176470588,8,65,0.10958904109589,15,88,0.145631067961165,19,111,0.146153846153846,24,137,0.149068322981366,36,169,0.175609756097561,44,215,0.16988416988417,59,262,0.183800623052959,64,300,0.175824175824176
"4754","66843623","66843623-2012-10-24",100,70,2012-10-24,"HA1",2012,"M","Adult",0,0,2,3,0.4,6,22,0.214285714285714,7,33,0.175,10,42,0.192307692307692,13,53,0.196969696969697,15,61,0.197368421052632,16,73,0.179775280898876,17,85,0.166666666666667,21,108,0.162790697674419,22,119,0.156028368794326,30,168,0.151515151515152,40,202,0.165289256198347,47,244,0.161512027491409,58,298,0.162921348314607,69,345,0.166666666666667,86,411,0.173038229376258,90,470,0.160714285714286
"4755","66843623","66843623-2012-12-04",100,100,2012-12-04,"HA1",2012,"M","Adult",1,0,0,3,0,3,18,0.142857142857143,4,22,0.153846153846154,7,45,0.134615384615385,12,59,0.169014084507042,12,64,0.157894736842105,15,78,0.161290322580645,19,96,0.165217391304348,21,104,0.168,23,118,0.163120567375887,27,167,0.139175257731959,38,204,0.15702479338843,52,250,0.172185430463576,62,306,0.168478260869565,81,384,0.174193548387097,102,477,0.176165803108808,113,536,0.174114021571649
"4756","66843623","66843623-2012-11-22",90,80,2012-11-22,"HA1",2012,"M","Adult",0,0,4,7,0.363636363636364,9,32,0.219512195121951,16,61,0.207792207792208,17,75,0.184782608695652,22,115,0.160583941605839,23,131,0.149350649350649,24,136,0.15,27,149,0.153409090909091,32,166,0.161616161616162,35,174,0.167464114832536,43,219,0.16412213740458,53,269,0.164596273291925,68,341,0.166259168704156,89,415,0.176587301587302,106,499,0.175206611570248,118,590,0.166666666666667,120,627,0.160642570281124
"4910","66855330","66855330-2012-06-08",10,0,2012-06-08,"HA1",2012,"M","Adult",1,0,0,0,NA,2,1,0.666666666666667,2,1,0.666666666666667,2,1,0.666666666666667,2,2,0.5,2,2,0.5,2,2,0.5,2,2,0.5,2,2,0.5,2,2,0.5,2,5,0.285714285714286,2,7,0.222222222222222,2,8,0.2,2,12,0.142857142857143,2,15,0.117647058823529,2,16,0.111111111111111,2,17,0.105263157894737
"5006","66859820","66859820-2012-07-04",0,100,2012-07-04,"HA1",2012,"M","Adult",1,1,0,0,NA,0,1,0,0,3,0,0,3,0,0,4,0,0,4,0,0,5,0,0,6,0,0,8,0,0,9,0,0,16,0,1,21,0.0454545454545455,2,29,0.0645161290322581,3,37,0.075,5,45,0.1,9,54,0.142857142857143,9,59,0.132352941176471
"5007","66859820","66859820-2012-07-31",0,90,2012-07-31,"HA1",2012,"M","Adult",1,0,0,0,NA,1,4,0.2,2,7,0.222222222222222,2,7,0.222222222222222,3,8,0.272727272727273,3,10,0.230769230769231,3,11,0.214285714285714,3,14,0.176470588235294,4,19,0.173913043478261,4,20,0.166666666666667,5,29,0.147058823529412,7,37,0.159090909090909,8,46,0.148148148148148,9,58,0.134328358208955,13,77,0.144444444444444,14,89,0.135922330097087,14,95,0.128440366972477
"5008","66859820","66859820-2012-09-11",60,50,2012-09-11,"HA1",2012,"M","Adult",1,0,0,1,0,3,4,0.428571428571429,5,10,0.333333333333333,6,16,0.272727272727273,7,26,0.212121212121212,7,32,0.179487179487179,8,39,0.170212765957447,9,46,0.163636363636364,9,62,0.126760563380282,9,67,0.118421052631579,18,129,0.122448979591837,32,191,0.143497757847534,36,220,0.140625,39,239,0.140287769784173,39,239,0.140287769784173,39,239,0.140287769784173,39,239,0.140287769784173
"5031","66861012","66861012-2012-06-07",100,80,2012-06-07,"HA1",2012,"F","Adult",1,0,0,0,NA,0,0,NA,0,0,NA,0,0,NA,0,0,NA,0,0,NA,0,0,NA,0,0,NA,0,1,0,0,1,0,0,1,0,0,2,0,0,2,0,0,3,0,0,5,0,0,7,0,0,7,0
"5065","66863517","66863517-2012-06-07",40,40,2012-06-07,"HA1",2012,"F","NotAdult",0,0,0,0,NA,0,1,0,0,1,0,0,1,0,0,1,0,0,2,0,0,2,0,0,3,0,0,3,0,0,3,0,1,6,0.142857142857143,1,7,0.125,1,9,0.1,1,9,0.1,1,9,0.1,1,9,0.1,1,9,0.1
"5111","66865371","66865371-2012-06-07",10,80,2012-06-07,"HA1",2012,"M","Adult",1,0,0,0,NA,0,1,0,0,1,0,0,1,0,0,2,0,0,3,0,0,4,0,0,4,0,0,4,0,0,4,0,0,5,0,0,5,0,1,8,0.111111111111111,1,8,0.111111111111111,1,9,0.1,1,9,0.1,1,9,0.1
"5112","66865371","66865371-2012-06-19",10,10,2012-06-19,"HA1",2012,"M","Adult",1,0,1,1,0.5,1,2,0.333333333333333,2,3,0.4,2,3,0.4,2,3,0.4,2,3,0.4,2,3,0.4,2,4,0.333333333333333,2,5,0.285714285714286,2,6,0.25,2,9,0.181818181818182,2,12,0.142857142857143,2,15,0.117647058823529,3,19,0.136363636363636,4,21,0.16,5,24,0.172413793103448,6,26,0.1875
"5120","66866543","66866543-2012-09-27",50,0,2012-09-27,"HA1",2012,"F","NotAdult",0,0,0,2,0,0,4,0,0,5,0,1,17,0.0555555555555556,2,28,0.0666666666666667,3,32,0.0857142857142857,3,39,0.0714285714285714,5,47,0.0961538461538462,6,58,0.09375,8,66,0.108108108108108,14,108,0.114754098360656,25,160,0.135135135135135,29,187,0.134259259259259,33,210,0.135802469135802,44,238,0.156028368794326,50,272,0.15527950310559,60,312,0.161290322580645
"5135","66867586","66867586-2012-09-27",0,40,2012-09-27,"HA1",2012,"M","Adult",1,0,0,3,0,2,12,0.142857142857143,2,22,0.0833333333333333,2,35,0.0540540540540541,6,46,0.115384615384615,7,55,0.112903225806452,9,66,0.12,14,84,0.142857142857143,18,95,0.15929203539823,20,104,0.161290322580645,28,143,0.16374269005848,32,165,0.16243654822335,42,193,0.178723404255319,45,222,0.168539325842697,52,253,0.170491803278689,55,288,0.160349854227405,61,316,0.161803713527851
"5194","66872112","66872112-2012-10-09",0,70,2012-10-09,"HA1",2012,"M","Adult",0,0,2,2,0.5,6,16,0.272727272727273,12,23,0.342857142857143,14,33,0.297872340425532,17,48,0.261538461538462,18,55,0.246575342465753,19,68,0.218390804597701,23,78,0.227722772277228,24,93,0.205128205128205,24,98,0.19672131147541,35,145,0.194444444444444,41,180,0.18552036199095,48,227,0.174545454545455,51,269,0.159375,56,308,0.153846153846154,63,340,0.156327543424318,71,368,0.161731207289294
"5195","66872112","66872112-2012-10-23",10,70,2012-10-23,"HA1",2012,"M","Adult",1,0,4,5,0.444444444444444,13,23,0.361111111111111,14,41,0.254545454545455,16,53,0.231884057971014,19,75,0.202127659574468,19,82,0.188118811881188,22,90,0.196428571428571,27,116,0.188811188811189,34,137,0.198830409356725,35,144,0.195530726256983,44,190,0.188034188034188,51,252,0.168316831683168,56,306,0.154696132596685,65,366,0.150812064965197,73,409,0.151452282157676,82,455,0.152700186219739,86,471,0.154398563734291
"5197","66872112","66872112-2012-11-20",0,60,2012-11-20,"HA1",2012,"M","Adult",1,0,1,7,0.125,6,21,0.222222222222222,11,34,0.244444444444444,15,52,0.223880597014925,24,75,0.242424242424242,24,85,0.220183486238532,27,105,0.204545454545455,30,136,0.180722891566265,32,150,0.175824175824176,34,174,0.163461538461538,49,254,0.161716171617162,65,315,0.171052631578947,66,380,0.147982062780269,75,435,0.147058823529412,83,503,0.141638225255973,92,555,0.142194744976816,104,611,0.145454545454545
"5305","66878865","66878865-2012-06-19",80,80,2012-06-19,"HA1",2012,"M","Adult",1,0,0,1,0,1,1,0.5,1,2,0.333333333333333,1,3,0.25,1,5,0.166666666666667,1,6,0.142857142857143,1,6,0.142857142857143,1,6,0.142857142857143,1,7,0.125,1,7,0.125,1,8,0.111111111111111,2,15,0.117647058823529,2,18,0.1,4,23,0.148148148148148,4,24,0.142857142857143,5,26,0.161290322580645,5,27,0.15625
"5306","66878865","66878865-2012-07-03",70,0,2012-07-03,"HA1",2012,"M","Adult",1,0,0,0,NA,0,1,0,0,1,0,0,1,0,2,1,0.666666666666667,2,1,0.666666666666667,2,1,0.666666666666667,3,3,0.5,3,5,0.375,3,5,0.375,5,10,0.333333333333333,6,13,0.315789473684211,9,24,0.272727272727273,10,35,0.222222222222222,11,42,0.207547169811321,12,48,0.2,12,53,0.184615384615385
"5307","66878865","66878865-2012-08-14",70,0,2012-08-14,"HA1",2012,"M","Adult",1,0,1,1,0.5,1,5,0.166666666666667,1,5,0.166666666666667,1,6,0.142857142857143,3,6,0.333333333333333,3,6,0.333333333333333,3,7,0.3,4,13,0.235294117647059,4,20,0.166666666666667,4,22,0.153846153846154,6,35,0.146341463414634,7,48,0.127272727272727,10,71,0.123456790123457,12,96,0.111111111111111,13,113,0.103174603174603,16,126,0.112676056338028,16,140,0.102564102564103
"5308","66878865","66878865-2012-07-31",60,100,2012-07-31,"HA1",2012,"M","Adult",1,0,0,1,0,0,4,0,1,4,0.2,1,7,0.125,3,8,0.272727272727273,3,10,0.230769230769231,3,13,0.1875,3,15,0.166666666666667,3,17,0.15,5,19,0.208333333333333,5,36,0.121951219512195,9,49,0.155172413793103,9,54,0.142857142857143,11,64,0.146666666666667,12,78,0.133333333333333,15,87,0.147058823529412,17,96,0.150442477876106
"5309","66878865","66878865-2012-08-29",100,80,2012-08-29,"HA1",2012,"M","Adult",1,0,1,5,0.166666666666667,1,11,0.0833333333333333,1,16,0.0588235294117647,1,18,0.0526315789473684,2,25,0.0740740740740741,4,31,0.114285714285714,4,31,0.114285714285714,4,36,0.1,5,43,0.104166666666667,5,44,0.102040816326531,10,59,0.144927536231884,12,71,0.144578313253012,16,80,0.166666666666667,18,98,0.155172413793103,23,121,0.159722222222222,27,149,0.153409090909091,30,169,0.150753768844221
"5446","66883112","66883112-2012-06-06",70,100,2012-06-06,"HA1",2012,"F","Adult",0,0,0,0,NA,0,0,NA,0,0,NA,0,0,NA,0,0,NA,0,0,NA,0,0,NA,0,0,NA,0,0,NA,0,0,NA,0,0,NA,0,0,NA,0,0,NA,0,0,NA,0,0,NA,0,0,NA,0,0,NA
"5447","66883112","66883112-2012-06-19",80,100,2012-06-19,"HA1",2012,"F","Adult",1,0,0,0,NA,1,2,0.333333333333333,1,2,0.333333333333333,1,3,0.25,1,3,0.25,1,4,0.2,1,4,0.2,1,5,0.166666666666667,1,5,0.166666666666667,1,5,0.166666666666667,1,8,0.111111111111111,1,9,0.1,1,11,0.0833333333333333,2,20,0.0909090909090909,2,24,0.0769230769230769,4,24,0.142857142857143,4,24,0.142857142857143
"5503","66885846","66885846-2012-10-11",60,20,2012-10-11,"HA1",2012,"M","Adult",0,0,1,3,0.25,2,11,0.153846153846154,2,17,0.105263157894737,4,29,0.121212121212121,8,48,0.142857142857143,9,60,0.130434782608696,10,68,0.128205128205128,14,84,0.142857142857143,17,105,0.139344262295082,20,118,0.144927536231884,34,196,0.147826086956522,40,259,0.133779264214047,50,316,0.136612021857924,69,373,0.156108597285068,80,428,0.15748031496063,83,446,0.156899810964083,83,446,0.156899810964083
"5530","66887847","66887847-2012-10-10",100,40,2012-10-10,"HA1",2012,"M","Adult",1,0,1,4,0.2,4,12,0.25,6,17,0.260869565217391,7,29,0.194444444444444,8,39,0.170212765957447,10,47,0.175438596491228,15,58,0.205479452054795,18,68,0.209302325581395,18,79,0.185567010309278,20,92,0.178571428571429,29,135,0.176829268292683,35,161,0.178571428571429,39,205,0.159836065573771,45,248,0.15358361774744,54,295,0.154727793696275,72,349,0.171021377672209,78,402,0.1625
"5631","66893321","66893321-2012-12-18",100,0,2012-12-18,"HA1",2012,"M","Adult",0,0,0,6,0,5,20,0.2,6,23,0.206896551724138,8,40,0.166666666666667,9,46,0.163636363636364,10,53,0.158730158730159,13,68,0.160493827160494,14,78,0.152173913043478,16,86,0.156862745098039,17,95,0.151785714285714,24,128,0.157894736842105,30,159,0.158730158730159,39,224,0.14828897338403,54,287,0.158357771260997,69,378,0.154362416107383,92,496,0.156462585034014,106,605,0.149085794655415
"5793","67006795","67006795-2012-09-25",20,40,2012-09-25,"HA1",2012,"M","Adult",1,0,0,3,0,4,15,0.210526315789474,4,31,0.114285714285714,6,45,0.117647058823529,9,64,0.123287671232877,10,79,0.112359550561798,15,87,0.147058823529412,20,104,0.161290322580645,22,111,0.165413533834586,22,115,0.160583941605839,30,147,0.169491525423729,35,176,0.165876777251185,44,216,0.169230769230769,47,253,0.156666666666667,54,286,0.158823529411765,54,291,0.156521739130435,54,291,0.156521739130435
"5794","67006795","67006795-2012-10-09",20,40,2012-10-09,"HA1",2012,"M","Adult",0,0,0,4,0,5,19,0.208333333333333,5,37,0.119047619047619,7,52,0.11864406779661,11,79,0.122222222222222,12,99,0.108108108108108,17,107,0.137096774193548,23,126,0.154362416107383,25,139,0.152439024390244,25,145,0.147058823529412,35,193,0.153508771929825,42,234,0.152173913043478,54,284,0.159763313609467,62,332,0.157360406091371,73,377,0.162222222222222,75,382,0.164113785557987,75,382,0.164113785557987
"5813","67007587","67007587-2012-08-30",10,70,2012-08-30,"HA1",2012,"M","Adult",1,0,1,4,0.2,5,11,0.3125,6,18,0.25,7,27,0.205882352941176,7,36,0.162790697674419,7,41,0.145833333333333,8,44,0.153846153846154,10,51,0.163934426229508,10,60,0.142857142857143,10,66,0.131578947368421,15,81,0.15625,18,110,0.140625,21,138,0.132075471698113,27,166,0.139896373056995,27,184,0.127962085308057,31,206,0.130801687763713,34,212,0.138211382113821
"5873","67010314","67010314-2012-06-21",10,70,2012-06-21,"HA1",2012,"M","Adult",1,0,0,0,NA,0,2,0,0,5,0,0,9,0,0,11,0,0,12,0,1,13,0.0714285714285714,1,16,0.0588235294117647,1,19,0.05,1,19,0.05,2,23,0.08,4,30,0.117647058823529,6,33,0.153846153846154,8,39,0.170212765957447,8,42,0.16,10,47,0.175438596491228,11,47,0.189655172413793
"5878","67010536","67010536-2012-08-15",50,20,2012-08-15,"HA1",2012,"M","Adult",0,0,0,0,NA,1,3,0.25,1,5,0.166666666666667,1,9,0.1,1,16,0.0588235294117647,2,21,0.0869565217391304,2,24,0.0769230769230769,3,31,0.0882352941176471,4,40,0.0909090909090909,4,43,0.0851063829787234,10,78,0.113636363636364,15,109,0.120967741935484,16,118,0.119402985074627,19,132,0.125827814569536,21,154,0.12,22,155,0.124293785310734,22,155,0.124293785310734
"5930","67069635","67069635-2012-10-23",30,0,2012-10-23,"HA1",2012,"F","Adult",1,0,0,7,0,0,14,0,2,19,0.0952380952380952,3,33,0.0833333333333333,4,51,0.0727272727272727,4,59,0.0634920634920635,5,70,0.0666666666666667,8,84,0.0869565217391304,10,108,0.0847457627118644,12,119,0.0916030534351145,19,167,0.102150537634409,23,202,0.102222222222222,33,244,0.11913357400722,49,299,0.140804597701149,57,343,0.1425,74,403,0.155136268343816,83,458,0.153419593345656
"6249","67088367","67088367-2012-10-23",70,40,2012-10-23,"HA1",2012,"F","NotAdult",0,0,0,1,0,2,12,0.142857142857143,3,21,0.125,6,33,0.153846153846154,15,57,0.208333333333333,15,71,0.174418604651163,17,89,0.160377358490566,21,112,0.157894736842105,26,138,0.158536585365854,28,150,0.157303370786517,42,236,0.151079136690647,56,300,0.157303370786517,68,374,0.153846153846154,82,444,0.155893536121673,85,467,0.153985507246377,86,474,0.153571428571429,86,474,0.153571428571429
"6252","67088839","67088839-2012-10-23",20,60,2012-10-23,"HA1",2012,"M","Adult",1,1,1,5,0.166666666666667,6,24,0.2,10,39,0.204081632653061,11,55,0.166666666666667,20,82,0.196078431372549,23,97,0.191666666666667,24,103,0.188976377952756,28,123,0.185430463576159,34,145,0.189944134078212,38,156,0.195876288659794,51,245,0.172297297297297,58,305,0.159779614325069,62,365,0.14519906323185,72,412,0.148760330578512,83,461,0.152573529411765,86,474,0.153571428571429,86,474,0.153571428571429
"6258","67089554","67089554-2012-10-09",30,60,2012-10-09,"HA1",2012,"F","Adult",0,0,1,2,0.333333333333333,3,16,0.157894736842105,5,29,0.147058823529412,8,40,0.166666666666667,15,58,0.205479452054795,24,69,0.258064516129032,26,80,0.245283018867925,30,94,0.241935483870968,33,125,0.208860759493671,38,139,0.214689265536723,48,232,0.171428571428571,53,282,0.158208955223881,61,331,0.155612244897959,71,368,0.161731207289294,75,381,0.164473684210526,75,382,0.164113785557987,75,382,0.164113785557987
"6281","67091302","67091302-2012-08-14",10,10,2012-08-14,"HA1",2012,"F","NotAdult",0,0,1,4,0.2,2,12,0.142857142857143,3,25,0.107142857142857,3,31,0.0882352941176471,3,36,0.0769230769230769,3,36,0.0769230769230769,4,36,0.1,4,43,0.0851063829787234,4,44,0.0833333333333333,4,46,0.08,4,59,0.0634920634920635,6,72,0.0769230769230769,8,81,0.0898876404494382,11,94,0.104761904761905,14,104,0.11864406779661,17,126,0.118881118881119,18,134,0.118421052631579
"6283","67091302","67091302-2012-08-28",20,10,2012-08-28,"HA1",2012,"F","NotAdult",0,0,1,1,0.5,2,13,0.133333333333333,2,22,0.0833333333333333,2,25,0.0740740740740741,3,43,0.0652173913043478,3,45,0.0625,3,47,0.06,4,50,0.0740740740740741,4,54,0.0689655172413793,4,56,0.0666666666666667,7,77,0.0833333333333333,9,92,0.0891089108910891,13,109,0.10655737704918,20,121,0.141843971631206,24,140,0.146341463414634,27,161,0.143617021276596,29,176,0.141463414634146
"6284","67091302","67091302-2012-09-11",20,20,2012-09-11,"HA1",2012,"F","Adult",0,0,0,4,0,3,11,0.214285714285714,4,26,0.133333333333333,4,38,0.0952380952380952,6,56,0.0967741935483871,7,67,0.0945945945945946,7,71,0.0897435897435897,7,79,0.0813953488372093,9,87,0.09375,11,91,0.107843137254902,14,107,0.115702479338843,19,125,0.131944444444444,24,144,0.142857142857143,31,171,0.153465346534653,36,211,0.145748987854251,39,234,0.142857142857143,39,239,0.140287769784173
"6396","67123054","67123054-2012-08-02",70,90,2012-08-02,"HA1",2012,"M","Adult",1,0,0,1,0,1,7,0.125,1,14,0.0666666666666667,2,16,0.111111111111111,3,19,0.136363636363636,3,22,0.12,3,25,0.107142857142857,4,30,0.117647058823529,4,32,0.111111111111111,5,33,0.131578947368421,5,44,0.102040816326531,7,58,0.107692307692308,9,78,0.103448275862069,12,92,0.115384615384615,15,106,0.12396694214876,17,125,0.119718309859155,17,130,0.115646258503401
"6397","67123054","67123054-2012-08-16",80,90,2012-08-16,"HA1",2012,"M","Adult",1,0,1,2,0.333333333333333,2,12,0.142857142857143,2,19,0.0952380952380952,2,26,0.0714285714285714,3,38,0.0731707317073171,3,39,0.0714285714285714,4,40,0.0909090909090909,5,42,0.106382978723404,6,44,0.12,7,45,0.134615384615385,8,50,0.137931034482759,9,64,0.123287671232877,13,88,0.128712871287129,17,107,0.137096774193548,22,125,0.149659863945578,24,147,0.140350877192982,25,161,0.134408602150538
"6404","67124339","67124339-2012-10-11",0,70,2012-10-11,"HA1",2012,"M","Adult",0,0,2,3,0.4,6,19,0.24,12,27,0.307692307692308,14,40,0.259259259259259,17,57,0.22972972972973,18,64,0.219512195121951,20,77,0.206185567010309,24,89,0.212389380530973,25,105,0.192307692307692,25,112,0.182481751824818,37,168,0.180487804878049,44,208,0.174603174603175,52,263,0.165079365079365,56,311,0.152588555858311,62,354,0.149038461538462,71,393,0.15301724137931,79,429,0.155511811023622
"6410","67125021","67125021-2012-07-03",60,30,2012-07-03,"HA1",2012,"M","Adult",1,0,0,0,NA,1,0,1,1,0,1,1,2,0.333333333333333,2,5,0.285714285714286,2,6,0.25,3,8,0.272727272727273,3,10,0.230769230769231,4,11,0.266666666666667,5,15,0.25,7,26,0.212121212121212,10,35,0.222222222222222,12,44,0.214285714285714,12,53,0.184615384615385,12,54,0.181818181818182,12,54,0.181818181818182,12,54,0.181818181818182
"6412","67125021","67125021-2012-08-14",80,30,2012-08-14,"HA1",2012,"M","Adult",1,0,0,2,0,0,5,0,0,5,0,1,13,0.0714285714285714,4,20,0.166666666666667,5,23,0.178571428571429,5,24,0.172413793103448,6,27,0.181818181818182,7,30,0.189189189189189,7,32,0.179487179487179,7,48,0.127272727272727,9,63,0.125,12,91,0.116504854368932,14,113,0.110236220472441,16,135,0.105960264900662,17,143,0.10625,18,144,0.111111111111111
"6413","67125021","67125021-2012-07-31",100,10,2012-07-31,"HA1",2012,"M","Adult",1,0,1,0,1,2,1,0.666666666666667,2,1,0.666666666666667,3,5,0.375,3,6,0.333333333333333,3,8,0.272727272727273,3,9,0.25,4,10,0.285714285714286,4,11,0.266666666666667,4,11,0.266666666666667,6,13,0.315789473684211,6,16,0.272727272727273,7,31,0.184210526315789,8,40,0.166666666666667,11,55,0.166666666666667,14,76,0.155555555555556,15,91,0.141509433962264
"6415","67125021","67125021-2012-08-29",100,40,2012-08-29,"HA1",2012,"M","Adult",1,0,0,0,NA,1,5,0.166666666666667,1,8,0.111111111111111,2,13,0.133333333333333,3,17,0.15,4,19,0.173913043478261,6,22,0.214285714285714,8,28,0.222222222222222,8,34,0.19047619047619,9,39,0.1875,14,62,0.184210526315789,15,73,0.170454545454545,17,94,0.153153153153153,19,114,0.142857142857143,22,134,0.141025641025641,28,167,0.143589743589744,31,192,0.139013452914798
"6450","67126571","67126571-2012-06-19",60,60,2012-06-19,"HA1",2012,"F","NotAdult",0,1,0,1,0,0,2,0,0,3,0,0,3,0,0,3,0,0,5,0,0,6,0,0,8,0,1,10,0.0909090909090909,1,11,0.0833333333333333,2,19,0.0952380952380952,3,24,0.111111111111111,4,24,0.142857142857143,5,27,0.15625,6,27,0.181818181818182,6,27,0.181818181818182,6,27,0.181818181818182
"6458","67259597","67259597-2012-06-19",100,30,2012-06-19,"HA1",2012,"F","Adult",1,0,1,1,0.5,1,2,0.333333333333333,1,2,0.333333333333333,2,3,0.4,3,3,0.5,3,3,0.5,3,3,0.5,3,3,0.5,3,3,0.5,3,3,0.5,3,6,0.333333333333333,3,8,0.272727272727273,4,9,0.307692307692308,4,14,0.222222222222222,4,17,0.19047619047619,5,22,0.185185185185185,6,27,0.181818181818182
"6459","67259597","67259597-2012-07-18",90,50,2012-07-18,"HA1",2012,"F","Adult",1,0,0,0,NA,0,0,NA,0,0,NA,1,3,0.25,2,13,0.133333333333333,2,16,0.111111111111111,2,16,0.111111111111111,3,22,0.12,3,23,0.115384615384615,4,23,0.148148148148148,8,28,0.222222222222222,10,40,0.2,10,48,0.172413793103448,11,62,0.150684931506849,15,76,0.164835164835165,15,89,0.144230769230769,17,93,0.154545454545455
"6529","67276836","67276836-2012-11-08",70,60,2012-11-08,"HA1",2012,"F","NotAdult",1,0,0,8,0,5,27,0.15625,7,41,0.145833333333333,8,54,0.129032258064516,14,78,0.152173913043478,20,94,0.175438596491228,23,112,0.17037037037037,28,140,0.166666666666667,36,180,0.166666666666667,39,195,0.166666666666667,57,320,0.151193633952255,77,390,0.164882226980728,94,470,0.166666666666667,105,549,0.160550458715596,106,589,0.152517985611511,107,599,0.151558073654391,107,599,0.151558073654391
"6563","67287808","67287808-2012-08-15",90,90,2012-08-15,"HA1",2012,"F","NotAdult",0,0,0,0,NA,1,5,0.166666666666667,3,15,0.166666666666667,3,20,0.130434782608696,3,26,0.103448275862069,3,28,0.0967741935483871,3,30,0.0909090909090909,3,32,0.0857142857142857,3,33,0.0833333333333333,4,34,0.105263157894737,8,41,0.163265306122449,8,43,0.156862745098039,9,65,0.121621621621622,13,82,0.136842105263158,16,104,0.133333333333333,19,124,0.132867132867133,20,134,0.12987012987013
"6650","79610382","79610382-2012-08-16",80,10,2012-08-16,"HA1",2012,"F","Adult",0,0,0,0,NA,1,4,0.2,2,6,0.25,4,11,0.266666666666667,5,18,0.217391304347826,6,25,0.193548387096774,6,26,0.1875,6,28,0.176470588235294,6,28,0.176470588235294,7,29,0.194444444444444,9,41,0.18,11,55,0.166666666666667,12,79,0.131868131868132,17,109,0.134920634920635,20,145,0.121212121212121,23,159,0.126373626373626,25,167,0.130208333333333
"6666","79612036","79612036-2012-09-12",30,30,2012-09-12,"HA1",2012,"M","NotAdult",1,0,0,2,0,2,7,0.222222222222222,2,20,0.0909090909090909,2,34,0.0555555555555556,8,54,0.129032258064516,10,62,0.138888888888889,10,73,0.120481927710843,13,89,0.127450980392157,15,105,0.125,15,108,0.121951219512195,23,139,0.141975308641975,31,166,0.157360406091371,37,193,0.160869565217391,45,240,0.157894736842105,47,260,0.153094462540717,47,265,0.150641025641026,47,265,0.150641025641026
"6697","79614576","79614576-2012-11-20",10,30,2012-11-20,"HA1",2012,"F","Adult",0,0,1,9,0.1,4,34,0.105263157894737,5,67,0.0694444444444444,7,84,0.0769230769230769,13,122,0.0962962962962963,13,135,0.0878378378378378,16,152,0.0952380952380952,22,187,0.105263157894737,24,209,0.103004291845494,29,222,0.115537848605578,44,266,0.141935483870968,54,309,0.148760330578512,65,371,0.149082568807339,79,457,0.147388059701493,91,526,0.147487844408428,105,599,0.149147727272727,109,623,0.148907103825137
"6699","79614576","79614576-2012-12-18",10,50,2012-12-18,"HA1",2012,"F","Adult",0,0,0,5,0,6,30,0.166666666666667,11,58,0.159420289855072,19,87,0.179245283018868,29,125,0.188311688311688,29,133,0.179012345679012,34,156,0.178947368421053,36,197,0.15450643776824,39,207,0.158536585365854,45,233,0.161870503597122,63,330,0.16030534351145,82,433,0.159223300970874,87,486,0.151832460732984,99,563,0.149546827794562,114,638,0.151595744680851,133,722,0.155555555555556,134,735,0.154200230149597
"6718","79615341","79615341-2012-12-18",20,10,2012-12-18,"HA1",2012,"M","Adult",0,1,3,6,0.333333333333333,6,39,0.133333333333333,8,75,0.0963855421686747,11,95,0.10377358490566,15,141,0.0961538461538462,17,152,0.100591715976331,17,159,0.0965909090909091,21,180,0.104477611940299,24,196,0.109090909090909,27,209,0.114406779661017,36,260,0.121621621621622,48,311,0.133704735376045,65,373,0.148401826484018,83,456,0.153988868274583,102,562,0.153614457831325,124,671,0.155974842767296,130,710,0.154761904761905
"6750","79617035","79617035-2012-10-09",100,0,2012-10-09,"HA1",2012,"F","Adult",0,0,0,1,0,3,8,0.272727272727273,4,8,0.333333333333333,5,19,0.208333333333333,5,22,0.185185185185185,6,25,0.193548387096774,8,36,0.181818181818182,9,42,0.176470588235294,9,46,0.163636363636364,10,50,0.166666666666667,13,65,0.166666666666667,16,79,0.168421052631579,20,111,0.152671755725191,28,154,0.153846153846154,35,199,0.14957264957265,47,258,0.154098360655738,54,315,0.146341463414634
"6774","79618628","79618628-2012-09-27",100,50,2012-09-27,"HA1",2012,"M","Adult",1,1,0,0,NA,0,4,0,1,8,0.111111111111111,3,16,0.157894736842105,4,30,0.117647058823529,4,35,0.102564102564103,7,49,0.125,7,57,0.109375,8,65,0.10958904109589,11,75,0.127906976744186,17,97,0.149122807017544,22,135,0.140127388535032,26,157,0.14207650273224,30,188,0.137614678899083,39,229,0.145522388059701,55,271,0.168711656441718,59,307,0.16120218579235
"6779","79618812","79618812-2012-08-14",50,40,2012-08-14,"HA1",2012,"M","Adult",0,0,0,1,0,0,2,0,0,7,0,0,9,0,3,18,0.142857142857143,3,22,0.12,3,25,0.107142857142857,3,30,0.0909090909090909,4,44,0.0833333333333333,6,45,0.117647058823529,11,81,0.119565217391304,15,114,0.116279069767442,17,137,0.11038961038961,18,144,0.111111111111111,18,144,0.111111111111111,18,144,0.111111111111111,18,144,0.111111111111111
"6780","79618812","79618812-2012-08-28",90,70,2012-08-28,"HA1",2012,"M","Adult",0,0,0,3,0,0,7,0,2,15,0.117647058823529,2,19,0.0952380952380952,4,28,0.125,5,31,0.138888888888889,5,33,0.131578947368421,7,41,0.145833333333333,7,48,0.127272727272727,7,50,0.12280701754386,12,67,0.151898734177215,14,77,0.153846153846154,16,97,0.141592920353982,20,120,0.142857142857143,25,143,0.148809523809524,28,166,0.144329896907216,28,177,0.136585365853659
"6781","79618812","79618812-2012-09-11",80,60,2012-09-11,"HA1",2012,"M","Adult",0,0,1,1,0.5,2,8,0.2,3,17,0.15,4,23,0.148148148148148,4,29,0.121212121212121,5,37,0.119047619047619,6,44,0.12,7,52,0.11864406779661,11,67,0.141025641025641,12,74,0.13953488372093,16,105,0.132231404958678,20,131,0.132450331125828,24,155,0.134078212290503,34,196,0.147826086956522,38,227,0.143396226415094,39,239,0.140287769784173,39,239,0.140287769784173
"6796","79619290","79619290-2012-09-28",100,80,2012-09-28,"HA1",2012,"M","Adult",1,1,1,7,0.125,2,15,0.117647058823529,3,22,0.12,3,26,0.103448275862069,4,39,0.0930232558139535,6,49,0.109090909090909,7,49,0.125,9,58,0.134328358208955,10,67,0.12987012987013,11,72,0.132530120481928,17,103,0.141666666666667,21,126,0.142857142857143,30,152,0.164835164835165,38,185,0.170403587443946,47,232,0.168458781362007,60,276,0.178571428571429,66,318,0.171875
"6797","79619290","79619290-2012-10-09",100,90,2012-10-09,"HA1",2012,"M","Adult",1,0,2,3,0.4,5,11,0.3125,5,17,0.227272727272727,7,25,0.21875,9,41,0.18,9,44,0.169811320754717,10,52,0.161290322580645,10,60,0.142857142857143,11,68,0.139240506329114,12,72,0.142857142857143,20,97,0.170940170940171,24,121,0.16551724137931,30,148,0.168539325842697,42,183,0.186666666666667,51,232,0.180212014134276,66,282,0.189655172413793,71,325,0.179292929292929
"6866","79623028","79623028-2012-12-18",0,100,2012-12-18,"HA1",2012,"M","Adult",1,0,1,11,0.0833333333333333,3,30,0.0909090909090909,6,42,0.125,7,54,0.114754098360656,11,62,0.150684931506849,11,66,0.142857142857143,19,87,0.179245283018868,25,102,0.196850393700787,27,112,0.194244604316547,30,129,0.188679245283019,42,166,0.201923076923077,50,219,0.185873605947955,57,280,0.169139465875371,70,361,0.162412993039443,82,460,0.151291512915129,101,562,0.152337858220211,117,643,0.153947368421053
"6888","79623797","79623797-2012-08-30",10,40,2012-08-30,"HA1",2012,"M","Adult",1,0,1,1,0.5,1,15,0.0625,1,22,0.0434782608695652,2,27,0.0689655172413793,3,46,0.0612244897959184,3,50,0.0566037735849057,5,60,0.0769230769230769,8,72,0.1,8,80,0.0909090909090909,12,88,0.12,15,105,0.125,18,118,0.132352941176471,22,136,0.139240506329114,26,159,0.140540540540541,28,183,0.132701421800948,34,209,0.139917695473251,34,212,0.138211382113821
"6890","79623797","79623797-2012-11-20",0,90,2012-11-20,"HA1",2012,"M","Adult",0,0,1,7,0.125,4,32,0.111111111111111,9,45,0.166666666666667,12,50,0.193548387096774,18,68,0.209302325581395,20,74,0.212765957446809,22,85,0.205607476635514,29,105,0.216417910447761,32,114,0.219178082191781,34,121,0.219354838709677,42,168,0.2,48,215,0.182509505703422,58,274,0.174698795180723,64,348,0.155339805825243,76,436,0.1484375,88,521,0.144499178981938,97,568,0.145864661654135
"6891","79623797","79623797-2012-11-08",30,50,2012-11-08,"HA1",2012,"M","Adult",0,0,0,7,0,4,30,0.117647058823529,9,47,0.160714285714286,10,58,0.147058823529412,21,83,0.201923076923077,27,103,0.207692307692308,28,115,0.195804195804196,35,155,0.184210526315789,44,195,0.184100418410042,46,209,0.180392156862745,66,340,0.16256157635468,81,453,0.151685393258427,90,505,0.151260504201681,100,574,0.148367952522255,107,599,0.151558073654391,107,599,0.151558073654391,107,599,0.151558073654391
"6892","79623797","79623797-2012-12-04",0,60,2012-12-04,"HA1",2012,"M","Adult",0,0,1,8,0.111111111111111,6,23,0.206896551724138,11,37,0.229166666666667,15,55,0.214285714285714,24,80,0.230769230769231,24,90,0.210526315789474,28,112,0.2,32,146,0.179775280898876,34,160,0.175257731958763,36,185,0.16289592760181,52,270,0.161490683229814,70,336,0.172413793103448,73,404,0.153039832285115,82,463,0.15045871559633,93,536,0.14785373608903,106,593,0.151645207439199,119,655,0.15374677002584
"6893","79623797","79623797-2012-12-18",10,90,2012-12-18,"HA1",2012,"M","Adult",0,0,3,12,0.2,9,39,0.1875,11,66,0.142857142857143,17,81,0.173469387755102,27,112,0.194244604316547,27,116,0.188811188811189,32,125,0.203821656050955,39,150,0.206349206349206,42,155,0.213197969543147,43,165,0.206730769230769,51,223,0.186131386861314,64,290,0.180790960451977,72,362,0.165898617511521,84,466,0.152727272727273,103,569,0.15327380952381,121,665,0.153944020356234,126,695,0.15347137637028
"7026","79630010","79630010-2012-09-12",40,80,2012-09-12,"HA1",2012,"F","Adult",1,0,0,0,NA,1,4,0.2,2,8,0.2,4,15,0.210526315789474,5,30,0.142857142857143,9,41,0.18,13,46,0.220338983050847,17,65,0.207317073170732,19,84,0.184466019417476,19,90,0.174311926605505,31,134,0.187878787878788,33,172,0.160975609756098,36,197,0.15450643776824,41,227,0.152985074626866,45,260,0.147540983606557,47,265,0.150641025641026,47,265,0.150641025641026
"7027","79630010","79630010-2012-09-25",10,90,2012-09-25,"HA1",2012,"F","Adult",1,1,1,4,0.2,6,14,0.3,8,27,0.228571428571429,11,34,0.244444444444444,16,42,0.275862068965517,16,44,0.266666666666667,18,48,0.272727272727273,20,59,0.253164556962025,20,61,0.246913580246914,21,65,0.244186046511628,26,93,0.218487394957983,30,124,0.194805194805195,34,151,0.183783783783784,39,193,0.168103448275862,43,232,0.156363636363636,47,265,0.150641025641026,49,279,0.149390243902439
"7028","79630010","79630010-2012-10-09",20,60,2012-10-09,"HA1",2012,"F","Adult",1,0,1,4,0.2,6,18,0.25,10,33,0.232558139534884,11,46,0.192982456140351,20,68,0.227272727272727,22,80,0.215686274509804,23,84,0.214953271028037,26,103,0.201550387596899,31,120,0.205298013245033,34,131,0.206060606060606,45,205,0.18,51,249,0.17,54,299,0.152974504249292,62,337,0.155388471177945,72,374,0.161434977578475,75,382,0.164113785557987,75,382,0.164113785557987
"7032","79630010","79630010-2012-12-04",20,70,2012-12-04,"HA1",2012,"F","Adult",1,0,2,6,0.25,10,29,0.256410256410256,18,48,0.272727272727273,23,64,0.264367816091954,29,113,0.204225352112676,32,134,0.192771084337349,33,145,0.185393258426966,45,181,0.199115044247788,51,213,0.193181818181818,53,221,0.193430656934307,65,301,0.177595628415301,76,388,0.163793103448276,87,479,0.153710247349823,104,572,0.153846153846154,117,636,0.155378486055777,124,668,0.156565656565657,124,671,0.155974842767296
"7033","79630010","79630010-2012-12-18",30,60,2012-12-18,"HA1",2012,"F","Adult",1,0,2,4,0.333333333333333,7,25,0.21875,11,48,0.186440677966102,16,67,0.192771084337349,24,101,0.192,34,123,0.21656050955414,39,143,0.214285714285714,47,170,0.216589861751152,56,222,0.201438848920863,62,250,0.198717948717949,77,426,0.153081510934394,95,528,0.152487961476726,111,623,0.151226158038147,126,697,0.153098420413123,134,729,0.155272305909618,134,735,0.154200230149597,134,735,0.154200230149597
"7052","79630102","79630102-2012-09-11",20,100,2012-09-11,"HA1",2012,"M","Adult",1,0,1,2,0.333333333333333,1,9,0.1,2,14,0.125,3,21,0.125,7,27,0.205882352941176,7,29,0.194444444444444,7,35,0.166666666666667,9,43,0.173076923076923,11,44,0.2,13,49,0.209677419354839,15,68,0.180722891566265,18,95,0.15929203539823,23,118,0.163120567375887,26,146,0.151162790697674,31,180,0.146919431279621,32,201,0.137339055793991,34,226,0.130769230769231
"7076","79630840","79630840-2012-10-09",70,70,2012-10-09,"HA1",2012,"F","NotAdult",0,0,0,4,0,0,12,0,3,24,0.111111111111111,6,38,0.136363636363636,9,62,0.126760563380282,13,67,0.1625,14,75,0.157303370786517,20,106,0.158730158730159,27,124,0.178807947019868,27,127,0.175324675324675,39,181,0.177272727272727,49,232,0.174377224199288,69,275,0.200581395348837,73,336,0.178484107579462,74,365,0.168564920273349,75,382,0.164113785557987,75,382,0.164113785557987
"7082","79631608","79631608-2012-12-19",30,100,2012-12-19,"HA1",2012,"F","Adult",1,0,5,14,0.263157894736842,9,33,0.214285714285714,11,37,0.229166666666667,12,57,0.173913043478261,17,83,0.17,23,94,0.196581196581197,25,120,0.172413793103448,29,147,0.164772727272727,34,166,0.17,37,181,0.169724770642202,57,264,0.177570093457944,63,333,0.159090909090909,81,412,0.164300202839757,101,503,0.167218543046358,109,584,0.157287157287157,125,674,0.156445556946183,132,728,0.153488372093023
"7091","79632292","79632292-2012-09-13",100,10,2012-09-13,"HA1",2012,"M","Adult",0,1,2,4,0.333333333333333,4,8,0.333333333333333,4,10,0.285714285714286,5,17,0.227272727272727,6,24,0.2,6,27,0.181818181818182,6,31,0.162162162162162,8,35,0.186046511627907,8,38,0.173913043478261,8,38,0.173913043478261,11,45,0.196428571428571,14,65,0.177215189873418,17,95,0.151785714285714,21,124,0.144827586206897,26,164,0.136842105263158,33,217,0.132,40,252,0.136986301369863
"7190","79637279","79637279-2012-09-12",0,100,2012-09-12,"HA1",2012,"M","Adult",1,0,1,4,0.2,2,10,0.166666666666667,3,14,0.176470588235294,4,19,0.173913043478261,8,21,0.275862068965517,8,23,0.258064516129032,9,27,0.25,11,33,0.25,12,36,0.25,13,42,0.236363636363636,16,58,0.216216216216216,20,80,0.2,22,101,0.178861788617886,28,134,0.172839506172839,32,168,0.16,38,204,0.15702479338843,40,233,0.146520146520147
"7191","79637279","79637279-2012-09-27",0,80,2012-09-27,"HA1",2012,"M","Adult",1,0,0,2,0,7,9,0.4375,13,18,0.419354838709677,14,30,0.318181818181818,18,40,0.310344827586207,20,48,0.294117647058824,20,50,0.285714285714286,20,57,0.25974025974026,25,69,0.265957446808511,25,73,0.255102040816327,31,106,0.226277372262774,35,131,0.210843373493976,40,164,0.196078431372549,46,211,0.178988326848249,51,250,0.169435215946844,54,283,0.160237388724036,55,300,0.154929577464789
"7213","79638027","79638027-2012-12-19",0,20,2012-12-19,"HA1",2012,"M","Adult",0,0,0,13,0,3,47,0.06,7,71,0.0897435897435897,9,99,0.0833333333333333,17,123,0.121428571428571,18,135,0.117647058823529,19,144,0.116564417177914,19,159,0.106741573033708,21,189,0.1,23,205,0.100877192982456,38,256,0.129251700680272,52,311,0.143250688705234,63,356,0.15035799522673,78,428,0.154150197628458,95,526,0.152979066022544,107,615,0.14819944598338,125,693,0.15281173594132
"7218","79638280","79638280-2012-09-27",30,60,2012-09-27,"HA1",2012,"F","Adult",1,1,0,2,0,2,15,0.117647058823529,4,26,0.133333333333333,6,34,0.15,12,51,0.19047619047619,21,61,0.25609756097561,22,71,0.236559139784946,26,80,0.245283018867925,29,101,0.223076923076923,34,113,0.231292517006803,44,192,0.186440677966102,49,235,0.172535211267606,53,278,0.16012084592145,57,308,0.156164383561644,61,319,0.160526315789474,61,319,0.160526315789474,61,319,0.160526315789474
"7243","79638791","79638791-2012-08-30",90,80,2012-08-30,"HA1",2012,"M","Adult",1,0,0,2,0,1,16,0.0588235294117647,2,25,0.0740740740740741,2,28,0.0666666666666667,4,40,0.0909090909090909,4,46,0.08,4,48,0.0769230769230769,5,51,0.0892857142857143,8,56,0.125,9,57,0.136363636363636,11,66,0.142857142857143,14,84,0.142857142857143,17,104,0.140495867768595,23,129,0.151315789473684,28,157,0.151351351351351,32,187,0.146118721461187,33,201,0.141025641025641
"7247","79638837","79638837-2012-10-09",100,80,2012-10-09,"HA1",2012,"M","Adult",0,0,2,7,0.222222222222222,5,17,0.227272727272727,7,24,0.225806451612903,7,29,0.194444444444444,8,43,0.156862745098039,10,54,0.15625,11,54,0.169230769230769,13,65,0.166666666666667,14,74,0.159090909090909,15,80,0.157894736842105,22,111,0.165413533834586,27,137,0.164634146341463,36,166,0.178217821782178,44,202,0.178861788617886,54,252,0.176470588235294,67,298,0.183561643835616,73,343,0.175480769230769
"7248","79638837","79638837-2012-10-23",100,90,2012-10-23,"HA1",2012,"M","Adult",0,0,2,4,0.333333333333333,5,15,0.25,6,23,0.206896551724138,9,31,0.225,12,49,0.19672131147541,12,52,0.1875,14,63,0.181818181818182,14,76,0.155555555555556,15,85,0.15,16,90,0.150943396226415,25,128,0.163398692810458,29,154,0.158469945355191,36,186,0.162162162162162,49,233,0.173758865248227,60,293,0.169971671388102,75,355,0.174418604651163,81,405,0.166666666666667
"7249","79638837","79638837-2012-11-06",90,90,2012-11-06,"HA1",2012,"M","Adult",0,0,1,2,0.333333333333333,5,25,0.166666666666667,8,47,0.145454545454545,12,63,0.16,14,81,0.147368421052632,14,86,0.14,14,98,0.125,16,116,0.121212121212121,16,127,0.111888111888112,18,131,0.120805369127517,30,160,0.157894736842105,39,200,0.163179916317992,50,245,0.169491525423729,65,317,0.170157068062827,85,393,0.177824267782427,96,471,0.169312169312169,100,509,0.164203612479475
"7260","79639272","79639272-2012-10-10",0,90,2012-10-10,"HA1",2012,"M","Adult",0,0,1,5,0.166666666666667,4,23,0.148148148148148,9,32,0.219512195121951,11,36,0.234042553191489,16,47,0.253968253968254,17,50,0.253731343283582,17,56,0.232876712328767,23,66,0.258426966292135,24,73,0.247422680412371,25,79,0.240384615384615,32,113,0.220689655172414,36,149,0.194594594594595,45,191,0.190677966101695,49,241,0.168965517241379,58,293,0.165242165242165,64,344,0.156862745098039,72,373,0.161797752808989
"7261","79639272","79639272-2012-10-23",0,80,2012-10-23,"HA1",2012,"M","Adult",0,0,0,5,0,7,20,0.259259259259259,13,32,0.288888888888889,14,47,0.229508196721311,18,62,0.225,20,71,0.21978021978022,20,76,0.208333333333333,20,83,0.194174757281553,27,101,0.2109375,29,108,0.211678832116788,36,152,0.191489361702128,41,190,0.177489177489178,49,238,0.170731707317073,57,305,0.157458563535912,63,359,0.149289099526066,72,411,0.149068322981366,80,441,0.153550863723608
"7263","79639272","79639272-2012-11-20",10,90,2012-11-20,"HA1",2012,"M","Adult",0,0,2,10,0.166666666666667,8,31,0.205128205128205,10,55,0.153846153846154,16,68,0.19047619047619,26,92,0.220338983050847,26,96,0.213114754098361,30,105,0.222222222222222,36,128,0.219512195121951,38,133,0.222222222222222,39,139,0.219101123595506,46,186,0.198275862068966,57,246,0.188118811881188,62,307,0.168021680216802,71,396,0.15203426124197,83,486,0.145869947275923,97,567,0.146084337349398,102,594,0.146551724137931
"7277","79639579","79639579-2012-08-14",80,100,2012-08-14,"HA1",2012,"F","Adult",1,1,0,4,0,1,10,0.0909090909090909,1,12,0.0769230769230769,1,16,0.0588235294117647,1,20,0.0476190476190476,1,23,0.0416666666666667,1,25,0.0384615384615385,2,30,0.0625,3,31,0.0882352941176471,3,31,0.0882352941176471,4,38,0.0952380952380952,6,44,0.12,6,55,0.0983606557377049,10,81,0.10989010989011,11,96,0.102803738317757,14,113,0.110236220472441,16,123,0.115107913669065
"7321","79769626","79769626-2012-10-09",40,80,2012-10-09,"HA1",2012,"F","Adult",1,0,1,1,0.5,3,6,0.333333333333333,4,12,0.25,6,24,0.2,12,47,0.203389830508475,17,63,0.2125,21,71,0.228260869565217,29,98,0.228346456692913,33,121,0.214285714285714,34,131,0.206060606060606,48,199,0.194331983805668,54,247,0.179401993355482,61,284,0.176811594202899,68,327,0.172151898734177,72,374,0.161434977578475,75,382,0.164113785557987,75,382,0.164113785557987
"7322","79769830","79769830-2012-09-11",90,40,2012-09-11,"HA1",2012,"F","Adult",0,1,0,1,0,0,7,0,2,16,0.111111111111111,2,17,0.105263157894737,5,25,0.166666666666667,5,28,0.151515151515152,6,33,0.153846153846154,8,44,0.153846153846154,10,51,0.163934426229508,12,57,0.173913043478261,15,78,0.161290322580645,17,103,0.141666666666667,21,133,0.136363636363636,26,163,0.137566137566138,33,203,0.139830508474576,37,235,0.136029411764706,39,239,0.140287769784173
"7328","79770053","79770053-2012-10-25",10,20,2012-10-25,"HA1",2012,"M","Adult",0,0,0,7,0,2,40,0.0476190476190476,6,66,0.0833333333333333,9,80,0.101123595505618,11,110,0.0909090909090909,12,125,0.0875912408759124,12,134,0.0821917808219178,14,148,0.0864197530864197,15,157,0.0872093023255814,17,165,0.0934065934065934,32,210,0.132231404958678,41,243,0.144366197183099,50,289,0.147492625368732,57,348,0.140740740740741,72,425,0.144869215291751,86,499,0.147008547008547,92,524,0.149350649350649
"7343","79770535","79770535-2012-08-30",100,10,2012-08-30,"HA1",2012,"F","NotAdult",0,0,2,2,0.5,4,6,0.4,4,6,0.4,5,13,0.277777777777778,5,19,0.208333333333333,5,22,0.185185185185185,5,25,0.166666666666667,6,27,0.181818181818182,6,29,0.171428571428571,6,29,0.171428571428571,9,35,0.204545454545455,12,45,0.210526315789474,15,71,0.174418604651163,17,90,0.158878504672897,20,124,0.138888888888889,25,165,0.131578947368421,28,193,0.126696832579186
"7345","79770603","79770603-2012-08-29",30,90,2012-08-29,"HA1",2012,"M","NotAdult",0,0,0,0,NA,0,4,0,1,4,0.2,3,10,0.230769230769231,6,18,0.25,7,22,0.241379310344828,7,27,0.205882352941176,10,35,0.222222222222222,12,38,0.24,12,44,0.214285714285714,14,71,0.164705882352941,20,93,0.176991150442478,21,116,0.153284671532847,23,146,0.136094674556213,25,163,0.132978723404255,30,189,0.136986301369863,32,194,0.141592920353982
"7346","79770603","79770603-2012-09-11",40,100,2012-09-11,"HA1",2012,"M","Adult",0,1,0,3,0,0,12,0,1,14,0.0666666666666667,3,18,0.142857142857143,4,21,0.16,4,24,0.142857142857143,4,31,0.114285714285714,5,41,0.108695652173913,8,46,0.148148148148148,10,54,0.15625,18,90,0.166666666666667,21,117,0.152173913043478,27,139,0.162650602409639,27,160,0.144385026737968,29,186,0.134883720930233,34,213,0.137651821862348,39,238,0.140794223826715
"7358","79771081","79771081-2012-08-29",40,100,2012-08-29,"HA1",2012,"F","NotAdult",0,0,0,0,NA,0,5,0,1,5,0.166666666666667,3,7,0.3,4,10,0.285714285714286,4,11,0.266666666666667,4,17,0.19047619047619,5,25,0.166666666666667,7,29,0.194444444444444,9,35,0.204545454545455,15,66,0.185185185185185,17,89,0.160377358490566,22,107,0.170542635658915,22,124,0.150684931506849,23,146,0.136094674556213,27,173,0.135,32,194,0.141592920353982
"7369","79772013","79772013-2012-10-25",30,50,2012-10-25,"HA1",2012,"M","Adult",0,0,0,5,0,3,27,0.1,8,43,0.156862745098039,9,52,0.147540983606557,18,76,0.191489361702128,23,93,0.198275862068966,24,105,0.186046511627907,31,139,0.182352941176471,39,176,0.181395348837209,40,188,0.175438596491228,57,306,0.15702479338843,70,406,0.147058823529412,78,453,0.146892655367232,88,515,0.145936981757877,94,536,0.149206349206349,94,536,0.149206349206349,94,536,0.149206349206349
"7370","79772013","79772013-2012-11-07",30,50,2012-11-07,"HA1",2012,"M","Adult",0,0,0,6,0,4,28,0.125,9,45,0.166666666666667,10,54,0.15625,21,79,0.21,27,99,0.214285714285714,28,111,0.201438848920863,35,147,0.192307692307692,44,187,0.19047619047619,46,200,0.186991869918699,64,327,0.163682864450128,78,434,0.15234375,86,482,0.151408450704225,96,549,0.148837209302326,103,573,0.152366863905325,103,573,0.152366863905325,103,573,0.152366863905325
"7371","79772013","79772013-2012-11-21",0,90,2012-11-21,"HA1",2012,"M","Adult",0,0,1,8,0.111111111111111,4,34,0.105263157894737,9,48,0.157894736842105,12,53,0.184615384615385,18,71,0.202247191011236,20,77,0.206185567010309,22,89,0.198198198198198,29,110,0.20863309352518,32,119,0.211920529801325,34,126,0.2125,42,176,0.192660550458716,48,224,0.176470588235294,59,284,0.17201166180758,67,359,0.157276995305164,81,449,0.152830188679245,94,535,0.149443561208267,103,583,0.150145772594752
"7372","79772013","79772013-2012-12-04",10,20,2012-12-04,"HA1",2012,"M","Adult",0,0,0,10,0,4,53,0.0701754385964912,9,83,0.0978260869565217,12,99,0.108108108108108,14,134,0.0945945945945946,15,152,0.0898203592814371,16,162,0.0898876404494382,19,180,0.0954773869346734,20,192,0.0943396226415094,22,202,0.0982142857142857,40,258,0.134228187919463,55,298,0.155807365439093,64,353,0.15347721822542,76,427,0.151093439363817,94,527,0.151368760064412,115,619,0.156675749318801,121,653,0.156330749354005
"7401","79774854","79774854-2012-08-29",50,50,2012-08-29,"HA1",2012,"F","Adult",1,1,0,0,NA,2,6,0.25,3,9,0.25,4,14,0.222222222222222,4,21,0.16,4,27,0.129032258064516,6,33,0.153846153846154,9,44,0.169811320754717,9,54,0.142857142857143,10,58,0.147058823529412,17,108,0.136,28,172,0.14,30,189,0.136986301369863,32,194,0.141592920353982,32,194,0.141592920353982,32,194,0.141592920353982,32,194,0.141592920353982
"7421","79775849","79775849-2012-09-27",90,30,2012-09-27,"HA1",2012,"F","Adult",1,0,0,3,0,2,13,0.133333333333333,4,24,0.142857142857143,5,26,0.161290322580645,9,35,0.204545454545455,10,39,0.204081632653061,10,45,0.181818181818182,12,54,0.181818181818182,13,64,0.168831168831169,13,72,0.152941176470588,17,94,0.153153153153153,20,122,0.140845070422535,25,164,0.132275132275132,33,216,0.132530120481928,44,261,0.144262295081967,58,303,0.160664819944598,60,312,0.161290322580645
"7422","79775849","79775849-2012-10-09",100,40,2012-10-09,"HA1",2012,"F","Adult",1,0,1,3,0.25,4,11,0.266666666666667,6,16,0.272727272727273,7,27,0.205882352941176,8,36,0.181818181818182,10,43,0.188679245283019,14,53,0.208955223880597,17,62,0.215189873417722,17,72,0.191011235955056,19,82,0.188118811881188,27,121,0.182432432432432,32,147,0.17877094972067,36,187,0.161434977578475,42,226,0.156716417910448,51,269,0.159375,67,321,0.172680412371134,73,371,0.164414414414414
"7423","79775849","79775849-2012-10-23",100,20,2012-10-23,"HA1",2012,"F","Adult",0,0,1,6,0.142857142857143,5,24,0.172413793103448,7,30,0.189189189189189,9,44,0.169811320754717,10,52,0.161290322580645,10,60,0.142857142857143,11,63,0.148648648648649,12,70,0.146341463414634,14,78,0.152173913043478,15,86,0.148514851485149,21,120,0.148936170212766,31,160,0.162303664921466,37,193,0.160869565217391,44,246,0.151724137931034,54,316,0.145945945945946,63,380,0.142212189616253,78,436,0.151750972762646
"7424","79775849","79775849-2012-11-06",80,60,2012-11-06,"HA1",2012,"F","Adult",1,0,1,4,0.2,2,25,0.0740740740740741,6,44,0.12,10,57,0.149253731343284,15,79,0.159574468085106,19,101,0.158333333333333,22,111,0.165413533834586,27,132,0.169811320754717,34,165,0.170854271356784,37,182,0.168949771689498,48,256,0.157894736842105,61,319,0.160526315789474,75,378,0.165562913907285,94,454,0.171532846715328,101,532,0.15955766192733,102,558,0.154545454545455,102,558,0.154545454545455
"7425","79775849","79775849-2012-11-20",80,40,2012-11-20,"HA1",2012,"F","Adult",0,0,1,5,0.166666666666667,4,18,0.181818181818182,7,36,0.162790697674419,11,59,0.157142857142857,16,95,0.144144144144144,21,114,0.155555555555556,24,125,0.161073825503356,28,147,0.16,38,175,0.178403755868545,39,189,0.171052631578947,50,262,0.16025641025641,61,341,0.151741293532338,76,423,0.152304609218437,94,510,0.155629139072848,106,603,0.14950634696756,109,625,0.14850136239782,109,625,0.14850136239782
"7455","79776883","79776883-2012-10-24",100,90,2012-10-24,"HA1",2012,"M","Adult",1,0,2,6,0.25,5,17,0.227272727272727,6,25,0.193548387096774,9,33,0.214285714285714,12,51,0.19047619047619,12,54,0.181818181818182,14,66,0.175,14,80,0.148936170212766,15,89,0.144230769230769,16,94,0.145454545454545,25,133,0.158227848101266,30,160,0.157894736842105,38,196,0.162393162393162,51,246,0.171717171717172,63,309,0.169354838709677,78,375,0.172185430463576,85,428,0.165692007797271
"7456","79776883","79776883-2012-11-07",90,80,2012-11-07,"HA1",2012,"M","Adult",1,0,1,4,0.2,6,28,0.176470588235294,11,53,0.171875,11,66,0.142857142857143,15,98,0.132743362831858,15,112,0.118110236220472,16,117,0.120300751879699,18,129,0.122448979591837,23,144,0.137724550898204,26,151,0.146892655367232,34,187,0.153846153846154,42,231,0.153846153846154,55,292,0.15850144092219,74,359,0.170900692840647,90,435,0.171428571428571,101,514,0.164227642276423,102,547,0.157164869029276
"7493","79778567","79778567-2012-10-10",10,0,2012-10-10,"HA1",2012,"F","Adult",1,0,0,5,0,2,20,0.0909090909090909,4,30,0.117647058823529,4,42,0.0869565217391304,4,59,0.0634920634920635,5,63,0.0735294117647059,6,71,0.0779220779220779,7,79,0.0813953488372093,7,86,0.0752688172043011,9,92,0.0891089108910891,12,119,0.0916030534351145,19,153,0.11046511627907,27,187,0.126168224299065,38,219,0.147859922178988,46,256,0.152317880794702,58,318,0.154255319148936,69,368,0.157894736842105
"7512","79779379","79779379-2012-08-28",100,20,2012-08-28,"HA1",2012,"M","Adult",1,1,0,4,0,3,11,0.214285714285714,4,13,0.235294117647059,4,14,0.222222222222222,4,19,0.173913043478261,4,23,0.148148148148148,4,23,0.148148148148148,4,27,0.129032258064516,6,30,0.166666666666667,7,30,0.189189189189189,9,40,0.183673469387755,12,60,0.166666666666667,12,72,0.142857142857143,14,91,0.133333333333333,19,122,0.134751773049645,22,149,0.128654970760234,26,172,0.131313131313131
"7545","79781605","79781605-2012-10-09",60,40,2012-10-09,"HA1",2012,"F","Adult",1,0,0,2,0,2,9,0.181818181818182,4,15,0.210526315789474,8,25,0.242424242424242,9,45,0.166666666666667,12,59,0.169014084507042,14,67,0.172839506172839,16,86,0.156862745098039,18,102,0.15,19,113,0.143939393939394,39,209,0.157258064516129,54,277,0.163141993957704,68,346,0.164251207729469,74,375,0.164810690423163,75,382,0.164113785557987,75,382,0.164113785557987,75,382,0.164113785557987
"7562","79782524","79782524-2012-10-24",40,100,2012-10-24,"HA1",2012,"F","Adult",1,0,1,7,0.125,7,23,0.233333333333333,8,27,0.228571428571429,11,41,0.211538461538462,13,50,0.206349206349206,13,56,0.188405797101449,14,68,0.170731707317073,18,87,0.171428571428571,23,102,0.184,26,121,0.17687074829932,42,192,0.179487179487179,51,238,0.176470588235294,65,294,0.181058495821727,71,335,0.17487684729064,77,397,0.162447257383966,84,446,0.158490566037736,91,499,0.154237288135593
"7563","79782524","79782524-2012-11-07",80,70,2012-11-07,"HA1",2012,"F","Adult",0,0,0,4,0,3,26,0.103448275862069,4,46,0.08,8,64,0.111111111111111,18,101,0.151260504201681,21,118,0.151079136690647,23,131,0.149350649350649,27,153,0.15,32,174,0.155339805825243,33,178,0.156398104265403,44,241,0.154385964912281,58,306,0.159340659340659,75,370,0.168539325842697,93,444,0.173184357541899,101,522,0.162118780096308,102,564,0.153153153153153,103,573,0.152366863905325
"7565","79782524","79782524-2012-11-21",100,100,2012-11-21,"HA1",2012,"F","Adult",0,0,0,2,0,2,16,0.111111111111111,3,19,0.136363636363636,6,41,0.127659574468085,9,54,0.142857142857143,9,59,0.132352941176471,12,72,0.142857142857143,16,89,0.152380952380952,17,97,0.149122807017544,18,109,0.141732283464567,20,155,0.114285714285714,31,192,0.139013452914798,44,237,0.156583629893238,54,290,0.156976744186047,73,364,0.167048054919908,94,453,0.171846435100548,105,509,0.171009771986971
"7566","79782524","79782524-2012-12-18",90,90,2012-12-18,"HA1",2012,"F","Adult",1,1,1,4,0.2,9,36,0.2,14,73,0.160919540229885,18,92,0.163636363636364,23,118,0.163120567375887,23,124,0.156462585034014,24,140,0.146341463414634,27,165,0.140625,28,179,0.135265700483092,30,186,0.138888888888889,42,222,0.159090909090909,53,270,0.164086687306502,66,331,0.16624685138539,86,423,0.168958742632613,109,523,0.17246835443038,123,626,0.164218958611482,129,672,0.161048689138577
"7588","79783063","79783063-2012-11-07",100,100,2012-11-07,"HA1",2012,"F","Adult",1,0,0,0,NA,2,14,0.125,3,17,0.15,6,36,0.142857142857143,8,45,0.150943396226415,8,49,0.140350877192982,10,62,0.138888888888889,14,78,0.152173913043478,14,84,0.142857142857143,15,95,0.136363636363636,17,137,0.11038961038961,28,170,0.141414141414141,40,208,0.161290322580645,50,255,0.163934426229508,66,322,0.170103092783505,85,404,0.173824130879346,95,454,0.17304189435337
"7589","79783063","79783063-2012-12-06",100,90,2012-12-06,"HA1",2012,"F","Adult",0,0,3,13,0.1875,6,34,0.15,10,46,0.178571428571429,13,60,0.178082191780822,16,88,0.153846153846154,18,94,0.160714285714286,21,110,0.16030534351145,23,130,0.150326797385621,24,143,0.143712574850299,25,150,0.142857142857143,35,204,0.146443514644351,44,245,0.152249134948097,55,293,0.158045977011494,74,369,0.167042889390519,91,456,0.16636197440585,109,543,0.167177914110429,119,617,0.161684782608696
"7590","79783063","79783063-2012-12-19",100,90,2012-12-19,"HA1",2012,"F","Adult",0,0,3,14,0.176470588235294,9,36,0.2,13,48,0.213114754098361,16,62,0.205128205128205,19,91,0.172727272727273,21,97,0.177966101694915,24,115,0.172661870503597,26,135,0.161490683229814,27,148,0.154285714285714,28,158,0.150537634408602,38,214,0.150793650793651,47,256,0.155115511551155,59,307,0.16120218579235,78,385,0.168466522678186,95,477,0.166083916083916,115,570,0.167883211678832,125,646,0.162127107652399
"7591","79783071","79783071-2012-10-09",0,40,2012-10-09,"HA1",2012,"F","NotAdult",0,1,0,4,0,2,15,0.117647058823529,2,25,0.0740740740740741,2,42,0.0454545454545455,6,56,0.0967741935483871,7,65,0.0972222222222222,10,78,0.113636363636364,15,97,0.133928571428571,20,109,0.155038759689922,22,122,0.152777777777778,30,167,0.152284263959391,35,195,0.152173913043478,46,228,0.167883211678832,49,263,0.157051282051282,56,304,0.155555555555556,63,344,0.154791154791155,73,379,0.161504424778761
"7622","79785369","79785369-2012-10-10",30,10,2012-10-10,"HA1",2012,"M","NotAdult",0,0,0,3,0,3,19,0.136363636363636,3,31,0.0882352941176471,4,40,0.0909090909090909,5,59,0.078125,6,68,0.0810810810810811,7,80,0.0804597701149425,10,107,0.0854700854700855,14,120,0.104477611940299,14,127,0.099290780141844,19,167,0.102150537634409,28,206,0.11965811965812,41,239,0.146428571428571,52,297,0.148997134670487,65,343,0.159313725490196,77,400,0.161425576519916,80,414,0.161943319838057
"7659","79786360","79786360-2012-08-28",30,10,2012-08-28,"HA1",2012,"F","NotAdult",0,0,0,2,0,1,7,0.125,1,15,0.0625,2,21,0.0869565217391304,2,28,0.0666666666666667,2,33,0.0571428571428571,2,37,0.0512820512820513,4,50,0.0740740740740741,6,56,0.0967741935483871,6,62,0.0882352941176471,7,82,0.0786516853932584,12,102,0.105263157894737,16,116,0.121212121212121,21,133,0.136363636363636,23,150,0.132947976878613,28,171,0.14070351758794,29,181,0.138095238095238
"7660","79786360","79786360-2012-08-15",20,0,2012-08-15,"HA1",2012,"F","NotAdult",0,0,0,1,0,1,7,0.125,2,14,0.125,3,21,0.125,3,27,0.1,3,35,0.0789473684210526,3,36,0.0769230769230769,3,40,0.0697674418604651,3,42,0.0666666666666667,3,45,0.0625,6,58,0.09375,7,74,0.0864197530864197,7,86,0.0752688172043011,11,98,0.100917431192661,16,113,0.124031007751938,18,127,0.124137931034483,20,141,0.124223602484472
"7662","79786360","79786360-2012-09-11",30,30,2012-09-11,"HA1",2012,"F","Adult",0,0,0,1,0,1,6,0.142857142857143,1,17,0.0555555555555556,1,31,0.03125,7,46,0.132075471698113,9,54,0.142857142857143,9,65,0.121621621621622,11,81,0.119565217391304,13,95,0.12037037037037,13,98,0.117117117117117,19,128,0.129251700680272,25,151,0.142045454545455,30,177,0.144927536231884,37,217,0.145669291338583,39,234,0.142857142857143,39,239,0.140287769784173,39,239,0.140287769784173
"7670","79786569","79786569-2012-09-27",60,100,2012-09-27,"HA1",2012,"M","Adult",0,0,1,5,0.166666666666667,1,16,0.0588235294117647,3,21,0.125,5,33,0.131578947368421,8,41,0.163265306122449,8,44,0.153846153846154,12,51,0.19047619047619,12,57,0.173913043478261,12,62,0.162162162162162,14,68,0.170731707317073,19,116,0.140740740740741,34,151,0.183783783783784,44,178,0.198198198198198,47,210,0.182879377431907,52,250,0.172185430463576,58,280,0.171597633136095,60,309,0.16260162601626
"7671","79786569","79786569-2012-10-09",60,70,2012-10-09,"HA1",2012,"M","Adult",0,0,0,1,0,2,10,0.166666666666667,3,18,0.142857142857143,3,27,0.1,10,49,0.169491525423729,13,61,0.175675675675676,15,77,0.16304347826087,18,99,0.153846153846154,23,124,0.156462585034014,25,132,0.159235668789809,46,205,0.183266932270916,63,255,0.19811320754717,67,308,0.178666666666667,74,362,0.169724770642202,74,376,0.164444444444444,75,382,0.164113785557987,75,382,0.164113785557987
"7672","79786569","79786569-2012-10-23",70,100,2012-10-23,"HA1",2012,"M","Adult",0,0,0,5,0,4,29,0.121212121212121,5,39,0.113636363636364,5,48,0.0943396226415094,7,58,0.107692307692308,9,64,0.123287671232877,10,75,0.117647058823529,13,89,0.127450980392157,18,107,0.144,23,120,0.160839160839161,32,156,0.170212765957447,39,184,0.174887892376682,57,240,0.191919191919192,67,303,0.181081081081081,74,354,0.172897196261682,82,407,0.167689161554192,85,451,0.158582089552239
"7674","79786569","79786569-2012-12-04",70,100,2012-12-04,"HA1",2012,"M","Adult",0,0,1,7,0.125,5,40,0.111111111111111,6,52,0.103448275862069,6,65,0.0845070422535211,8,81,0.0898876404494382,14,93,0.130841121495327,15,110,0.12,23,134,0.146496815286624,28,155,0.153005464480874,33,177,0.157142857142857,47,232,0.168458781362007,56,269,0.172307692307692,78,351,0.181818181818182,93,437,0.175471698113208,103,502,0.170247933884298,117,579,0.168103448275862,123,637,0.161842105263158
"7675","79786569","79786569-2012-11-20",60,90,2012-11-20,"HA1",2012,"M","Adult",0,0,0,5,0,4,28,0.125,6,47,0.113207547169811,9,60,0.130434782608696,12,92,0.115384615384615,13,99,0.116071428571429,18,108,0.142857142857143,25,144,0.14792899408284,29,164,0.150259067357513,31,177,0.149038461538462,50,267,0.157728706624606,71,336,0.174447174447174,81,409,0.16530612244898,94,472,0.166077738515901,104,538,0.161993769470405,108,606,0.151260504201681,109,625,0.14850136239782
"7676","79786569","79786569-2012-12-19",50,50,2012-12-19,"HA1",2012,"M","Adult",0,0,1,1,0.5,4,17,0.19047619047619,10,30,0.25,13,51,0.203125,19,85,0.182692307692308,19,102,0.15702479338843,23,124,0.156462585034014,31,169,0.155,40,203,0.164609053497942,42,217,0.162162162162162,85,412,0.17102615694165,123,644,0.160365058670143,134,718,0.157276995305164,137,756,0.153415453527436,137,756,0.153415453527436,137,756,0.153415453527436,137,756,0.153415453527436
"7691","79786865","79786865-2012-09-28",60,40,2012-09-28,"HA1",2012,"M","Adult",1,0,0,1,0,2,8,0.2,4,14,0.222222222222222,7,23,0.233333333333333,8,40,0.166666666666667,11,53,0.171875,12,61,0.164383561643836,13,78,0.142857142857143,15,93,0.138888888888889,16,103,0.134453781512605,35,192,0.154185022026432,48,258,0.156862745098039,61,320,0.16010498687664,67,347,0.161835748792271,68,354,0.161137440758294,68,354,0.161137440758294,68,354,0.161137440758294
"7703","79788371","79788371-2012-09-11",10,0,2012-09-11,"HA1",2012,"M","Adult",1,0,0,4,0,2,16,0.111111111111111,4,21,0.16,4,27,0.129032258064516,4,39,0.0930232558139535,5,42,0.106382978723404,5,49,0.0925925925925926,5,52,0.087719298245614,5,56,0.0819672131147541,7,59,0.106060606060606,7,74,0.0864197530864197,13,95,0.12037037037037,16,115,0.122137404580153,22,134,0.141025641025641,26,152,0.146067415730337,33,182,0.153488372093023,35,209,0.14344262295082
"7712","79789358","79789358-2012-10-24",0,60,2012-10-24,"HA1",2012,"M","Adult",1,1,0,6,0,4,19,0.173913043478261,8,29,0.216216216216216,11,45,0.196428571428571,19,64,0.228915662650602,19,72,0.208791208791209,21,89,0.190909090909091,24,112,0.176470588235294,26,124,0.173333333333333,28,145,0.161849710982659,40,208,0.161290322580645,55,257,0.176282051282051,56,307,0.154269972451791,64,353,0.15347721822542,69,405,0.145569620253165,77,448,0.146666666666667,88,490,0.152249134948097
"7713","79789358","79789358-2012-11-20",10,30,2012-11-20,"HA1",2012,"M","Adult",1,1,1,9,0.1,4,34,0.105263157894737,5,67,0.0694444444444444,7,84,0.0769230769230769,13,122,0.0962962962962963,13,135,0.0878378378378378,16,152,0.0952380952380952,22,187,0.105263157894737,24,209,0.103004291845494,29,222,0.115537848605578,44,266,0.141935483870968,54,309,0.148760330578512,65,371,0.149082568807339,79,457,0.147388059701493,91,526,0.147487844408428,105,599,0.149147727272727,109,623,0.148907103825137
"7730","79790568","79790568-2012-09-27",90,70,2012-09-27,"HA1",2012,"M","Adult",0,1,0,6,0,0,16,0,2,29,0.0645161290322581,2,34,0.0555555555555556,4,46,0.08,6,52,0.103448275862069,7,55,0.112903225806452,9,70,0.113924050632911,9,80,0.101123595505618,9,83,0.0978260869565217,16,109,0.128,24,137,0.149068322981366,32,173,0.15609756097561,41,215,0.16015625,55,253,0.178571428571429,60,298,0.167597765363128,60,314,0.160427807486631
"7731","79790568","79790568-2012-10-09",90,80,2012-10-09,"HA1",2012,"M","Adult",0,1,0,4,0,4,21,0.16,8,35,0.186046511627907,8,41,0.163265306122449,11,64,0.146666666666667,11,72,0.132530120481928,12,76,0.136363636363636,14,82,0.145833333333333,18,92,0.163636363636364,20,95,0.173913043478261,25,120,0.172413793103448,31,150,0.171270718232044,41,186,0.180616740088106,53,237,0.182758620689655,67,289,0.188202247191011,73,343,0.175480769230769,74,365,0.168564920273349
"7732","79790568","79790568-2012-10-23",100,90,2012-10-23,"HA1",2012,"M","Adult",0,0,2,4,0.333333333333333,5,15,0.25,6,23,0.206896551724138,9,31,0.225,12,49,0.19672131147541,12,52,0.1875,14,63,0.181818181818182,14,76,0.155555555555556,15,85,0.15,16,90,0.150943396226415,25,128,0.163398692810458,29,154,0.158469945355191,36,186,0.162162162162162,49,233,0.173758865248227,60,293,0.169971671388102,75,355,0.174418604651163,81,405,0.166666666666667
"7733","79790568","79790568-2012-11-07",90,80,2012-11-07,"HA1",2012,"M","Adult",0,0,1,4,0.2,6,28,0.176470588235294,11,53,0.171875,11,66,0.142857142857143,15,98,0.132743362831858,15,112,0.118110236220472,16,117,0.120300751879699,18,129,0.122448979591837,23,144,0.137724550898204,26,151,0.146892655367232,34,187,0.153846153846154,42,231,0.153846153846154,55,292,0.15850144092219,74,359,0.170900692840647,90,435,0.171428571428571,101,514,0.164227642276423,102,547,0.157164869029276
"7734","79790568","79790568-2012-12-04",100,90,2012-12-04,"HA1",2012,"M","Adult",1,0,3,11,0.214285714285714,6,28,0.176470588235294,10,40,0.2,13,53,0.196969696969697,16,79,0.168421052631579,18,85,0.174757281553398,21,99,0.175,23,116,0.165467625899281,24,128,0.157894736842105,25,134,0.157232704402516,35,185,0.159090909090909,44,225,0.163568773234201,54,273,0.165137614678899,73,343,0.175480769230769,88,423,0.172211350293542,106,505,0.173486088379705,116,570,0.169096209912536
"7735","79790568","79790568-2012-11-21",90,60,2012-11-21,"HA1",2012,"M","Adult",1,1,0,7,0,4,26,0.133333333333333,9,41,0.18,12,61,0.164383561643836,17,101,0.144067796610169,17,105,0.139344262295082,22,117,0.158273381294964,28,152,0.155555555555556,31,171,0.153465346534653,33,179,0.155660377358491,49,263,0.157051282051282,63,312,0.168,71,374,0.159550561797753,85,439,0.162213740458015,106,537,0.164852255054432,114,620,0.155313351498638,115,641,0.152116402116402
"7753","79792086","79792086-2012-12-18",100,20,2012-12-18,"HA1",2012,"F","Adult",0,0,2,11,0.153846153846154,10,38,0.208333333333333,12,48,0.2,14,69,0.168674698795181,16,80,0.166666666666667,17,92,0.155963302752294,19,96,0.165217391304348,20,104,0.161290322580645,22,114,0.161764705882353,24,126,0.16,32,183,0.148837209302326,48,238,0.167832167832168,61,294,0.171830985915493,72,380,0.15929203539823,89,491,0.153448275862069,105,590,0.151079136690647,124,674,0.155388471177945
"7771","79792581","79792581-2012-10-11",90,70,2012-10-11,"HA1",2012,"F","Adult",0,1,1,6,0.142857142857143,4,22,0.153846153846154,7,41,0.145833333333333,9,49,0.155172413793103,14,65,0.177215189873418,17,75,0.184782608695652,18,83,0.178217821782178,22,104,0.174603174603175,22,117,0.158273381294964,23,121,0.159722222222222,31,160,0.162303664921466,40,201,0.16597510373444,52,248,0.173333333333333,61,301,0.168508287292818,76,352,0.177570093457944,82,415,0.164989939637827,82,439,0.157389635316699
"7882","79795857","79795857-2012-09-13",30,100,2012-09-13,"HA1",2012,"M","Adult",0,1,1,4,0.2,3,12,0.2,3,14,0.176470588235294,3,20,0.130434782608696,5,28,0.151515151515152,10,33,0.232558139534884,12,45,0.210526315789474,14,53,0.208955223880597,17,61,0.217948717948718,17,67,0.202380952380952,24,97,0.198347107438017,27,127,0.175324675324675,33,157,0.173684210526316,37,192,0.161572052401747,39,220,0.150579150579151,44,250,0.149659863945578,48,275,0.148606811145511
"7893","79796354","79796354-2012-08-28",10,0,2012-08-28,"HA1",2012,"M","Adult",1,0,0,3,0,2,14,0.125,3,18,0.142857142857143,3,22,0.12,3,32,0.0857142857142857,3,34,0.0810810810810811,3,39,0.0714285714285714,3,41,0.0681818181818182,3,45,0.0625,4,46,0.08,4,58,0.0645161290322581,8,76,0.0952380952380952,10,92,0.0980392156862745,14,109,0.113821138211382,18,120,0.130434782608696,23,140,0.141104294478528,25,154,0.139664804469274
"7894","79796354","79796354-2012-09-11",80,20,2012-09-11,"HA1",2012,"M","Adult",1,1,0,1,0,0,6,0,1,11,0.0833333333333333,3,21,0.125,7,35,0.166666666666667,7,37,0.159090909090909,8,39,0.170212765957447,9,42,0.176470588235294,11,46,0.192982456140351,12,50,0.193548387096774,15,69,0.178571428571429,15,97,0.133928571428571,20,124,0.138888888888889,26,173,0.130653266331658,31,218,0.124497991967871,37,232,0.137546468401487,38,237,0.138181818181818
"7895","79796354","79796354-2012-09-25",10,20,2012-09-25,"HA1",2012,"M","Adult",1,0,0,3,0,1,25,0.0384615384615385,4,35,0.102564102564103,7,46,0.132075471698113,8,65,0.10958904109589,8,73,0.0987654320987654,8,80,0.0909090909090909,9,88,0.0927835051546392,10,95,0.0952380952380952,12,99,0.108108108108108,21,125,0.143835616438356,28,139,0.167664670658683,33,158,0.172774869109948,36,190,0.15929203539823,46,231,0.166064981949458,52,270,0.161490683229814,54,286,0.158823529411765
"7921","79797266","79797266-2012-09-11",20,30,2012-09-11,"HA1",2012,"F","NotAdult",1,1,0,0,NA,0,13,0,3,21,0.125,5,30,0.142857142857143,6,58,0.09375,6,66,0.0833333333333333,7,72,0.0886075949367089,11,87,0.112244897959184,13,97,0.118181818181818,13,102,0.11304347826087,17,119,0.125,23,135,0.145569620253165,29,162,0.151832460732984,32,196,0.140350877192982,37,222,0.142857142857143,39,239,0.140287769784173,39,239,0.140287769784173
"7926","79797359","79797359-2012-09-11",20,50,2012-09-11,"HA1",2012,"F","Adult",1,0,0,3,0,1,15,0.0625,5,22,0.185185185185185,5,30,0.142857142857143,6,53,0.101694915254237,7,57,0.109375,8,63,0.112676056338028,14,73,0.160919540229885,14,84,0.142857142857143,16,87,0.155339805825243,25,121,0.171232876712329,28,160,0.148936170212766,30,181,0.14218009478673,33,212,0.13469387755102,39,239,0.140287769784173,39,239,0.140287769784173,39,239,0.140287769784173
"7941","79797793","79797793-2012-09-28",0,10,2012-09-28,"HA1",2012,"F","Adult",0,0,0,5,0,2,25,0.0740740740740741,2,34,0.0555555555555556,4,41,0.0888888888888889,4,55,0.0677966101694915,5,56,0.0819672131147541,5,63,0.0735294117647059,8,77,0.0941176470588235,8,84,0.0869565217391304,8,86,0.0851063829787234,10,115,0.08,18,139,0.114649681528662,26,164,0.136842105263158,33,186,0.150684931506849,43,228,0.158671586715867,57,275,0.171686746987952,64,319,0.16710182767624
"7943","79797793","79797793-2012-11-20",0,10,2012-11-20,"HA1",2012,"F","Adult",1,0,0,10,0,3,42,0.0666666666666667,3,60,0.0476190476190476,6,75,0.0740740740740741,7,96,0.0679611650485437,8,100,0.0740740740740741,9,112,0.0743801652892562,12,130,0.0845070422535211,12,139,0.0794701986754967,12,145,0.0764331210191083,17,190,0.0821256038647343,32,231,0.121673003802281,43,276,0.134796238244514,54,319,0.144772117962467,69,398,0.147751605995717,89,485,0.155052264808362,99,556,0.151145038167939
"7955","79797834","79797834-2012-08-28",60,80,2012-08-28,"HA1",2012,"F","NotAdult",1,0,0,0,NA,1,2,0.333333333333333,2,6,0.25,4,12,0.25,5,25,0.166666666666667,7,31,0.184210526315789,7,33,0.175,8,40,0.166666666666667,9,50,0.152542372881356,10,55,0.153846153846154,15,80,0.157894736842105,19,105,0.153225806451613,22,122,0.152777777777778,23,148,0.134502923976608,28,171,0.14070351758794,29,181,0.138095238095238,29,181,0.138095238095238
"7960","79797884","79797884-2012-10-24",30,80,2012-10-24,"HA1",2012,"M","Adult",0,0,0,1,0,1,10,0.0909090909090909,3,18,0.142857142857143,15,39,0.277777777777778,27,75,0.264705882352941,30,92,0.245901639344262,30,106,0.220588235294118,34,136,0.2,40,164,0.196078431372549,41,172,0.192488262910798,51,233,0.179577464788732,60,290,0.171428571428571,67,364,0.155452436194896,81,425,0.160079051383399,86,475,0.153297682709447,91,500,0.153976311336717,91,503,0.153198653198653
"7962","79797893","79797893-2012-08-30",0,30,2012-08-30,"HA1",2012,"M","Adult",0,0,0,2,0,0,16,0,1,19,0.05,1,24,0.04,2,38,0.05,4,43,0.0851063829787234,5,50,0.0909090909090909,6,59,0.0923076923076923,7,71,0.0897435897435897,8,72,0.1,9,94,0.087378640776699,14,106,0.116666666666667,18,117,0.133333333333333,23,137,0.14375,25,158,0.136612021857924,29,185,0.135514018691589,33,201,0.141025641025641
"7978","84587833","84587833-2012-09-11",80,60,2012-09-11,"HA1",2012,"F","Adult",0,0,1,1,0.5,2,8,0.2,3,17,0.15,4,23,0.148148148148148,4,29,0.121212121212121,5,37,0.119047619047619,6,44,0.12,7,52,0.11864406779661,11,67,0.141025641025641,12,74,0.13953488372093,16,105,0.132231404958678,20,131,0.132450331125828,24,155,0.134078212290503,34,196,0.147826086956522,38,227,0.143396226415094,39,239,0.140287769784173,39,239,0.140287769784173
