"","ID","ID.CapDate","lat","long","Capture.date","Grid","year","Sex","Age","BartAny","MHV","NoInf_0","NoUninf_0","Prev_0","NoInf_10","NoUninf_10","Prev_10","NoInf_14.1","NoUninf_14.1","Prev_14.1","NoInf_20","NoUninf_20","Prev_20","NoInf_22.4","NoUninf_22.4","Prev_22.4","NoInf_28.3","NoUninf_28.3","Prev_28.3","NoInf_30","NoUninf_30","Prev_30","NoInf_31.6","NoUninf_31.6","Prev_31.6","NoInf_36.1","NoUninf_36.1","Prev_36.1","NoInf_40","NoUninf_40","Prev_40","NoInf_50","NoUninf_50","Prev_50","NoInf_60","NoUninf_60","Prev_60","NoInf_70","NoUninf_70","Prev_70","NoInf_80","NoUninf_80","Prev_80","NoInf_90","NoUninf_90","Prev_90","NoInf_100","NoUninf_100","Prev_100","NoInf_110","NoUninf_110","Prev_110"
"4014","66883112","66883112-2012-06-06",70,100,2012-06-06,"HA1",2012,"F","Adult",0,1,0,0,NA,0,0,NA,0,0,NA,0,0,NA,0,0,NA,0,0,NA,0,0,NA,0,0,NA,0,0,NA,0,0,NA,0,0,NA,0,0,NA,0,0,NA,0,0,NA,0,0,NA,0,0,NA,0,0,NA
"4016","49829569","49829569-2012-06-06",30,40,2012-06-06,"HA1",2012,"F","Adult",1,0,0,0,NA,0,0,NA,0,0,NA,0,0,NA,0,0,NA,0,0,NA,0,0,NA,0,0,NA,0,0,NA,0,0,NA,0,0,NA,0,0,NA,0,0,NA,0,0,NA,0,0,NA,0,0,NA,0,0,NA
"4020","66865371","66865371-2012-06-07",10,80,2012-06-07,"HA1",2012,"M","Adult",1,0,0,0,NA,0,1,0,0,1,0,0,1,0,0,2,0,1,2,0.333333333333333,1,2,0.333333333333333,1,2,0.333333333333333,1,2,0.333333333333333,1,2,0.333333333333333,1,3,0.25,1,3,0.25,2,6,0.25,2,6,0.25,2,7,0.222222222222222,2,7,0.222222222222222,2,7,0.222222222222222
"4024","66863517","66863517-2012-06-07",40,40,2012-06-07,"HA1",2012,"F","NotAdult",0,0,0,0,NA,0,1,0,0,1,0,0,1,0,0,1,0,0,2,0,0,2,0,0,2,0,0,2,0,0,2,0,0,6,0,0,7,0,2,7,0.222222222222222,2,7,0.222222222222222,2,7,0.222222222222222,2,7,0.222222222222222,2,7,0.222222222222222
"4028","66855330","66855330-2012-06-08",10,0,2012-06-08,"HA1",2012,"M","Adult",1,0,0,0,NA,0,2,0,0,2,0,0,2,0,0,3,0,0,3,0,0,3,0,0,3,0,0,3,0,0,3,0,0,5,0,0,6,0,0,7,0,1,9,0.1,1,10,0.0909090909090909,1,10,0.0909090909090909,2,10,0.166666666666667
"4044","49847790","49847790-2012-06-06",10,90,2012-06-06,"HA1",2012,"F","Adult",1,0,0,0,NA,0,0,NA,0,0,NA,0,0,NA,0,0,NA,0,0,NA,0,0,NA,0,0,NA,0,0,NA,0,0,NA,0,0,NA,0,0,NA,0,0,NA,0,0,NA,0,0,NA,0,0,NA,0,0,NA
"4046","49811771","49811771-2012-06-06",10,10,2012-06-06,"HA1",2012,"F","Adult",0,0,0,0,NA,0,0,NA,0,0,NA,0,0,NA,0,0,NA,0,0,NA,0,0,NA,0,0,NA,0,0,NA,0,0,NA,0,0,NA,0,0,NA,0,0,NA,0,0,NA,0,0,NA,0,0,NA,0,0,NA
"4048","52842550","52842550-2012-06-06",30,100,2012-06-06,"HA1",2012,"F","Adult",0,1,0,0,NA,0,0,NA,0,0,NA,0,0,NA,0,0,NA,0,0,NA,0,0,NA,0,0,NA,0,0,NA,0,0,NA,0,0,NA,0,0,NA,0,0,NA,0,0,NA,0,0,NA,0,0,NA,0,0,NA
"4056","66861012","66861012-2012-06-07",100,80,2012-06-07,"HA1",2012,"F","Adult",1,1,0,0,NA,0,0,NA,0,0,NA,0,0,NA,0,0,NA,0,0,NA,0,0,NA,0,0,NA,1,0,1,1,0,1,1,0,1,1,1,0.5,1,1,0.5,2,1,0.666666666666667,2,3,0.4,2,4,0.333333333333333,2,4,0.333333333333333
"4081","49811771","49811771-2012-06-19",10,20,2012-06-19,"HA1",2012,"F","Adult",0,0,0,0,NA,0,3,0,0,3,0,0,4,0,0,5,0,0,6,0,0,6,0,0,6,0,0,8,0,0,8,0,0,9,0,0,10,0,1,11,0.0833333333333333,1,12,0.0769230769230769,2,13,0.133333333333333,3,13,0.1875,4,13,0.235294117647059
"4082","66865371","66865371-2012-06-19",10,10,2012-06-19,"HA1",2012,"M","Adult",1,1,0,2,0,0,3,0,0,4,0,0,4,0,0,4,0,0,4,0,0,4,0,0,5,0,0,6,0,0,6,0,0,8,0,0,9,0,0,10,0,1,13,0.0714285714285714,1,13,0.0714285714285714,2,13,0.133333333333333,3,13,0.1875
"4085","52842550","52842550-2012-06-19",50,80,2012-06-19,"HA1",2012,"F","Adult",0,0,0,0,NA,0,0,NA,0,0,NA,0,0,NA,1,0,1,3,0,1,3,0,1,3,0,1,3,2,0.6,3,3,0.5,4,7,0.363636363636364,4,8,0.333333333333333,4,8,0.333333333333333,4,9,0.307692307692308,4,13,0.235294117647059,4,13,0.235294117647059,4,13,0.235294117647059
"4086","67126571","67126571-2012-06-19",60,60,2012-06-19,"HA1",2012,"F","NotAdult",0,1,1,0,1,1,0,1,1,0,1,1,0,1,1,0,1,1,1,0.5,1,1,0.5,1,2,0.333333333333333,1,4,0.2,1,5,0.166666666666667,4,6,0.4,4,9,0.307692307692308,4,9,0.307692307692308,4,13,0.235294117647059,4,13,0.235294117647059,4,13,0.235294117647059,4,13,0.235294117647059
"4089","66883112","66883112-2012-06-19",80,100,2012-06-19,"HA1",2012,"F","Adult",1,0,0,0,NA,1,0,1,1,0,1,1,0,1,1,0,1,2,0,1,2,0,1,2,0,1,2,0,1,2,0,1,4,0,1,4,0,1,4,1,0.8,4,7,0.363636363636364,4,8,0.333333333333333,4,9,0.307692307692308,4,9,0.307692307692308
"4090","66878865","66878865-2012-06-19",80,80,2012-06-19,"HA1",2012,"M","Adult",1,0,0,0,NA,0,0,NA,0,0,NA,1,0,1,2,0,1,3,0,1,3,0,1,3,0,1,3,0,1,3,0,1,3,1,0.75,4,3,0.571428571428571,4,6,0.4,4,9,0.307692307692308,4,9,0.307692307692308,4,12,0.25,4,13,0.235294117647059
"4092","67259597","67259597-2012-06-19",100,30,2012-06-19,"HA1",2012,"F","Adult",1,0,0,0,NA,0,0,NA,0,0,NA,0,1,0,0,2,0,0,2,0,0,2,0,0,2,0,0,2,0,0,2,0,2,2,0.5,2,2,0.5,2,3,0.4,3,5,0.375,3,7,0.3,4,10,0.285714285714286,4,13,0.235294117647059
"4094","49847790","49847790-2012-06-20",10,100,2012-06-20,"HA1",2012,"F","Adult",1,0,0,0,NA,0,1,0,0,1,0,1,2,0.333333333333333,1,2,0.333333333333333,1,2,0.333333333333333,1,2,0.333333333333333,1,2,0.333333333333333,1,2,0.333333333333333,1,2,0.333333333333333,1,4,0.2,2,6,0.25,4,11,0.266666666666667,5,13,0.277777777777778,6,17,0.260869565217391,7,19,0.269230769230769,7,19,0.269230769230769
"4096","67010314","67010314-2012-06-21",10,70,2012-06-21,"HA1",2012,"M","Adult",1,0,0,0,NA,0,1,0,0,2,0,0,3,0,0,3,0,0,4,0,0,6,0,0,8,0,1,9,0.1,1,9,0.1,1,12,0.0769230769230769,4,16,0.2,6,17,0.260869565217391,6,19,0.24,6,20,0.230769230769231,7,22,0.241379310344828,7,22,0.241379310344828
"4099","66811012","66811012-2012-06-21",90,70,2012-06-21,"HA1",2012,"F","Adult",1,1,0,0,NA,0,0,NA,1,1,0.5,1,1,0.5,1,1,0.5,2,1,0.666666666666667,2,1,0.666666666666667,4,2,0.666666666666667,5,2,0.714285714285714,5,2,0.714285714285714,5,5,0.5,5,7,0.416666666666667,6,9,0.4,6,11,0.352941176470588,6,15,0.285714285714286,7,19,0.269230769230769,7,22,0.241379310344828
"4155","49811771","49811771-2012-07-03",20,20,2012-07-03,"HA1",2012,"F","Adult",1,1,0,0,NA,0,1,0,1,3,0.25,1,6,0.142857142857143,1,9,0.1,1,11,0.0833333333333333,1,11,0.0833333333333333,1,12,0.0769230769230769,1,12,0.0769230769230769,1,14,0.0666666666666667,1,14,0.0666666666666667,4,15,0.210526315789474,4,18,0.181818181818182,4,20,0.166666666666667,6,23,0.206896551724138,8,25,0.242424242424242,8,25,0.242424242424242
"4158","49847790","49847790-2012-07-03",20,70,2012-07-03,"HA1",2012,"F","Adult",1,0,0,0,NA,0,2,0,0,3,0,0,3,0,0,5,0,0,5,0,0,6,0,1,10,0.0909090909090909,1,12,0.0769230769230769,1,12,0.0769230769230769,3,12,0.2,5,15,0.25,7,21,0.25,7,23,0.233333333333333,8,24,0.25,8,25,0.242424242424242,8,25,0.242424242424242
"4160","67125021","67125021-2012-07-03",60,30,2012-07-03,"HA1",2012,"M","Adult",1,1,0,0,NA,0,1,0,0,1,0,0,2,0,1,3,0.25,1,3,0.25,3,3,0.5,3,4,0.428571428571429,3,6,0.333333333333333,3,7,0.3,4,9,0.307692307692308,5,16,0.238095238095238,6,20,0.230769230769231,8,24,0.25,8,25,0.242424242424242,8,25,0.242424242424242,8,25,0.242424242424242
"4161","52842550","52842550-2012-07-03",60,60,2012-07-03,"HA1",2012,"F","Adult",0,1,2,0,1,2,0,1,3,0,1,3,0,1,3,1,0.75,3,3,0.5,3,3,0.5,4,4,0.5,4,6,0.4,4,8,0.333333333333333,7,12,0.368421052631579,7,17,0.291666666666667,7,20,0.259259259259259,8,25,0.242424242424242,8,25,0.242424242424242,8,25,0.242424242424242,8,25,0.242424242424242
"4162","66878865","66878865-2012-07-03",70,0,2012-07-03,"HA1",2012,"M","Adult",1,0,0,0,NA,0,0,NA,0,0,NA,0,0,NA,0,2,0,0,2,0,0,2,0,0,3,0,0,3,0,0,3,0,1,5,0.166666666666667,1,7,0.125,4,12,0.25,5,16,0.238095238095238,6,19,0.24,7,21,0.25,8,24,0.25
"4164","66859820","66859820-2012-07-04",0,100,2012-07-04,"HA1",2012,"M","Adult",1,0,0,0,NA,0,1,0,0,2,0,0,2,0,0,3,0,0,3,0,1,3,0.25,1,4,0.2,1,5,0.166666666666667,1,5,0.166666666666667,1,7,0.125,1,10,0.0909090909090909,2,13,0.133333333333333,5,18,0.217391304347826,7,22,0.241379310344828,11,26,0.297297297297297,12,28,0.3
"4167","66810776","66810776-2012-07-04",70,30,2012-07-04,"HA1",2012,"M","Adult",0,1,0,0,NA,1,1,0.5,1,2,0.333333333333333,2,2,0.5,2,2,0.5,2,3,0.4,2,5,0.285714285714286,5,7,0.416666666666667,5,7,0.416666666666667,5,7,0.416666666666667,6,9,0.4,8,14,0.363636363636364,10,22,0.3125,11,29,0.275,12,30,0.285714285714286,12,31,0.27906976744186,12,31,0.27906976744186
"4169","66815612","66815612-2012-07-04",100,80,2012-07-04,"HA1",2012,"F","Adult",1,0,1,0,1,1,0,1,2,0,1,2,1,0.666666666666667,2,1,0.666666666666667,2,3,0.4,2,3,0.4,2,3,0.4,3,3,0.5,3,3,0.5,7,5,0.583333333333333,7,6,0.538461538461538,8,6,0.571428571428571,9,10,0.473684210526316,9,18,0.333333333333333,10,22,0.3125,10,25,0.285714285714286
"4207","52842550","52842550-2012-07-18",60,90,2012-07-18,"HA1",2012,"F","Adult",0,1,0,0,NA,0,1,0,1,2,0.333333333333333,1,2,0.333333333333333,2,6,0.25,2,6,0.25,5,6,0.454545454545455,6,6,0.5,7,6,0.538461538461538,7,6,0.538461538461538,9,15,0.375,10,20,0.333333333333333,11,24,0.314285714285714,12,29,0.292682926829268,13,32,0.288888888888889,15,39,0.277777777777778,16,40,0.285714285714286
"4212","66815612","66815612-2012-07-18",80,90,2012-07-18,"HA1",2012,"F","Adult",1,0,0,0,NA,1,3,0.25,2,3,0.4,2,3,0.4,4,5,0.444444444444444,4,6,0.4,4,7,0.363636363636364,4,8,0.333333333333333,7,8,0.466666666666667,7,8,0.466666666666667,8,8,0.5,9,9,0.5,11,18,0.379310344827586,11,24,0.314285714285714,12,29,0.292682926829268,14,33,0.297872340425532,15,39,0.277777777777778
"4213","67259597","67259597-2012-07-18",90,50,2012-07-18,"HA1",2012,"F","Adult",1,0,0,0,NA,0,0,NA,0,0,NA,2,0,1,2,3,0.4,3,4,0.428571428571429,3,4,0.428571428571429,7,6,0.538461538461538,8,6,0.571428571428571,8,7,0.533333333333333,8,9,0.470588235294118,12,17,0.413793103448276,12,18,0.4,14,22,0.388888888888889,15,34,0.306122448979592,15,39,0.277777777777778,16,40,0.285714285714286
"4238","66809820","66809820-2012-07-17",30,50,2012-07-17,"HA1",2012,"F","NotAdult",1,0,0,1,0,0,2,0,0,6,0,0,6,0,0,8,0,0,9,0,0,9,0,4,11,0.266666666666667,5,15,0.25,6,15,0.285714285714286,9,23,0.28125,10,29,0.256410256410256,12,30,0.285714285714286,13,35,0.270833333333333,13,35,0.270833333333333,13,35,0.270833333333333,13,35,0.270833333333333
"4239","49811771","49811771-2012-07-17",40,20,2012-07-17,"HA1",2012,"F","Adult",1,1,0,1,0,0,1,0,0,1,0,1,3,0.25,2,4,0.333333333333333,2,5,0.285714285714286,2,7,0.222222222222222,4,11,0.266666666666667,4,14,0.222222222222222,4,16,0.2,9,20,0.310344827586207,9,24,0.272727272727273,9,27,0.25,10,29,0.256410256410256,13,35,0.270833333333333,13,35,0.270833333333333,13,35,0.270833333333333
"4244","66815612","66815612-2012-07-17",100,70,2012-07-17,"HA1",2012,"F","Adult",1,0,0,0,NA,2,1,0.666666666666667,2,1,0.666666666666667,2,1,0.666666666666667,2,2,0.5,2,2,0.5,2,3,0.4,2,3,0.4,3,5,0.375,3,6,0.333333333333333,8,7,0.533333333333333,9,8,0.529411764705882,9,11,0.45,10,16,0.384615384615385,10,21,0.32258064516129,11,25,0.305555555555556,12,32,0.272727272727273
"4245","66810776","66810776-2012-07-17",70,0,2012-07-17,"HA1",2012,"M","Adult",0,1,0,1,0,0,1,0,0,1,0,0,1,0,0,3,0,0,3,0,1,3,0.25,2,4,0.333333333333333,2,5,0.285714285714286,2,5,0.285714285714286,3,7,0.3,4,9,0.307692307692308,9,17,0.346153846153846,10,22,0.3125,11,27,0.289473684210526,12,29,0.292682926829268,13,32,0.288888888888889
"4295","67091302","67091302-2012-08-14",10,10,2012-08-14,"HA1",2012,"F","NotAdult",0,0,1,4,0.2,1,7,0.125,3,10,0.230769230769231,4,10,0.285714285714286,4,10,0.285714285714286,4,10,0.285714285714286,4,11,0.266666666666667,5,14,0.263157894736842,5,15,0.25,5,15,0.25,5,19,0.208333333333333,7,24,0.225806451612903,9,28,0.243243243243243,13,31,0.295454545454545,14,38,0.269230769230769,18,43,0.295081967213115,21,46,0.313432835820896
"4298","49811771","49811771-2012-08-14",30,50,2012-08-14,"HA1",2012,"F","Adult",1,1,0,2,0,0,3,0,0,7,0,0,7,0,0,9,0,1,10,0.0909090909090909,1,12,0.0769230769230769,6,14,0.3,8,18,0.307692307692308,9,18,0.333333333333333,14,31,0.311111111111111,16,41,0.280701754385965,20,43,0.317460317460317,22,50,0.305555555555556,23,50,0.315068493150685,23,50,0.315068493150685,23,50,0.315068493150685
"4300","52842550","52842550-2012-08-14",50,100,2012-08-14,"HA1",2012,"F","Adult",0,1,0,0,NA,1,2,0.333333333333333,3,2,0.6,6,3,0.666666666666667,6,4,0.6,6,4,0.6,7,7,0.5,7,8,0.466666666666667,7,10,0.411764705882353,7,11,0.388888888888889,11,18,0.379310344827586,13,26,0.333333333333333,13,30,0.302325581395349,16,34,0.32,19,39,0.327586206896552,20,47,0.298507462686567,22,50,0.305555555555556
"4301","79618812","79618812-2012-08-14",50,40,2012-08-14,"HA1",2012,"M","Adult",0,0,0,0,NA,0,1,0,2,2,0.5,2,3,0.4,8,7,0.533333333333333,8,7,0.533333333333333,8,8,0.5,8,10,0.444444444444444,9,13,0.409090909090909,9,15,0.375,13,30,0.302325581395349,16,40,0.285714285714286,23,47,0.328571428571429,23,50,0.315068493150685,23,50,0.315068493150685,23,50,0.315068493150685,23,50,0.315068493150685
"4302","66878865","66878865-2012-08-14",70,0,2012-08-14,"HA1",2012,"M","Adult",1,0,1,1,0.5,1,2,0.333333333333333,1,2,0.333333333333333,1,2,0.333333333333333,1,4,0.2,1,4,0.2,2,4,0.333333333333333,5,5,0.5,6,6,0.5,6,6,0.5,7,8,0.466666666666667,8,13,0.380952380952381,14,23,0.378378378378378,15,30,0.333333333333333,16,38,0.296296296296296,20,42,0.32258064516129,23,46,0.333333333333333
"4303","67125021","67125021-2012-08-14",80,30,2012-08-14,"HA1",2012,"M","Adult",1,1,0,1,0,1,1,0.5,1,1,0.5,3,3,0.5,4,6,0.4,5,7,0.416666666666667,5,7,0.416666666666667,6,8,0.428571428571429,9,9,0.5,9,9,0.5,11,14,0.44,12,21,0.363636363636364,17,28,0.377777777777778,21,38,0.355932203389831,23,45,0.338235294117647,23,49,0.319444444444444,23,50,0.315068493150685
"4310","66859820","66859820-2012-07-31",0,90,2012-07-31,"HA1",2012,"M","Adult",1,0,0,0,NA,0,2,0,0,4,0,0,4,0,0,6,0,0,7,0,0,7,0,1,7,0.125,1,9,0.1,1,10,0.0909090909090909,1,14,0.0666666666666667,2,18,0.1,5,22,0.185185185185185,7,26,0.212121212121212,13,34,0.276595744680851,15,38,0.283018867924528,16,40,0.285714285714286
"4311","49811771","49811771-2012-07-31",10,30,2012-07-31,"HA1",2012,"F","Adult",1,1,0,0,NA,0,3,0,1,7,0.125,2,11,0.153846153846154,2,13,0.133333333333333,2,15,0.117647058823529,2,16,0.111111111111111,4,20,0.166666666666667,4,20,0.166666666666667,4,21,0.16,5,23,0.178571428571429,9,25,0.264705882352941,11,29,0.275,13,33,0.282608695652174,14,38,0.269230769230769,16,42,0.275862068965517,17,43,0.283333333333333
"4315","66878865","66878865-2012-07-31",60,100,2012-07-31,"HA1",2012,"M","Adult",1,1,0,1,0,2,1,0.666666666666667,2,2,0.5,3,4,0.428571428571429,3,6,0.333333333333333,3,7,0.3,4,7,0.363636363636364,4,8,0.333333333333333,4,8,0.333333333333333,7,9,0.4375,9,13,0.409090909090909,10,22,0.3125,11,24,0.314285714285714,12,29,0.292682926829268,14,32,0.304347826086957,14,37,0.274509803921569,16,42,0.275862068965517
"4316","52842550","52842550-2012-07-31",60,90,2012-07-31,"HA1",2012,"F","Adult",0,1,1,0,1,1,2,0.333333333333333,2,3,0.4,2,4,0.333333333333333,3,8,0.272727272727273,3,8,0.272727272727273,6,8,0.428571428571429,7,8,0.466666666666667,8,8,0.5,8,8,0.5,10,18,0.357142857142857,11,23,0.323529411764706,12,27,0.307692307692308,13,32,0.288888888888889,14,35,0.285714285714286,16,42,0.275862068965517,17,43,0.283333333333333
"4319","66810776","66810776-2012-07-31",60,30,2012-07-31,"HA1",2012,"M","Adult",0,1,1,0,1,2,1,0.666666666666667,2,1,0.666666666666667,2,2,0.5,4,4,0.5,4,4,0.5,7,4,0.636363636363636,8,6,0.571428571428571,8,10,0.444444444444444,8,11,0.421052631578947,10,15,0.4,12,27,0.307692307692308,14,36,0.28,17,40,0.298245614035088,17,42,0.288135593220339,17,43,0.283333333333333,17,43,0.283333333333333
"4324","66815612","66815612-2012-07-31",100,80,2012-07-31,"HA1",2012,"F","Adult",1,0,1,1,0.5,1,2,0.333333333333333,2,2,0.5,2,3,0.4,2,4,0.333333333333333,3,6,0.333333333333333,3,6,0.333333333333333,3,8,0.272727272727273,4,8,0.333333333333333,4,8,0.333333333333333,9,11,0.45,10,13,0.434782608695652,11,13,0.458333333333333,12,18,0.4,14,27,0.341463414634146,15,31,0.326086956521739,15,36,0.294117647058824
"4325","67125021","67125021-2012-07-31",100,10,2012-07-31,"HA1",2012,"M","Adult",1,1,0,0,NA,0,1,0,0,1,0,0,2,0,0,2,0,0,3,0,0,3,0,1,4,0.2,2,4,0.333333333333333,2,4,0.333333333333333,4,6,0.4,4,7,0.363636363636364,10,11,0.476190476190476,10,13,0.434782608695652,13,22,0.371428571428571,15,33,0.3125,16,38,0.296296296296296
"4327","67123054","67123054-2012-08-02",70,90,2012-08-02,"HA1",2012,"M","Adult",1,0,0,0,NA,3,1,0.75,5,5,0.5,5,7,0.416666666666667,5,8,0.384615384615385,6,8,0.428571428571429,6,8,0.428571428571429,10,10,0.5,10,11,0.476190476190476,11,11,0.5,12,14,0.461538461538462,13,22,0.371428571428571,15,29,0.340909090909091,16,34,0.32,20,38,0.344827586206897,21,48,0.304347826086957,21,49,0.3
"4331","79610382","79610382-2012-08-16",80,10,2012-08-16,"HA1",2012,"F","Adult",0,0,0,0,NA,0,2,0,1,4,0.2,3,5,0.375,4,8,0.333333333333333,6,9,0.4,6,9,0.4,6,10,0.375,6,10,0.375,6,12,0.333333333333333,8,17,0.32,11,19,0.366666666666667,15,31,0.326086956521739,18,43,0.295081967213115,22,54,0.289473684210526,26,59,0.305882352941176,28,61,0.314606741573034
"4333","67123054","67123054-2012-08-16",80,90,2012-08-16,"HA1",2012,"M","Adult",1,0,0,1,0,1,6,0.142857142857143,3,7,0.3,5,7,0.416666666666667,8,13,0.380952380952381,8,14,0.363636363636364,8,15,0.347826086956522,9,16,0.36,12,16,0.428571428571429,12,18,0.4,13,20,0.393939393939394,16,22,0.421052631578947,20,32,0.384615384615385,20,42,0.32258064516129,22,48,0.314285714285714,25,54,0.316455696202532,26,63,0.292134831460674
"4367","79796354","79796354-2012-08-28",10,0,2012-08-28,"HA1",2012,"M","Adult",1,0,1,1,0.5,3,7,0.3,3,7,0.3,3,9,0.25,4,12,0.25,4,13,0.235294117647059,5,13,0.277777777777778,5,13,0.277777777777778,6,14,0.3,6,15,0.285714285714286,6,21,0.222222222222222,10,28,0.263157894736842,11,32,0.255813953488372,16,39,0.290909090909091,16,44,0.266666666666667,17,51,0.25,23,55,0.294871794871795
"4373","79786360","79786360-2012-08-28",30,10,2012-08-28,"HA1",2012,"F","NotAdult",0,0,0,0,NA,0,1,0,2,3,0.4,3,8,0.272727272727273,4,12,0.25,5,12,0.294117647058824,5,13,0.277777777777778,6,20,0.230769230769231,8,22,0.266666666666667,9,24,0.272727272727273,11,30,0.268292682926829,16,36,0.307692307692308,17,40,0.298245614035088,17,47,0.265625,22,52,0.297297297297297,27,64,0.296703296703297,28,67,0.294736842105263
"4376","79639579","79639579-2012-08-14",80,100,2012-08-14,"HA1",2012,"F","Adult",1,0,1,2,0.333333333333333,3,3,0.5,3,4,0.428571428571429,4,6,0.4,6,6,0.5,7,8,0.466666666666667,7,8,0.466666666666667,8,10,0.444444444444444,8,12,0.4,8,12,0.4,12,13,0.48,13,16,0.448275862068966,13,19,0.40625,16,30,0.347826086956522,17,34,0.333333333333333,20,38,0.344827586206897,21,42,0.333333333333333
"4379","79786360","79786360-2012-08-15",20,0,2012-08-15,"HA1",2012,"F","NotAdult",0,0,0,0,NA,1,1,0.5,2,6,0.25,4,6,0.4,4,8,0.333333333333333,5,12,0.294117647058824,5,12,0.294117647058824,6,12,0.333333333333333,6,12,0.333333333333333,6,14,0.3,9,22,0.290322580645161,11,27,0.289473684210526,12,30,0.285714285714286,16,34,0.32,17,39,0.303571428571429,20,44,0.3125,24,50,0.324324324324324
"4381","67010536","67010536-2012-08-15",50,20,2012-08-15,"HA1",2012,"M","Adult",0,0,0,0,NA,1,2,0.333333333333333,3,2,0.6,3,3,0.5,4,5,0.444444444444444,5,8,0.384615384615385,6,8,0.428571428571429,7,10,0.411764705882353,9,13,0.409090909090909,9,15,0.375,15,31,0.326086956521739,17,37,0.314814814814815,18,40,0.310344827586207,22,47,0.318840579710145,28,55,0.337349397590361,28,56,0.333333333333333,28,56,0.333333333333333
"4384","66843623","66843623-2012-08-15",100,80,2012-08-15,"HA1",2012,"M","NotAdult",0,0,1,3,0.25,1,4,0.2,2,4,0.333333333333333,2,5,0.285714285714286,2,6,0.25,3,9,0.25,3,9,0.25,3,12,0.2,5,14,0.263157894736842,5,14,0.263157894736842,12,18,0.4,15,20,0.428571428571429,18,21,0.461538461538462,21,26,0.446808510638298,23,37,0.383333333333333,24,41,0.369230769230769,25,47,0.347222222222222
"4390","49811771","49811771-2012-08-28",40,0,2012-08-28,"HA1",2012,"F","Adult",1,1,0,0,NA,0,0,NA,0,0,NA,1,3,0.25,1,5,0.166666666666667,2,6,0.25,4,9,0.307692307692308,5,14,0.263157894736842,7,16,0.304347826086957,8,18,0.307692307692308,11,28,0.282051282051282,13,33,0.282608695652174,17,40,0.298245614035088,17,44,0.278688524590164,18,48,0.272727272727273,21,59,0.2625,28,67,0.294736842105263
"4393","79797834","79797834-2012-08-28",60,80,2012-08-28,"HA1",2012,"F","NotAdult",1,0,0,0,NA,2,1,0.666666666666667,2,4,0.333333333333333,6,6,0.5,9,9,0.5,10,12,0.454545454545455,10,13,0.434782608695652,12,13,0.48,14,15,0.482758620689655,15,19,0.441176470588235,18,32,0.36,20,38,0.344827586206897,21,47,0.308823529411765,23,54,0.298701298701299,26,66,0.282608695652174,28,67,0.294736842105263,28,67,0.294736842105263
"4397","79779379","79779379-2012-08-28",100,20,2012-08-28,"HA1",2012,"M","Adult",1,0,0,1,0,1,2,0.333333333333333,1,3,0.25,1,4,0.2,2,6,0.25,2,7,0.222222222222222,2,7,0.222222222222222,3,8,0.272727272727273,4,12,0.25,4,13,0.235294117647059,7,17,0.291666666666667,13,24,0.351351351351351,13,27,0.325,15,34,0.306122448979592,21,46,0.313432835820896,25,57,0.304878048780488,28,62,0.311111111111111
"4407","79770535","79770535-2012-08-30",100,10,2012-08-30,"HA1",2012,"F","NotAdult",0,0,1,0,1,1,3,0.25,1,3,0.25,1,5,0.166666666666667,1,7,0.125,2,8,0.2,2,8,0.2,3,10,0.230769230769231,4,10,0.285714285714286,4,10,0.285714285714286,7,15,0.318181818181818,7,19,0.269230769230769,14,27,0.341463414634146,14,31,0.311111111111111,19,45,0.296875,25,59,0.297619047619048,27,65,0.293478260869565
"4409","79638791","79638791-2012-08-30",90,80,2012-08-30,"HA1",2012,"M","Adult",1,1,0,1,0,2,6,0.25,2,9,0.181818181818182,2,9,0.181818181818182,3,14,0.176470588235294,5,15,0.25,5,17,0.227272727272727,7,19,0.269230769230769,12,20,0.375,12,21,0.363636363636364,13,23,0.361111111111111,17,26,0.395348837209302,20,35,0.363636363636364,22,45,0.328358208955224,23,55,0.294871794871795,26,62,0.295454545454545,27,71,0.275510204081633
"4421","79623797","79623797-2012-08-30",10,40,2012-08-30,"HA1",2012,"M","Adult",1,0,0,1,0,1,3,0.25,1,4,0.2,1,7,0.125,3,14,0.176470588235294,3,15,0.166666666666667,4,22,0.153846153846154,4,23,0.148148148148148,5,25,0.166666666666667,6,30,0.166666666666667,8,33,0.195121951219512,13,38,0.254901960784314,17,45,0.274193548387097,23,54,0.298701298701299,26,62,0.295454545454545,29,73,0.284313725490196,29,73,0.284313725490196
"4424","79797893","79797893-2012-08-30",0,30,2012-08-30,"HA1",2012,"M","Adult",0,0,0,0,NA,1,4,0.2,1,7,0.125,1,8,0.111111111111111,3,14,0.176470588235294,3,14,0.176470588235294,4,14,0.222222222222222,5,18,0.217391304347826,6,24,0.2,6,24,0.2,8,28,0.222222222222222,10,33,0.232558139534884,14,38,0.269230769230769,19,47,0.287878787878788,22,53,0.293333333333333,26,62,0.295454545454545,28,69,0.288659793814433
"4462","79788371","79788371-2012-09-11",10,0,2012-09-11,"HA1",2012,"M","Adult",1,0,1,2,0.333333333333333,3,8,0.272727272727273,3,8,0.272727272727273,3,11,0.214285714285714,4,15,0.210526315789474,4,16,0.2,6,16,0.272727272727273,6,17,0.260869565217391,7,18,0.28,7,20,0.259259259259259,7,26,0.212121212121212,11,33,0.25,12,37,0.244897959183673,17,44,0.278688524590164,17,49,0.257575757575758,18,61,0.227848101265823,24,67,0.263736263736264
"4465","49811771","49811771-2012-09-11",20,50,2012-09-11,"HA1",2012,"F","Adult",1,0,0,0,NA,1,5,0.166666666666667,1,8,0.111111111111111,1,10,0.0909090909090909,2,13,0.133333333333333,2,14,0.125,3,14,0.176470588235294,3,20,0.130434782608696,4,24,0.142857142857143,4,25,0.137931034482759,11,43,0.203703703703704,20,52,0.277777777777778,22,59,0.271604938271605,28,70,0.285714285714286,30,80,0.272727272727273,30,80,0.272727272727273,30,80,0.272727272727273
"4469","79797359","79797359-2012-09-11",20,50,2012-09-11,"HA1",2012,"F","Adult",1,0,0,0,NA,1,5,0.166666666666667,1,8,0.111111111111111,1,10,0.0909090909090909,2,13,0.133333333333333,2,14,0.125,3,14,0.176470588235294,3,20,0.130434782608696,4,24,0.142857142857143,4,25,0.137931034482759,11,43,0.203703703703704,20,52,0.277777777777778,22,59,0.271604938271605,28,70,0.285714285714286,30,80,0.272727272727273,30,80,0.272727272727273,30,80,0.272727272727273
"4471","79797266","79797266-2012-09-11",20,30,2012-09-11,"HA1",2012,"F","NotAdult",1,0,0,0,NA,2,1,0.666666666666667,2,7,0.222222222222222,2,8,0.2,5,22,0.185185185185185,5,23,0.178571428571429,5,26,0.161290322580645,6,31,0.162162162162162,8,31,0.205128205128205,10,32,0.238095238095238,14,36,0.28,17,42,0.288135593220339,17,56,0.232876712328767,22,64,0.255813953488372,28,73,0.277227722772277,30,80,0.272727272727273,30,80,0.272727272727273
"4474","66859820","66859820-2012-09-11",60,50,2012-09-11,"HA1",2012,"M","Adult",1,0,0,1,0,4,1,0.8,4,2,0.666666666666667,6,4,0.6,7,6,0.538461538461538,8,7,0.533333333333333,9,12,0.428571428571429,9,15,0.375,11,18,0.379310344827586,13,18,0.419354838709677,17,42,0.288135593220339,27,60,0.310344827586207,28,74,0.274509803921569,30,80,0.272727272727273,30,80,0.272727272727273,30,80,0.272727272727273,30,80,0.272727272727273
"4476","79796354","79796354-2012-09-11",80,20,2012-09-11,"HA1",2012,"M","Adult",1,0,0,1,0,1,3,0.25,2,4,0.333333333333333,2,8,0.2,6,12,0.333333333333333,6,13,0.315789473684211,6,16,0.272727272727273,7,17,0.291666666666667,7,19,0.269230769230769,8,20,0.285714285714286,12,22,0.352941176470588,15,30,0.333333333333333,17,43,0.283333333333333,23,63,0.267441860465116,28,70,0.285714285714286,30,76,0.283018867924528,30,79,0.275229357798165
"4477","79769830","79769830-2012-09-11",90,40,2012-09-11,"HA1",2012,"F","Adult",0,1,0,0,NA,0,1,0,1,5,0.166666666666667,1,5,0.166666666666667,3,8,0.272727272727273,3,8,0.272727272727273,4,9,0.307692307692308,7,13,0.35,10,15,0.4,11,17,0.392857142857143,13,29,0.30952380952381,16,35,0.313725490196078,22,46,0.323529411764706,24,53,0.311688311688312,29,68,0.298969072164948,30,77,0.280373831775701,30,80,0.272727272727273
"4480","66808052","66808052-2012-09-11",100,10,2012-09-11,"HA1",2012,"M","Adult",1,0,1,1,0.5,1,4,0.2,1,4,0.2,1,6,0.142857142857143,1,8,0.111111111111111,2,9,0.181818181818182,2,9,0.181818181818182,3,11,0.214285714285714,4,11,0.266666666666667,4,11,0.266666666666667,7,16,0.304347826086957,7,20,0.259259259259259,14,28,0.333333333333333,15,33,0.3125,20,47,0.298507462686567,26,63,0.292134831460674,28,70,0.285714285714286
"4482","79637279","79637279-2012-09-12",0,100,2012-09-12,"HA1",2012,"M","Adult",1,0,0,2,0,0,6,0,0,7,0,0,10,0,0,13,0,0,13,0,2,14,0.125,2,15,0.117647058823529,2,16,0.111111111111111,2,16,0.111111111111111,3,20,0.130434782608696,5,28,0.151515151515152,9,37,0.195652173913043,14,50,0.21875,17,59,0.223684210526316,25,70,0.263157894736842,31,82,0.274336283185841
"4484","79630010","79630010-2012-09-12",40,80,2012-09-12,"HA1",2012,"F","Adult",1,0,0,0,NA,0,2,0,0,3,0,0,4,0,5,6,0.454545454545455,9,12,0.428571428571429,9,15,0.375,10,21,0.32258064516129,12,27,0.307692307692308,12,29,0.292682926829268,15,52,0.223880597014925,22,60,0.268292682926829,26,68,0.276595744680851,29,80,0.26605504587156,32,94,0.253968253968254,33,96,0.255813953488372,33,96,0.255813953488372
"4493","79795857","79795857-2012-09-13",30,100,2012-09-13,"HA1",2012,"M","Adult",0,0,2,1,0.666666666666667,2,5,0.285714285714286,2,6,0.25,3,7,0.3,3,10,0.230769230769231,3,14,0.176470588235294,4,19,0.173913043478261,6,23,0.206896551724138,6,25,0.193548387096774,8,26,0.235294117647059,13,36,0.26530612244898,13,45,0.224137931034483,16,57,0.219178082191781,22,68,0.244444444444444,27,78,0.257142857142857,29,87,0.25,33,100,0.24812030075188
"4507","79630010","79630010-2012-09-25",10,90,2012-09-25,"HA1",2012,"F","Adult",1,0,0,1,0,0,8,0,0,14,0,0,16,0,3,19,0.136363636363636,3,19,0.136363636363636,3,20,0.130434782608696,3,24,0.111111111111111,3,24,0.111111111111111,3,25,0.107142857142857,7,34,0.170731707317073,12,44,0.214285714285714,14,56,0.2,21,72,0.225806451612903,27,82,0.247706422018349,33,93,0.261904761904762,34,99,0.255639097744361
"4509","79796354","79796354-2012-09-25",10,20,2012-09-25,"HA1",2012,"M","Adult",1,0,0,2,0,3,10,0.230769230769231,4,12,0.25,5,19,0.208333333333333,6,25,0.193548387096774,6,27,0.181818181818182,7,28,0.2,7,31,0.184210526315789,9,34,0.209302325581395,9,35,0.204545454545455,9,42,0.176470588235294,11,49,0.183333333333333,17,56,0.232876712328767,18,70,0.204545454545455,26,85,0.234234234234234,33,97,0.253846153846154,36,105,0.25531914893617
"4511","67006795","67006795-2012-09-25",20,40,2012-09-25,"HA1",2012,"M","Adult",1,0,0,2,0,0,9,0,2,12,0.142857142857143,3,17,0.15,3,22,0.12,4,26,0.133333333333333,5,28,0.151515151515152,6,35,0.146341463414634,6,36,0.142857142857143,6,37,0.13953488372093,14,50,0.21875,16,63,0.20253164556962,25,80,0.238095238095238,30,91,0.247933884297521,36,105,0.25531914893617,36,105,0.25531914893617,36,105,0.25531914893617
"4517","66818332","66818332-2012-09-11",10,80,2012-09-11,"HA1",2012,"F","Adult",0,0,0,2,0,0,4,0,0,7,0,0,8,0,0,13,0,2,14,0.125,2,14,0.125,2,16,0.111111111111111,3,18,0.142857142857143,3,21,0.125,5,27,0.15625,11,33,0.25,17,47,0.265625,23,60,0.27710843373494,28,68,0.291666666666667,29,74,0.281553398058252,29,79,0.268518518518519
"4518","79630102","79630102-2012-09-11",20,100,2012-09-11,"HA1",2012,"M","Adult",1,0,0,2,0,2,4,0.333333333333333,2,5,0.285714285714286,2,6,0.25,2,11,0.153846153846154,2,11,0.153846153846154,3,12,0.2,3,14,0.176470588235294,3,15,0.166666666666667,4,18,0.181818181818182,8,20,0.285714285714286,13,29,0.30952380952381,13,39,0.25,18,43,0.295081967213115,23,58,0.283950617283951,25,67,0.271739130434783,28,73,0.277227722772277
"4526","84587833","84587833-2012-09-11",80,60,2012-09-11,"HA1",2012,"F","Adult",0,0,0,0,NA,0,2,0,2,4,0.333333333333333,5,5,0.5,6,8,0.428571428571429,7,13,0.35,8,16,0.333333333333333,9,17,0.346153846153846,13,20,0.393939393939394,14,24,0.368421052631579,18,34,0.346153846153846,21,43,0.328125,24,50,0.324324324324324,27,60,0.310344827586207,28,78,0.264150943396226,30,80,0.272727272727273,30,80,0.272727272727273
"4527","79618812","79618812-2012-09-11",80,60,2012-09-11,"HA1",2012,"M","Adult",0,0,0,0,NA,0,2,0,2,4,0.333333333333333,5,5,0.5,6,8,0.428571428571429,7,13,0.35,8,16,0.333333333333333,9,17,0.346153846153846,13,20,0.393939393939394,14,24,0.368421052631579,18,34,0.346153846153846,21,43,0.328125,24,50,0.324324324324324,27,60,0.310344827586207,28,78,0.264150943396226,30,80,0.272727272727273,30,80,0.272727272727273
"4545","79619290","79619290-2012-09-28",100,80,2012-09-28,"HA1",2012,"M","Adult",1,0,1,4,0.2,3,7,0.3,4,8,0.333333333333333,4,10,0.285714285714286,5,12,0.294117647058824,6,17,0.260869565217391,6,18,0.25,6,21,0.222222222222222,8,25,0.242424242424242,8,26,0.235294117647059,17,35,0.326923076923077,20,42,0.32258064516129,24,48,0.333333333333333,28,60,0.318181818181818,30,84,0.263157894736842,32,99,0.244274809160305,35,111,0.23972602739726
"4548","66843623","66843623-2012-09-28",100,90,2012-09-28,"HA1",2012,"M","Adult",1,0,0,1,0,1,5,0.166666666666667,2,6,0.25,3,9,0.25,5,15,0.25,5,15,0.25,5,16,0.238095238095238,8,17,0.32,8,20,0.285714285714286,10,21,0.32258064516129,15,31,0.326086956521739,18,37,0.327272727272727,20,44,0.3125,27,54,0.333333333333333,28,74,0.274509803921569,31,95,0.246031746031746,34,106,0.242857142857143
"4551","79612036","79612036-2012-09-12",30,30,2012-09-12,"HA1",2012,"M","NotAdult",1,0,0,0,NA,0,3,0,2,7,0.222222222222222,4,10,0.285714285714286,5,19,0.208333333333333,6,24,0.2,8,26,0.235294117647059,9,34,0.209302325581395,10,40,0.2,11,40,0.215686274509804,18,47,0.276923076923077,18,61,0.227848101265823,23,71,0.24468085106383,28,87,0.243478260869565,33,96,0.255813953488372,33,96,0.255813953488372,33,96,0.255813953488372
"4558","79632292","79632292-2012-09-13",100,10,2012-09-13,"HA1",2012,"M","Adult",0,1,1,2,0.333333333333333,1,5,0.166666666666667,1,5,0.166666666666667,1,7,0.125,1,10,0.0909090909090909,2,11,0.153846153846154,2,11,0.153846153846154,4,14,0.222222222222222,5,14,0.263157894736842,5,14,0.263157894736842,8,19,0.296296296296296,10,27,0.27027027027027,17,35,0.326923076923077,19,41,0.316666666666667,24,59,0.289156626506024,30,80,0.272727272727273,32,88,0.266666666666667
"4587","79618628","79618628-2012-09-27",100,50,2012-09-27,"HA1",2012,"M","Adult",1,0,0,0,NA,0,1,0,2,1,0.666666666666667,3,5,0.375,4,7,0.363636363636364,5,8,0.384615384615385,7,14,0.333333333333333,8,16,0.333333333333333,9,20,0.310344827586207,11,24,0.314285714285714,16,32,0.333333333333333,22,43,0.338461538461538,25,53,0.320512820512821,27,60,0.310344827586207,32,74,0.30188679245283,34,96,0.261538461538462,35,110,0.241379310344828
"4589","79790568","79790568-2012-09-27",90,70,2012-09-27,"HA1",2012,"M","Adult",0,0,1,0,1,4,2,0.666666666666667,5,9,0.357142857142857,5,11,0.3125,5,16,0.238095238095238,6,17,0.260869565217391,7,17,0.291666666666667,11,21,0.34375,15,24,0.384615384615385,15,24,0.384615384615385,21,32,0.39622641509434,21,42,0.333333333333333,27,53,0.3375,29,74,0.281553398058252,32,87,0.26890756302521,34,106,0.242857142857143,35,113,0.236486486486486
"4592","79775849","79775849-2012-09-27",90,30,2012-09-27,"HA1",2012,"F","Adult",1,0,0,0,NA,2,2,0.5,2,6,0.25,3,8,0.272727272727273,5,13,0.277777777777778,6,13,0.315789473684211,9,13,0.409090909090909,9,18,0.333333333333333,10,24,0.294117647058824,11,24,0.314285714285714,16,31,0.340425531914894,19,40,0.322033898305085,22,51,0.301369863013699,29,70,0.292929292929293,32,88,0.266666666666667,36,105,0.25531914893617,36,110,0.246575342465753
"4596","79786569","79786569-2012-09-27",60,100,2012-09-27,"HA1",2012,"M","Adult",0,0,1,3,0.25,6,4,0.6,6,6,0.5,7,10,0.411764705882353,7,14,0.333333333333333,7,16,0.304347826086957,10,18,0.357142857142857,10,20,0.333333333333333,11,21,0.34375,14,24,0.368421052631579,18,38,0.321428571428571,20,55,0.266666666666667,23,63,0.267441860465116,25,74,0.252525252525253,28,84,0.25,31,97,0.2421875,34,110,0.236111111111111
"4598","66866543","66866543-2012-09-27",50,0,2012-09-27,"HA1",2012,"F","NotAdult",0,0,0,1,0,1,2,0.333333333333333,1,2,0.333333333333333,2,7,0.222222222222222,3,11,0.214285714285714,3,12,0.2,3,14,0.176470588235294,6,15,0.285714285714286,8,18,0.307692307692308,9,22,0.290322580645161,13,38,0.254901960784314,18,59,0.233766233766234,21,67,0.238636363636364,22,71,0.236559139784946,25,81,0.235849056603774,29,93,0.237704918032787,36,110,0.246575342465753
"4608","79637279","79637279-2012-09-27",0,80,2012-09-27,"HA1",2012,"M","Adult",1,0,0,0,NA,0,6,0,0,9,0,0,12,0,0,16,0,0,22,0,0,23,0,0,24,0,3,28,0.0967741935483871,3,30,0.0909090909090909,4,42,0.0869565217391304,6,50,0.107142857142857,13,61,0.175675675675676,22,74,0.229166666666667,27,91,0.228813559322034,32,101,0.240601503759398,34,106,0.242857142857143
"4612","79786865","79786865-2012-09-28",60,40,2012-09-28,"HA1",2012,"M","Adult",1,0,0,0,NA,3,3,0.5,5,4,0.555555555555556,8,7,0.533333333333333,9,12,0.428571428571429,10,17,0.37037037037037,11,18,0.379310344827586,12,24,0.333333333333333,13,26,0.333333333333333,13,31,0.295454545454545,24,64,0.272727272727273,28,89,0.239316239316239,36,110,0.246575342465753,38,122,0.2375,38,125,0.233128834355828,38,125,0.233128834355828,38,125,0.233128834355828
"4615","79797793","79797793-2012-09-28",0,10,2012-09-28,"HA1",2012,"F","Adult",0,0,0,1,0,2,9,0.181818181818182,3,15,0.166666666666667,4,16,0.2,6,17,0.260869565217391,6,18,0.25,6,20,0.230769230769231,6,25,0.193548387096774,6,29,0.171428571428571,6,30,0.166666666666667,9,37,0.195652173913043,9,44,0.169811320754717,11,51,0.17741935483871,18,63,0.222222222222222,20,82,0.196078431372549,28,99,0.220472440944882,32,112,0.222222222222222
"4646","79617035","79617035-2012-10-09",100,0,2012-10-09,"HA1",2012,"F","Adult",0,0,0,0,NA,2,2,0.5,2,3,0.4,2,6,0.25,2,7,0.222222222222222,2,9,0.181818181818182,3,14,0.176470588235294,3,15,0.166666666666667,4,16,0.2,4,17,0.19047619047619,9,22,0.290322580645161,11,27,0.289473684210526,14,38,0.269230769230769,19,51,0.271428571428571,25,67,0.271739130434783,30,89,0.252100840336134,34,107,0.24113475177305
"4648","79775849","79775849-2012-10-09",100,40,2012-10-09,"HA1",2012,"F","Adult",1,0,0,0,NA,1,3,0.25,1,5,0.166666666666667,1,7,0.125,3,10,0.230769230769231,3,14,0.176470588235294,7,19,0.269230769230769,10,21,0.32258064516129,10,23,0.303030303030303,11,29,0.275,19,44,0.301587301587302,19,53,0.263888888888889,25,62,0.28735632183908,29,77,0.273584905660377,31,90,0.256198347107438,37,113,0.246666666666667,38,126,0.231707317073171
"4651","79638837","79638837-2012-10-09",100,80,2012-10-09,"HA1",2012,"M","Adult",0,0,1,5,0.166666666666667,4,11,0.266666666666667,5,12,0.294117647058824,5,14,0.263157894736842,6,16,0.272727272727273,7,21,0.25,7,22,0.241379310344828,7,26,0.212121212121212,9,30,0.230769230769231,9,31,0.225,18,40,0.310344827586207,21,48,0.304347826086957,25,54,0.316455696202532,29,66,0.305263157894737,31,90,0.256198347107438,33,105,0.239130434782609,36,117,0.235294117647059
"4652","79619290","79619290-2012-10-09",100,90,2012-10-09,"HA1",2012,"M","Adult",1,1,0,2,0,1,7,0.125,3,8,0.272727272727273,4,13,0.235294117647059,6,19,0.24,6,19,0.24,6,21,0.222222222222222,9,22,0.290322580645161,9,25,0.264705882352941,11,26,0.297297297297297,16,36,0.307692307692308,19,42,0.311475409836066,21,50,0.295774647887324,28,60,0.318181818181818,29,80,0.26605504587156,32,101,0.240601503759398,35,112,0.238095238095238
"4654","79790568","79790568-2012-10-09",90,80,2012-10-09,"HA1",2012,"M","Adult",0,0,2,1,0.666666666666667,4,9,0.307692307692308,5,16,0.238095238095238,6,16,0.272727272727273,7,24,0.225806451612903,9,26,0.257142857142857,9,28,0.243243243243243,11,31,0.261904761904762,16,35,0.313725490196078,17,36,0.320754716981132,19,43,0.306451612903226,23,48,0.323943661971831,27,62,0.303370786516854,30,82,0.267857142857143,31,104,0.22962962962963,36,117,0.235294117647059,37,127,0.225609756097561
"4661","79630840","79630840-2012-10-09",70,70,2012-10-09,"HA1",2012,"F","NotAdult",0,0,0,1,0,0,2,0,3,7,0.3,5,10,0.333333333333333,10,18,0.357142857142857,10,21,0.32258064516129,14,25,0.358974358974359,17,39,0.303571428571429,19,44,0.301587301587302,20,44,0.3125,27,57,0.321428571428571,28,79,0.261682242990654,31,99,0.238461538461538,36,116,0.236842105263158,37,127,0.225609756097561,39,132,0.228070175438596,39,132,0.228070175438596
"4664","79786569","79786569-2012-10-09",60,70,2012-10-09,"HA1",2012,"M","Adult",0,0,0,0,NA,3,2,0.6,3,4,0.428571428571429,5,6,0.454545454545455,6,15,0.285714285714286,6,20,0.230769230769231,8,26,0.235294117647059,15,29,0.340909090909091,17,37,0.314814814814815,20,41,0.327868852459016,27,71,0.275510204081633,28,90,0.23728813559322,31,105,0.227941176470588,37,126,0.226993865030675,38,132,0.223529411764706,39,132,0.228070175438596,39,132,0.228070175438596
"4665","79781605","79781605-2012-10-09",60,40,2012-10-09,"HA1",2012,"F","Adult",1,0,0,1,0,3,4,0.428571428571429,5,5,0.5,8,8,0.5,9,13,0.409090909090909,10,18,0.357142857142857,11,19,0.366666666666667,12,25,0.324324324324324,13,27,0.325,13,32,0.288888888888889,25,67,0.271739130434783,29,94,0.235772357723577,37,117,0.24025974025974,39,129,0.232142857142857,39,132,0.228070175438596,39,132,0.228070175438596,39,132,0.228070175438596
"4678","66887847","66887847-2012-10-10",100,40,2012-10-10,"HA1",2012,"M","Adult",1,0,0,1,0,1,4,0.2,1,6,0.142857142857143,2,8,0.2,4,11,0.266666666666667,4,15,0.210526315789474,8,21,0.275862068965517,11,24,0.314285714285714,11,27,0.289473684210526,12,36,0.25,21,55,0.276315789473684,21,65,0.244186046511628,27,75,0.264705882352941,31,93,0.25,33,107,0.235714285714286,39,132,0.228070175438596,40,146,0.21505376344086
"4685","79792581","79792581-2012-10-11",90,70,2012-10-11,"HA1",2012,"F","Adult",0,0,1,1,0.5,5,7,0.416666666666667,7,17,0.291666666666667,7,20,0.259259259259259,8,28,0.222222222222222,9,31,0.225,10,32,0.238095238095238,14,38,0.269230769230769,19,42,0.311475409836066,19,43,0.306451612903226,25,56,0.308641975308642,25,70,0.263157894736842,31,84,0.269565217391304,33,108,0.234042553191489,36,126,0.222222222222222,39,149,0.207446808510638,40,158,0.202020202020202
"4690","66885846","66885846-2012-10-11",60,20,2012-10-11,"HA1",2012,"M","Adult",0,0,0,2,0,2,5,0.285714285714286,3,5,0.375,4,11,0.266666666666667,7,20,0.259259259259259,8,22,0.266666666666667,8,25,0.242424242424242,9,32,0.219512195121951,10,36,0.217391304347826,14,38,0.269230769230769,19,64,0.228915662650602,24,88,0.214285714285714,30,107,0.218978102189781,32,131,0.196319018404908,40,149,0.211640211640212,41,159,0.205,41,159,0.205
"4693","67124339","67124339-2012-10-11",0,70,2012-10-11,"HA1",2012,"M","Adult",0,0,0,0,NA,0,2,0,0,6,0,1,12,0.0769230769230769,1,19,0.05,1,22,0.0434782608695652,1,27,0.0357142857142857,1,34,0.0285714285714286,2,43,0.0444444444444444,2,44,0.0434782608695652,6,58,0.09375,8,69,0.103896103896104,18,90,0.166666666666667,25,105,0.192307692307692,30,122,0.197368421052632,36,138,0.206896551724138,39,154,0.202072538860104
"4718","66808052","66808052-2012-10-09",0,0,2012-10-09,"HA1",2012,"M","Adult",0,0,1,0,1,2,5,0.285714285714286,3,10,0.230769230769231,3,14,0.176470588235294,4,17,0.19047619047619,5,17,0.227272727272727,5,19,0.208333333333333,6,20,0.230769230769231,6,22,0.214285714285714,7,23,0.233333333333333,8,35,0.186046511627907,9,42,0.176470588235294,12,51,0.19047619047619,13,59,0.180555555555556,20,70,0.222222222222222,21,89,0.190909090909091,29,105,0.216417910447761
"4729","79783071","79783071-2012-10-09",0,40,2012-10-09,"HA1",2012,"F","NotAdult",0,0,0,1,0,0,6,0,1,6,0.142857142857143,1,12,0.0769230769230769,1,18,0.0526315789473684,2,21,0.0869565217391304,2,24,0.0769230769230769,4,33,0.108108108108108,5,35,0.125,6,37,0.13953488372093,9,51,0.15,10,63,0.136986301369863,19,79,0.193877551020408,24,84,0.222222222222222,28,104,0.212121212121212,35,115,0.233333333333333,39,130,0.230769230769231
"4734","79630010","79630010-2012-10-09",20,60,2012-10-09,"HA1",2012,"F","Adult",1,0,0,3,0,0,6,0,1,9,0.1,1,12,0.0769230769230769,1,20,0.0476190476190476,1,24,0.04,1,26,0.037037037037037,2,32,0.0588235294117647,3,39,0.0714285714285714,7,42,0.142857142857143,17,65,0.207317073170732,22,85,0.205607476635514,29,99,0.2265625,35,113,0.236486486486486,37,130,0.221556886227545,39,132,0.228070175438596,39,132,0.228070175438596
"4735","67089554","67089554-2012-10-09",30,60,2012-10-09,"HA1",2012,"F","Adult",0,0,0,0,NA,1,5,0.166666666666667,1,8,0.111111111111111,1,9,0.1,1,16,0.0588235294117647,1,24,0.04,4,26,0.133333333333333,4,32,0.111111111111111,5,40,0.111111111111111,8,45,0.150943396226415,20,77,0.206185567010309,26,93,0.218487394957983,34,109,0.237762237762238,37,128,0.224242424242424,39,132,0.228070175438596,39,132,0.228070175438596,39,132,0.228070175438596
"4736","79769626","79769626-2012-10-09",40,80,2012-10-09,"HA1",2012,"F","Adult",1,0,0,1,0,0,3,0,0,5,0,0,6,0,6,11,0.352941176470588,10,21,0.32258064516129,10,24,0.294117647058824,11,34,0.244444444444444,13,42,0.236363636363636,13,46,0.220338983050847,19,72,0.208791208791209,27,83,0.245454545454545,31,98,0.24031007751938,34,112,0.232876712328767,37,130,0.221556886227545,39,132,0.228070175438596,39,132,0.228070175438596
"4751","79639272","79639272-2012-10-10",0,90,2012-10-10,"HA1",2012,"M","Adult",0,0,1,3,0.25,1,10,0.0909090909090909,1,16,0.0588235294117647,1,17,0.0555555555555556,1,21,0.0454545454545455,1,22,0.0434782608695652,1,23,0.0416666666666667,4,26,0.133333333333333,4,30,0.117647058823529,4,33,0.108108108108108,5,43,0.104166666666667,8,52,0.133333333333333,13,68,0.160493827160494,16,86,0.156862745098039,25,104,0.193798449612403,34,119,0.222222222222222,38,136,0.218390804597701
"4754","79778567","79778567-2012-10-10",10,0,2012-10-10,"HA1",2012,"F","Adult",1,0,1,3,0.25,3,10,0.230769230769231,4,12,0.25,4,16,0.2,5,20,0.2,5,21,0.192307692307692,7,21,0.25,7,23,0.233333333333333,8,25,0.242424242424242,8,30,0.210526315789474,8,39,0.170212765957447,12,51,0.19047619047619,13,62,0.173333333333333,19,73,0.206521739130435,20,88,0.185185185185185,24,111,0.177777777777778,32,127,0.20125786163522
"4755","79785369","79785369-2012-10-10",30,10,2012-10-10,"HA1",2012,"M","NotAdult",0,0,0,1,0,1,3,0.25,4,5,0.444444444444444,5,11,0.3125,6,21,0.222222222222222,7,21,0.25,7,24,0.225806451612903,8,35,0.186046511627907,10,40,0.2,11,42,0.207547169811321,14,59,0.191780821917808,19,69,0.215909090909091,22,78,0.22,23,99,0.188524590163934,31,119,0.206666666666667,39,147,0.209677419354839,41,152,0.212435233160622
"4764","79639272","79639272-2012-10-23",0,80,2012-10-23,"HA1",2012,"M","Adult",0,0,0,1,0,1,10,0.0909090909090909,1,14,0.0666666666666667,1,17,0.0555555555555556,1,23,0.0416666666666667,1,30,0.032258064516129,1,31,0.03125,1,32,0.0303030303030303,4,38,0.0952380952380952,4,42,0.0869565217391304,5,55,0.0833333333333333,7,64,0.0985915492957746,14,78,0.152173913043478,23,102,0.184,30,122,0.197368421052632,35,141,0.198863636363636,39,156,0.2
"4777","66843623","66843623-2012-10-24",100,70,2012-10-24,"HA1",2012,"M","Adult",0,0,1,4,0.2,4,12,0.25,7,14,0.333333333333333,9,18,0.333333333333333,9,23,0.28125,9,28,0.243243243243243,9,32,0.219512195121951,10,35,0.222222222222222,12,41,0.226415094339623,12,44,0.214285714285714,25,62,0.28735632183908,30,73,0.29126213592233,30,87,0.256410256410256,36,104,0.257142857142857,36,129,0.218181818181818,40,149,0.211640211640212,42,173,0.195348837209302
"4778","79776883","79776883-2012-10-24",100,90,2012-10-24,"HA1",2012,"M","Adult",1,0,2,3,0.4,3,9,0.25,5,12,0.294117647058824,6,18,0.25,8,25,0.242424242424242,8,25,0.242424242424242,9,28,0.243243243243243,12,31,0.27906976744186,12,35,0.25531914893617,14,36,0.28,19,51,0.271428571428571,22,60,0.268292682926829,26,72,0.26530612244898,33,85,0.279661016949153,34,113,0.231292517006803,37,141,0.207865168539326,40,157,0.203045685279188
"4785","79770053","79770053-2012-10-25",10,20,2012-10-25,"HA1",2012,"M","Adult",0,0,0,3,0,3,12,0.2,4,18,0.181818181818182,5,27,0.15625,7,38,0.155555555555556,7,41,0.145833333333333,8,42,0.16,8,45,0.150943396226415,10,48,0.172413793103448,10,50,0.166666666666667,10,69,0.126582278481013,12,84,0.125,21,100,0.173553719008264,23,126,0.154362416107383,32,148,0.177777777777778,41,176,0.188940092165899,44,190,0.188034188034188
"4787","79772013","79772013-2012-10-25",30,50,2012-10-25,"HA1",2012,"M","Adult",0,1,1,2,0.333333333333333,1,6,0.142857142857143,1,15,0.0625,1,17,0.0555555555555556,1,25,0.0384615384615385,2,27,0.0689655172413793,2,32,0.0588235294117647,7,41,0.145833333333333,9,55,0.140625,11,59,0.157142857142857,22,105,0.173228346456693,29,144,0.167630057803468,38,160,0.191919191919192,42,186,0.184210526315789,46,195,0.190871369294606,46,195,0.190871369294606,46,195,0.190871369294606
"4835","79790568","79790568-2012-10-23",100,90,2012-10-23,"HA1",2012,"M","Adult",0,0,1,2,0.333333333333333,2,8,0.2,4,11,0.266666666666667,5,17,0.227272727272727,7,24,0.225806451612903,7,24,0.225806451612903,8,27,0.228571428571429,11,29,0.275,11,33,0.25,13,34,0.276595744680851,18,48,0.272727272727273,21,55,0.276315789473684,23,65,0.261363636363636,30,77,0.280373831775701,31,103,0.23134328358209,34,129,0.208588957055215,37,143,0.205555555555556
"4841","79786569","79786569-2012-10-23",70,100,2012-10-23,"HA1",2012,"M","Adult",0,0,2,2,0.5,4,12,0.25,6,14,0.3,7,15,0.318181818181818,7,19,0.269230769230769,9,22,0.290322580645161,9,24,0.272727272727273,10,29,0.256410256410256,12,39,0.235294117647059,15,44,0.254237288135593,22,54,0.289473684210526,23,67,0.255555555555556,26,90,0.224137931034483,30,108,0.217391304347826,31,124,0.2,36,143,0.201117318435754,39,159,0.196969696969697
"4846","66872112","66872112-2012-10-23",10,70,2012-10-23,"HA1",2012,"M","Adult",1,0,0,1,0,0,8,0,0,13,0,0,16,0,1,25,0.0384615384615385,2,28,0.0666666666666667,2,34,0.0555555555555556,2,47,0.0408163265306122,5,53,0.0862068965517241,6,53,0.101694915254237,7,65,0.0972222222222222,16,87,0.155339805825243,24,103,0.188976377952756,29,124,0.189542483660131,35,140,0.2,39,162,0.194029850746269,41,166,0.198067632850242
"4854","67088839","67088839-2012-10-23",20,60,2012-10-23,"HA1",2012,"M","Adult",1,0,0,4,0,0,9,0,1,12,0.0769230769230769,1,15,0.0625,1,25,0.0384615384615385,1,31,0.03125,1,33,0.0294117647058824,2,39,0.0487804878048781,3,48,0.0588235294117647,7,51,0.120689655172414,17,78,0.178947368421053,22,103,0.176,29,123,0.190789473684211,36,140,0.204545454545455,39,164,0.192118226600985,41,167,0.197115384615385,41,167,0.197115384615385
"4856","67069635","67069635-2012-10-23",30,0,2012-10-23,"HA1",2012,"F","Adult",1,0,0,1,0,1,4,0.2,2,4,0.333333333333333,3,12,0.2,6,19,0.24,6,23,0.206896551724138,7,26,0.212121212121212,7,30,0.189189189189189,8,36,0.181818181818182,9,41,0.18,13,58,0.183098591549296,15,69,0.178571428571429,19,79,0.193877551020408,22,96,0.186440677966102,23,111,0.171641791044776,34,138,0.197674418604651,39,161,0.195
"4859","66828572","66828572-2012-10-23",50,0,2012-10-23,"HA1",2012,"M","Adult",1,0,0,3,0,1,4,0.2,1,5,0.166666666666667,2,11,0.153846153846154,3,17,0.15,3,19,0.136363636363636,3,21,0.125,6,22,0.214285714285714,8,25,0.242424242424242,9,30,0.230769230769231,14,55,0.202898550724638,19,78,0.195876288659794,22,92,0.192982456140351,24,100,0.193548387096774,28,120,0.189189189189189,32,139,0.187134502923977,41,164,0.2
"4862","67088367","67088367-2012-10-23",70,40,2012-10-23,"HA1",2012,"F","NotAdult",0,0,1,0,1,3,2,0.6,6,7,0.461538461538462,7,11,0.388888888888889,10,21,0.32258064516129,11,22,0.333333333333333,11,27,0.289473684210526,11,33,0.25,14,41,0.254545454545455,15,46,0.245901639344262,23,85,0.212962962962963,30,106,0.220588235294118,35,129,0.213414634146341,39,155,0.201030927835052,41,164,0.2,41,167,0.197115384615385,41,167,0.197115384615385
"4864","79638837","79638837-2012-10-23",100,90,2012-10-23,"HA1",2012,"M","Adult",0,1,1,2,0.333333333333333,2,8,0.2,4,11,0.266666666666667,5,17,0.227272727272727,7,24,0.225806451612903,7,24,0.225806451612903,8,27,0.228571428571429,11,29,0.275,11,33,0.25,13,34,0.276595744680851,18,48,0.272727272727273,21,55,0.276315789473684,23,65,0.261363636363636,30,77,0.280373831775701,31,103,0.23134328358209,34,129,0.208588957055215,37,143,0.205555555555556
"4865","79775849","79775849-2012-10-23",100,20,2012-10-23,"HA1",2012,"F","Adult",0,0,0,2,0,2,6,0.25,2,10,0.166666666666667,2,15,0.117647058823529,4,17,0.19047619047619,4,18,0.181818181818182,4,20,0.166666666666667,5,21,0.192307692307692,7,27,0.205882352941176,8,30,0.210526315789474,13,45,0.224137931034483,19,61,0.2375,23,70,0.247311827956989,25,84,0.229357798165138,32,112,0.222222222222222,36,133,0.21301775147929,40,149,0.211640211640212
"4908","79782524","79782524-2012-10-24",40,100,2012-10-24,"HA1",2012,"F","Adult",1,0,0,1,0,4,6,0.4,4,8,0.333333333333333,5,17,0.227272727272727,7,20,0.259259259259259,7,22,0.241379310344828,9,28,0.243243243243243,9,34,0.209302325581395,9,41,0.18,10,47,0.175438596491228,14,72,0.162790697674419,19,86,0.180952380952381,25,114,0.179856115107914,33,121,0.214285714285714,36,140,0.204545454545455,39,157,0.198979591836735,44,183,0.193832599118943
"4910","79797884","79797884-2012-10-24",30,80,2012-10-24,"HA1",2012,"M","Adult",0,0,0,0,NA,0,4,0,0,8,0,3,19,0.136363636363636,3,34,0.0810810810810811,4,38,0.0952380952380952,5,43,0.104166666666667,8,51,0.135593220338983,12,59,0.169014084507042,12,60,0.166666666666667,15,88,0.145631067961165,22,104,0.174603174603175,29,127,0.185897435897436,38,151,0.201058201058201,42,173,0.195348837209302,44,183,0.193832599118943,44,184,0.192982456140351
"4913","79789358","79789358-2012-10-24",0,60,2012-10-24,"HA1",2012,"M","Adult",1,0,0,0,NA,0,3,0,0,5,0,0,14,0,0,25,0,0,29,0,1,35,0.0277777777777778,3,40,0.0697674418604651,3,43,0.0652173913043478,3,49,0.0576923076923077,7,71,0.0897435897435897,14,87,0.138613861386139,20,105,0.16,26,125,0.172185430463576,31,143,0.17816091954023,38,156,0.195876288659794,42,180,0.189189189189189
"4919","79797793","79797793-2012-11-20",0,10,2012-11-20,"HA1",2012,"F","Adult",1,0,0,3,0,3,14,0.176470588235294,4,23,0.148148148148148,5,25,0.166666666666667,7,28,0.2,7,29,0.194444444444444,7,33,0.175,7,39,0.152173913043478,7,43,0.14,7,44,0.137254901960784,12,53,0.184615384615385,12,70,0.146341463414634,14,83,0.144329896907216,22,104,0.174603174603175,25,137,0.154320987654321,34,163,0.17258883248731,38,185,0.170403587443946
"4920","66872112","66872112-2012-11-20",0,60,2012-11-20,"HA1",2012,"M","Adult",1,0,0,1,0,0,4,0,0,6,0,0,15,0,0,26,0,0,30,0,1,36,0.027027027027027,5,42,0.106382978723404,5,46,0.0980392156862745,5,53,0.0862068965517241,9,84,0.0967741935483871,17,103,0.141666666666667,23,123,0.157534246575342,30,146,0.170454545454545,35,166,0.174129353233831,42,182,0.1875,47,210,0.182879377431907
"4921","79623797","79623797-2012-11-20",0,90,2012-11-20,"HA1",2012,"M","Adult",0,0,1,4,0.2,1,12,0.0769230769230769,1,20,0.0476190476190476,1,22,0.0434782608695652,1,28,0.0344827586206897,1,29,0.0333333333333333,1,34,0.0285714285714286,4,40,0.0909090909090909,4,45,0.0816326530612245,4,48,0.0769230769230769,7,63,0.1,10,75,0.117647058823529,15,92,0.14018691588785,18,115,0.135338345864662,29,142,0.169590643274854,41,171,0.193396226415094,46,193,0.192468619246862
"4926","66808052","66808052-2012-11-07",20,20,2012-11-07,"HA1",2012,"M","Adult",1,0,1,0,1,2,7,0.222222222222222,4,16,0.2,5,26,0.161290322580645,6,41,0.127659574468085,9,45,0.166666666666667,9,48,0.157894736842105,11,50,0.180327868852459,11,57,0.161764705882353,11,66,0.142857142857143,13,78,0.142857142857143,22,90,0.196428571428571,23,113,0.169117647058824,26,143,0.153846153846154,38,176,0.177570093457944,45,197,0.18595041322314,48,202,0.192
"4928","79782524","79782524-2012-11-07",80,70,2012-11-07,"HA1",2012,"F","Adult",0,0,0,0,NA,1,8,0.111111111111111,4,12,0.25,5,23,0.178571428571429,12,34,0.260869565217391,17,41,0.293103448275862,18,44,0.290322580645161,22,52,0.297297297297297,23,62,0.270588235294118,24,64,0.272727272727273,30,77,0.280373831775701,35,101,0.257352941176471,38,129,0.227544910179641,40,160,0.2,44,181,0.195555555555556,46,201,0.186234817813765,48,202,0.192
"4933","79772013","79772013-2012-11-07",30,50,2012-11-07,"HA1",2012,"M","Adult",0,1,2,2,0.5,2,6,0.25,2,15,0.117647058823529,2,17,0.105263157894737,2,25,0.0740740740740741,3,27,0.1,3,32,0.0857142857142857,8,41,0.163265306122449,10,57,0.149253731343284,12,63,0.16,23,111,0.171641791044776,30,151,0.165745856353591,39,167,0.189320388349515,43,193,0.182203389830508,48,202,0.192,48,202,0.192,48,202,0.192
"4937","79623797","79623797-2012-11-08",30,50,2012-11-08,"HA1",2012,"M","Adult",0,0,3,2,0.6,3,6,0.333333333333333,3,15,0.166666666666667,3,17,0.15,3,25,0.107142857142857,4,27,0.129032258064516,4,32,0.111111111111111,9,43,0.173076923076923,11,59,0.157142857142857,13,66,0.164556962025316,24,114,0.173913043478261,31,157,0.164893617021277,40,175,0.186046511627907,44,201,0.179591836734694,49,211,0.188461538461538,49,211,0.188461538461538,49,211,0.188461538461538
"4974","79783063","79783063-2012-11-07",100,100,2012-11-07,"HA1",2012,"F","Adult",1,0,0,0,NA,3,5,0.375,3,5,0.375,5,14,0.263157894736842,7,18,0.28,7,20,0.259259259259259,10,28,0.263157894736842,11,33,0.25,11,33,0.25,13,37,0.26,17,46,0.26984126984127,22,58,0.275,27,72,0.272727272727273,31,89,0.258333333333333,37,115,0.243421052631579,38,144,0.208791208791209,40,163,0.197044334975369
"4975","79790568","79790568-2012-11-07",90,80,2012-11-07,"HA1",2012,"M","Adult",0,0,2,2,0.5,4,12,0.25,8,23,0.258064516129032,9,24,0.272727272727273,11,34,0.244444444444444,13,39,0.25,13,41,0.240740740740741,15,46,0.245901639344262,21,50,0.295774647887324,22,53,0.293333333333333,25,65,0.277777777777778,30,75,0.285714285714286,35,101,0.257352941176471,38,128,0.228915662650602,39,159,0.196969696969697,44,180,0.196428571428571,45,193,0.189075630252101
"4976","79776883","79776883-2012-11-07",90,80,2012-11-07,"HA1",2012,"M","Adult",1,0,2,2,0.5,4,12,0.25,8,23,0.258064516129032,9,24,0.272727272727273,11,34,0.244444444444444,13,39,0.25,13,41,0.240740740740741,15,46,0.245901639344262,21,50,0.295774647887324,22,53,0.293333333333333,25,65,0.277777777777778,30,75,0.285714285714286,35,101,0.257352941176471,38,128,0.228915662650602,39,159,0.196969696969697,44,180,0.196428571428571,45,193,0.189075630252101
"5010","79639272","79639272-2012-11-20",10,90,2012-11-20,"HA1",2012,"M","Adult",0,0,0,3,0,1,16,0.0588235294117647,1,25,0.0384615384615385,1,31,0.03125,4,38,0.0952380952380952,4,38,0.0952380952380952,4,41,0.0888888888888889,4,52,0.0714285714285714,4,54,0.0689655172413793,4,55,0.0677966101694915,10,68,0.128205128205128,15,85,0.15,17,104,0.140495867768595,26,130,0.166666666666667,37,163,0.185,46,192,0.19327731092437,47,203,0.188
"5012","79789358","79789358-2012-11-20",10,30,2012-11-20,"HA1",2012,"M","Adult",1,0,1,0,1,1,9,0.1,2,19,0.0952380952380952,3,26,0.103448275862069,4,35,0.102564102564103,7,40,0.148936170212766,8,46,0.148148148148148,11,57,0.161764705882353,11,60,0.154929577464789,11,62,0.150684931506849,14,79,0.150537634408602,19,99,0.161016949152542,25,127,0.164473684210526,31,153,0.168478260869565,36,174,0.171428571428571,45,203,0.181451612903226,49,214,0.186311787072243
"5015","66808052","66808052-2012-11-20",40,20,2012-11-20,"HA1",2012,"M","Adult",1,0,1,1,0.5,1,4,0.2,1,7,0.125,3,13,0.1875,6,25,0.193548387096774,6,33,0.153846153846154,6,38,0.136363636363636,13,48,0.213114754098361,16,65,0.197530864197531,16,71,0.183908045977011,24,96,0.2,26,116,0.183098591549296,29,143,0.168604651162791,36,173,0.172248803827751,46,209,0.180392156862745,49,215,0.185606060606061,49,215,0.185606060606061
"5016","79772013","79772013-2012-11-21",0,90,2012-11-21,"HA1",2012,"M","Adult",0,0,1,5,0.166666666666667,1,14,0.0666666666666667,1,23,0.0416666666666667,1,25,0.0384615384615385,1,31,0.03125,1,32,0.0303030303030303,1,38,0.0256410256410256,4,45,0.0816326530612245,4,50,0.0740740740740741,4,53,0.0701754385964912,8,69,0.103896103896104,11,82,0.118279569892473,16,100,0.137931034482759,19,126,0.131034482758621,31,154,0.167567567567568,43,184,0.18942731277533,48,206,0.188976377952756
"5022","79790568","79790568-2012-12-04",100,90,2012-12-04,"HA1",2012,"M","Adult",1,1,3,4,0.428571428571429,4,12,0.25,7,19,0.269230769230769,8,26,0.235294117647059,11,33,0.25,11,35,0.239130434782609,12,38,0.24,15,43,0.258620689655172,15,47,0.241935483870968,17,49,0.257575757575758,24,66,0.266666666666667,27,79,0.254716981132075,31,97,0.2421875,39,115,0.253246753246753,42,147,0.222222222222222,45,179,0.200892857142857,48,200,0.193548387096774
"5024","66843623","66843623-2012-12-04",100,100,2012-12-04,"HA1",2012,"M","Adult",1,0,0,2,0,3,7,0.3,3,7,0.3,6,16,0.272727272727273,9,24,0.272727272727273,9,26,0.257142857142857,12,35,0.25531914893617,13,40,0.245283018867925,13,42,0.236363636363636,15,46,0.245901639344262,19,58,0.246753246753247,25,72,0.257731958762887,30,90,0.25,34,107,0.24113475177305,42,136,0.235955056179775,43,168,0.203791469194313,45,190,0.191489361702128
"5027","79786569","79786569-2012-12-04",70,100,2012-12-04,"HA1",2012,"M","Adult",0,0,2,4,0.333333333333333,5,14,0.263157894736842,7,17,0.291666666666667,8,19,0.296296296296296,9,24,0.272727272727273,12,33,0.266666666666667,12,39,0.235294117647059,15,48,0.238095238095238,17,59,0.223684210526316,20,66,0.232558139534884,28,84,0.25,29,101,0.223076923076923,35,130,0.212121212121212,40,153,0.207253886010363,42,175,0.193548387096774,47,199,0.191056910569106,50,220,0.185185185185185
"5040","79775849","79775849-2012-11-20",80,40,2012-11-20,"HA1",2012,"F","Adult",0,0,0,0,NA,3,5,0.375,8,8,0.5,8,16,0.333333333333333,11,25,0.305555555555556,15,32,0.319148936170213,15,36,0.294117647058824,16,44,0.266666666666667,19,57,0.25,19,61,0.2375,24,92,0.206896551724138,34,117,0.225165562913907,40,146,0.21505376344086,45,175,0.204545454545455,48,205,0.189723320158103,49,215,0.185606060606061,49,215,0.185606060606061
"5046","79786569","79786569-2012-11-20",60,90,2012-11-20,"HA1",2012,"M","Adult",0,0,2,0,1,3,9,0.25,6,16,0.272727272727273,6,21,0.222222222222222,7,33,0.175,7,36,0.162790697674419,10,40,0.2,15,53,0.220588235294118,16,57,0.219178082191781,19,64,0.228915662650602,28,101,0.217054263565891,33,123,0.211538461538462,37,142,0.206703910614525,39,160,0.195979899497487,43,181,0.191964285714286,46,209,0.180392156862745,49,215,0.185606060606061
"5055","79782524","79782524-2012-11-21",100,100,2012-11-21,"HA1",2012,"F","Adult",0,0,0,1,0,3,6,0.333333333333333,3,6,0.333333333333333,6,15,0.285714285714286,8,22,0.266666666666667,8,24,0.25,11,33,0.25,12,38,0.24,12,40,0.230769230769231,14,44,0.241379310344828,18,55,0.246575342465753,24,69,0.258064516129032,29,87,0.25,33,104,0.240875912408759,40,133,0.23121387283237,41,165,0.199029126213592,43,186,0.187772925764192
"5058","79790568","79790568-2012-11-21",90,60,2012-11-21,"HA1",2012,"M","Adult",1,0,1,0,1,3,5,0.375,4,16,0.2,7,23,0.233333333333333,10,37,0.212765957446809,11,38,0.224489795918367,15,39,0.277777777777778,19,52,0.267605633802817,21,58,0.265822784810127,21,59,0.2625,31,93,0.25,34,110,0.236111111111111,39,136,0.222857142857143,43,159,0.212871287128713,46,191,0.194092827004219,49,223,0.180147058823529,51,228,0.182795698924731
"5061","66843623","66843623-2012-11-22",90,80,2012-11-22,"HA1",2012,"M","Adult",0,1,2,6,0.25,4,16,0.2,8,29,0.216216216216216,9,31,0.225,12,43,0.218181818181818,14,49,0.222222222222222,14,51,0.215384615384615,16,57,0.219178082191781,22,62,0.261904761904762,23,65,0.261363636363636,27,81,0.25,32,92,0.258064516129032,38,121,0.238993710691824,41,150,0.214659685863874,42,183,0.186666666666667,47,209,0.18359375,48,222,0.177777777777778
"5096","79772013","79772013-2012-12-04",10,20,2012-12-04,"HA1",2012,"M","Adult",0,0,0,4,0,3,16,0.157894736842105,4,23,0.148148148148148,5,32,0.135135135135135,7,43,0.14,7,46,0.132075471698113,8,48,0.142857142857143,8,51,0.135593220338983,12,55,0.17910447761194,12,58,0.171428571428571,12,80,0.130434782608696,14,95,0.128440366972477,24,114,0.173913043478261,26,147,0.15028901734104,36,177,0.169014084507042,46,211,0.178988326848249,50,225,0.181818181818182
"5098","79630010","79630010-2012-12-04",20,70,2012-12-04,"HA1",2012,"F","Adult",1,0,0,1,0,0,9,0,0,17,0,0,22,0,3,40,0.0697674418604651,4,49,0.0754716981132075,4,55,0.0677966101694915,7,71,0.0897435897435897,8,82,0.0888888888888889,8,84,0.0869565217391304,17,103,0.141666666666667,26,130,0.166666666666667,32,163,0.164102564102564,44,195,0.184100418410042,51,220,0.188191881918819,53,231,0.186619718309859,53,232,0.185964912280702
"5140","79783063","79783063-2012-12-06",100,90,2012-12-06,"HA1",2012,"F","Adult",0,1,4,4,0.5,5,14,0.263157894736842,8,21,0.275862068965517,10,28,0.263157894736842,13,35,0.270833333333333,13,37,0.26,14,40,0.259259259259259,17,46,0.26984126984127,17,50,0.253731343283582,20,52,0.277777777777778,27,70,0.278350515463918,30,83,0.265486725663717,34,102,0.25,42,120,0.259259259259259,45,155,0.225,48,187,0.204255319148936,51,208,0.196911196911197
"5156","79638027","79638027-2012-12-19",0,20,2012-12-19,"HA1",2012,"M","Adult",0,0,0,4,0,0,15,0,2,22,0.0833333333333333,5,26,0.161290322580645,7,36,0.162790697674419,7,41,0.145833333333333,7,43,0.14,7,46,0.132075471698113,7,51,0.120689655172414,8,55,0.126984126984127,12,69,0.148148148148148,12,88,0.12,15,109,0.120967741935484,25,137,0.154320987654321,31,171,0.153465346534653,40,194,0.170940170940171,49,220,0.182156133828996
"5160","79631608","79631608-2012-12-19",30,100,2012-12-19,"HA1",2012,"F","Adult",1,0,3,5,0.375,3,15,0.166666666666667,3,18,0.142857142857143,5,24,0.172413793103448,6,34,0.15,6,42,0.125,7,50,0.12280701754386,11,60,0.154929577464789,11,65,0.144736842105263,13,71,0.154761904761905,22,92,0.192982456140351,22,109,0.16793893129771,28,137,0.16969696969697,41,164,0.2,48,188,0.203389830508475,52,211,0.197718631178707,57,237,0.193877551020408
"5201","79623028","79623028-2012-12-18",0,100,2012-12-18,"HA1",2012,"M","Adult",1,0,0,3,0,1,13,0.0714285714285714,1,17,0.0555555555555556,1,22,0.0434782608695652,1,28,0.0344827586206897,1,29,0.0333333333333333,4,35,0.102564102564103,4,41,0.0888888888888889,4,44,0.0833333333333333,4,49,0.0754716981132075,5,64,0.072463768115942,10,80,0.111111111111111,15,96,0.135135135135135,21,116,0.153284671532847,25,145,0.147058823529412,39,180,0.178082191780822,52,208,0.2
"5202","52826884","52826884-2012-12-18",10,100,2012-12-18,"HA1",2012,"M","Adult",0,1,0,4,0,0,14,0,1,21,0.0454545454545455,4,31,0.114285714285714,4,38,0.0952380952380952,4,39,0.0930232558139535,4,44,0.0833333333333333,4,49,0.0754716981132075,4,52,0.0714285714285714,5,54,0.0847457627118644,7,72,0.0886075949367089,15,89,0.144230769230769,21,106,0.165354330708661,23,130,0.150326797385621,34,166,0.17,49,202,0.195219123505976,54,219,0.197802197802198
"5211","79783063","79783063-2012-12-19",100,90,2012-12-19,"HA1",2012,"F","Adult",0,0,5,4,0.555555555555556,6,14,0.3,9,21,0.3,11,28,0.282051282051282,14,35,0.285714285714286,14,37,0.274509803921569,16,40,0.285714285714286,19,46,0.292307692307692,19,50,0.27536231884058,22,52,0.297297297297297,29,70,0.292929292929293,32,83,0.278260869565217,36,102,0.260869565217391,44,120,0.268292682926829,47,155,0.232673267326733,51,187,0.214285714285714,54,209,0.20532319391635
"5212","79786569","79786569-2012-12-19",50,50,2012-12-19,"HA1",2012,"M","Adult",0,0,0,1,0,0,4,0,3,7,0.3,8,12,0.4,11,20,0.354838709677419,13,23,0.361111111111111,13,33,0.282608695652174,14,55,0.202898550724638,15,64,0.189873417721519,16,67,0.192771084337349,32,126,0.20253164556962,47,204,0.187250996015936,57,233,0.196551724137931,59,243,0.195364238410596,59,243,0.195364238410596,59,243,0.195364238410596,59,243,0.195364238410596
