"","ID","ID.CapDate","lat","long","Capture.date","Grid","year","Sex","Age","MHV","Tryps","NoInf_0","NoUninf_0","Prev_0","NoInf_10","NoUninf_10","Prev_10","NoInf_14.1","NoUninf_14.1","Prev_14.1","NoInf_20","NoUninf_20","Prev_20","NoInf_22.4","NoUninf_22.4","Prev_22.4","NoInf_28.3","NoUninf_28.3","Prev_28.3","NoInf_30","NoUninf_30","Prev_30","NoInf_31.6","NoUninf_31.6","Prev_31.6","NoInf_36.1","NoUninf_36.1","Prev_36.1","NoInf_40","NoUninf_40","Prev_40","NoInf_50","NoUninf_50","Prev_50","NoInf_60","NoUninf_60","Prev_60","NoInf_70","NoUninf_70","Prev_70","NoInf_80","NoUninf_80","Prev_80","NoInf_90","NoUninf_90","Prev_90","NoInf_100","NoUninf_100","Prev_100","NoInf_110","NoUninf_110","Prev_110"
"4014","66883112","66883112-2012-06-06",70,100,2012-06-06,"HA1",2012,"F","Adult",1,0,0,0,NA,0,0,NA,0,0,NA,0,0,NA,0,0,NA,0,0,NA,0,0,NA,0,0,NA,0,0,NA,0,0,NA,0,0,NA,0,0,NA,0,0,NA,0,0,NA,0,0,NA,0,0,NA,0,0,NA
"4016","49829569","49829569-2012-06-06",30,40,2012-06-06,"HA1",2012,"F","Adult",0,0,0,0,NA,0,0,NA,0,0,NA,0,0,NA,0,0,NA,0,0,NA,0,0,NA,0,0,NA,0,0,NA,0,0,NA,0,0,NA,0,0,NA,0,0,NA,0,0,NA,0,0,NA,0,0,NA,0,0,NA
"4020","66865371","66865371-2012-06-07",10,80,2012-06-07,"HA1",2012,"M","Adult",0,0,0,0,NA,0,1,0,0,1,0,0,1,0,0,2,0,0,3,0,0,3,0,0,3,0,0,3,0,0,3,0,0,4,0,0,4,0,0,8,0,0,8,0,0,9,0,0,9,0,0,9,0
"4024","66863517","66863517-2012-06-07",40,40,2012-06-07,"HA1",2012,"F","NotAdult",0,0,0,0,NA,0,1,0,0,1,0,0,1,0,0,1,0,0,2,0,0,2,0,0,2,0,0,2,0,0,2,0,0,6,0,0,7,0,0,9,0,0,9,0,0,9,0,0,9,0,0,9,0
"4028","66855330","66855330-2012-06-08",10,0,2012-06-08,"HA1",2012,"M","Adult",0,0,0,0,NA,0,2,0,0,2,0,0,2,0,0,3,0,0,3,0,0,3,0,0,3,0,0,3,0,0,3,0,0,5,0,0,6,0,0,7,0,0,10,0,0,11,0,0,11,0,0,12,0
"4044","49847790","49847790-2012-06-06",10,90,2012-06-06,"HA1",2012,"F","Adult",0,0,0,0,NA,0,0,NA,0,0,NA,0,0,NA,0,0,NA,0,0,NA,0,0,NA,0,0,NA,0,0,NA,0,0,NA,0,0,NA,0,0,NA,0,0,NA,0,0,NA,0,0,NA,0,0,NA,0,0,NA
"4046","49811771","49811771-2012-06-06",10,10,2012-06-06,"HA1",2012,"F","Adult",0,0,0,0,NA,0,0,NA,0,0,NA,0,0,NA,0,0,NA,0,0,NA,0,0,NA,0,0,NA,0,0,NA,0,0,NA,0,0,NA,0,0,NA,0,0,NA,0,0,NA,0,0,NA,0,0,NA,0,0,NA
"4048","52842550","52842550-2012-06-06",30,100,2012-06-06,"HA1",2012,"F","Adult",1,0,0,0,NA,0,0,NA,0,0,NA,0,0,NA,0,0,NA,0,0,NA,0,0,NA,0,0,NA,0,0,NA,0,0,NA,0,0,NA,0,0,NA,0,0,NA,0,0,NA,0,0,NA,0,0,NA,0,0,NA
"4056","66861012","66861012-2012-06-07",100,80,2012-06-07,"HA1",2012,"F","Adult",1,0,0,0,NA,0,0,NA,0,0,NA,0,0,NA,0,0,NA,0,0,NA,0,0,NA,0,0,NA,0,1,0,0,1,0,0,1,0,0,2,0,0,2,0,0,3,0,0,5,0,0,6,0,0,6,0
"4081","49811771","49811771-2012-06-19",10,20,2012-06-19,"HA1",2012,"F","Adult",0,0,0,0,NA,0,3,0,0,3,0,0,4,0,0,5,0,0,6,0,0,6,0,0,6,0,0,8,0,0,8,0,0,9,0,0,10,0,0,12,0,0,13,0,0,15,0,0,16,0,0,17,0
"4082","66865371","66865371-2012-06-19",10,10,2012-06-19,"HA1",2012,"M","Adult",1,0,0,2,0,0,3,0,0,4,0,0,4,0,0,4,0,0,4,0,0,4,0,0,5,0,0,6,0,0,6,0,0,8,0,0,9,0,0,10,0,0,14,0,0,14,0,0,15,0,0,16,0
"4085","52842550","52842550-2012-06-19",50,80,2012-06-19,"HA1",2012,"F","Adult",0,0,0,0,NA,0,0,NA,0,0,NA,0,0,NA,0,1,0,0,3,0,0,3,0,0,3,0,0,5,0,0,6,0,0,11,0,0,12,0,0,12,0,0,13,0,0,17,0,0,17,0,0,17,0
"4086","67126571","67126571-2012-06-19",60,60,2012-06-19,"HA1",2012,"F","NotAdult",1,0,0,1,0,0,1,0,0,1,0,0,1,0,0,1,0,0,2,0,0,2,0,0,3,0,0,5,0,0,6,0,0,10,0,0,13,0,0,13,0,0,17,0,0,17,0,0,17,0,0,17,0
"4089","66883112","66883112-2012-06-19",80,100,2012-06-19,"HA1",2012,"F","Adult",0,0,0,0,NA,0,1,0,0,1,0,0,1,0,0,1,0,0,2,0,0,2,0,0,2,0,0,2,0,0,2,0,0,4,0,0,4,0,0,5,0,0,11,0,0,12,0,0,13,0,0,13,0
"4090","66878865","66878865-2012-06-19",80,80,2012-06-19,"HA1",2012,"M","Adult",0,0,0,0,NA,0,0,NA,0,0,NA,0,1,0,0,2,0,0,3,0,0,3,0,0,3,0,0,3,0,0,3,0,0,4,0,0,7,0,0,10,0,0,13,0,0,13,0,0,16,0,0,17,0
"4092","67259597","67259597-2012-06-19",100,30,2012-06-19,"HA1",2012,"F","Adult",0,0,0,0,NA,0,0,NA,0,0,NA,0,1,0,0,2,0,0,2,0,0,2,0,0,2,0,0,2,0,0,2,0,0,4,0,0,4,0,0,5,0,0,8,0,0,10,0,0,14,0,0,17,0
"4094","49847790","49847790-2012-06-20",10,100,2012-06-20,"HA1",2012,"F","Adult",0,0,0,0,NA,0,1,0,0,1,0,0,3,0,0,3,0,0,3,0,0,3,0,0,3,0,0,3,0,0,3,0,0,5,0,0,8,0,0,15,0,0,18,0,0,23,0,0,27,0,0,27,0
"4096","67010314","67010314-2012-06-21",10,70,2012-06-21,"HA1",2012,"M","Adult",0,0,0,0,NA,0,1,0,0,2,0,0,3,0,0,3,0,0,4,0,0,6,0,0,8,0,0,10,0,0,10,0,0,13,0,0,20,0,0,23,0,0,25,0,0,26,0,0,30,0,0,30,0
"4099","66811012","66811012-2012-06-21",90,70,2012-06-21,"HA1",2012,"F","Adult",1,0,0,0,NA,0,0,NA,0,2,0,0,2,0,0,3,0,0,4,0,0,4,0,0,7,0,0,8,0,0,8,0,0,11,0,0,13,0,0,16,0,0,18,0,0,22,0,0,27,0,0,30,0
"4155","49811771","49811771-2012-07-03",20,20,2012-07-03,"HA1",2012,"F","Adult",1,0,0,0,NA,0,1,0,0,4,0,0,7,0,0,10,0,0,12,0,0,12,0,0,13,0,0,13,0,0,15,0,0,15,0,0,19,0,0,22,0,0,24,0,0,29,0,0,33,0,0,34,0
"4158","49847790","49847790-2012-07-03",20,70,2012-07-03,"HA1",2012,"F","Adult",0,0,0,0,NA,0,2,0,0,3,0,0,3,0,0,5,0,0,5,0,0,6,0,0,11,0,0,13,0,0,13,0,0,15,0,0,20,0,0,28,0,0,30,0,0,33,0,0,34,0,0,34,0
"4160","67125021","67125021-2012-07-03",60,30,2012-07-03,"HA1",2012,"M","Adult",1,1,0,0,NA,0,1,0,0,1,0,0,2,0,0,4,0,0,4,0,0,6,0,0,7,0,0,9,0,0,10,0,0,13,0,0,21,0,0,26,0,0,33,0,0,34,0,0,34,0,0,34,0
"4161","52842550","52842550-2012-07-03",60,60,2012-07-03,"HA1",2012,"F","Adult",1,0,0,2,0,0,2,0,0,3,0,0,3,0,0,4,0,0,6,0,0,6,0,0,8,0,0,10,0,0,12,0,0,20,0,0,25,0,0,28,0,0,34,0,0,34,0,0,34,0,0,34,0
"4162","66878865","66878865-2012-07-03",70,0,2012-07-03,"HA1",2012,"M","Adult",0,0,0,0,NA,0,0,NA,0,0,NA,0,0,NA,0,2,0,0,2,0,0,2,0,0,3,0,0,3,0,0,3,0,0,6,0,0,8,0,0,16,0,0,21,0,0,25,0,0,29,0,0,33,0
"4164","66859820","66859820-2012-07-04",0,100,2012-07-04,"HA1",2012,"M","Adult",0,0,0,0,NA,0,1,0,0,2,0,0,2,0,0,3,0,0,3,0,0,4,0,0,5,0,0,6,0,0,6,0,0,8,0,0,11,0,0,15,0,0,23,0,1,28,0.0344827586206897,2,35,0.0540540540540541,2,39,0.0487804878048781
"4167","66810776","66810776-2012-07-04",70,30,2012-07-04,"HA1",2012,"M","Adult",1,0,0,0,NA,1,1,0.5,1,2,0.333333333333333,1,3,0.25,1,3,0.25,1,4,0.2,1,6,0.142857142857143,1,11,0.0833333333333333,1,11,0.0833333333333333,1,11,0.0833333333333333,1,14,0.0666666666666667,1,21,0.0454545454545455,2,31,0.0606060606060606,2,39,0.0487804878048781,2,41,0.0465116279069767,2,42,0.0454545454545455,2,42,0.0454545454545455
"4169","66815612","66815612-2012-07-04",100,80,2012-07-04,"HA1",2012,"F","Adult",0,0,0,1,0,0,2,0,0,3,0,0,4,0,0,4,0,0,6,0,0,6,0,0,6,0,0,7,0,0,7,0,0,13,0,0,14,0,1,14,0.0666666666666667,1,19,0.05,1,27,0.0357142857142857,1,32,0.0303030303030303,2,34,0.0555555555555556
"4207","52842550","52842550-2012-07-18",60,90,2012-07-18,"HA1",2012,"F","Adult",1,0,0,0,NA,0,1,0,0,3,0,0,3,0,1,7,0.125,1,7,0.125,1,10,0.0909090909090909,1,12,0.0769230769230769,1,13,0.0714285714285714,1,14,0.0666666666666667,1,25,0.0384615384615385,2,30,0.0625,2,35,0.0540540540540541,2,41,0.0465116279069767,3,44,0.0638297872340425,3,53,0.0535714285714286,3,55,0.0517241379310345
"4212","66815612","66815612-2012-07-18",80,90,2012-07-18,"HA1",2012,"F","Adult",0,0,0,0,NA,1,3,0.25,1,5,0.166666666666667,1,6,0.142857142857143,1,10,0.0909090909090909,1,11,0.0833333333333333,1,12,0.0769230769230769,1,13,0.0714285714285714,1,16,0.0588235294117647,1,16,0.0588235294117647,1,17,0.0555555555555556,1,19,0.05,2,29,0.0645161290322581,2,35,0.0540540540540541,2,41,0.0465116279069767,3,46,0.0612244897959184,3,53,0.0535714285714286
"4213","67259597","67259597-2012-07-18",90,50,2012-07-18,"HA1",2012,"F","Adult",0,0,0,0,NA,0,0,NA,0,0,NA,0,2,0,0,5,0,0,7,0,0,7,0,0,13,0,1,13,0.0714285714285714,1,14,0.0666666666666667,1,18,0.0526315789473684,2,29,0.0645161290322581,2,30,0.0625,2,36,0.0526315789473684,3,48,0.0588235294117647,3,53,0.0535714285714286,3,55,0.0517241379310345
"4238","66809820","66809820-2012-07-17",30,50,2012-07-17,"HA1",2012,"F","NotAdult",0,0,0,1,0,0,2,0,0,6,0,0,6,0,0,8,0,0,9,0,0,9,0,0,15,0,2,18,0.1,2,19,0.0952380952380952,2,30,0.0625,2,37,0.0512820512820513,2,40,0.0476190476190476,2,47,0.0408163265306122,2,48,0.04,2,48,0.04,2,48,0.04
"4239","49811771","49811771-2012-07-17",40,20,2012-07-17,"HA1",2012,"F","Adult",1,0,0,1,0,0,1,0,0,1,0,0,4,0,1,5,0.166666666666667,1,6,0.142857142857143,2,7,0.222222222222222,2,13,0.133333333333333,2,16,0.111111111111111,2,18,0.1,2,27,0.0689655172413793,2,31,0.0606060606060606,2,34,0.0555555555555556,2,37,0.0512820512820513,2,46,0.0416666666666667,2,48,0.04,2,48,0.04
"4244","66815612","66815612-2012-07-17",100,70,2012-07-17,"HA1",2012,"F","Adult",0,0,0,0,NA,0,3,0,0,3,0,0,4,0,0,5,0,0,5,0,0,6,0,0,7,0,0,10,0,0,11,0,0,17,0,1,18,0.0526315789473684,1,21,0.0454545454545455,1,27,0.0357142857142857,1,32,0.0303030303030303,1,37,0.0263157894736842,2,44,0.0434782608695652
"4245","66810776","66810776-2012-07-17",70,0,2012-07-17,"HA1",2012,"M","Adult",1,0,0,1,0,0,1,0,0,1,0,0,1,0,0,3,0,0,3,0,0,4,0,1,5,0.166666666666667,1,6,0.142857142857143,1,6,0.142857142857143,1,9,0.1,1,12,0.0769230769230769,2,24,0.0769230769230769,2,30,0.0625,2,36,0.0526315789473684,2,40,0.0476190476190476,2,45,0.0425531914893617
"4295","67091302","67091302-2012-08-14",10,10,2012-08-14,"HA1",2012,"F","NotAdult",0,0,0,5,0,1,7,0.125,1,12,0.0769230769230769,1,13,0.0714285714285714,1,13,0.0714285714285714,1,13,0.0714285714285714,1,14,0.0666666666666667,1,18,0.0526315789473684,1,19,0.05,1,19,0.05,1,24,0.04,2,30,0.0625,2,36,0.0526315789473684,2,43,0.0444444444444444,2,51,0.0377358490566038,2,60,0.032258064516129,2,66,0.0294117647058824
"4298","49811771","49811771-2012-08-14",30,50,2012-08-14,"HA1",2012,"F","Adult",1,0,0,2,0,0,4,0,0,8,0,0,8,0,0,10,0,0,12,0,0,14,0,0,21,0,2,25,0.0740740740740741,2,26,0.0714285714285714,2,44,0.0434782608695652,2,56,0.0344827586206897,2,62,0.03125,3,71,0.0405405405405405,3,73,0.0394736842105263,3,73,0.0394736842105263,3,73,0.0394736842105263
"4300","52842550","52842550-2012-08-14",50,100,2012-08-14,"HA1",2012,"F","Adult",1,0,0,0,NA,0,3,0,0,5,0,0,9,0,0,10,0,0,10,0,1,13,0.0714285714285714,1,14,0.0666666666666667,1,16,0.0588235294117647,1,18,0.0526315789473684,1,29,0.0333333333333333,1,41,0.0238095238095238,1,45,0.0217391304347826,2,51,0.0377358490566038,3,58,0.0491803278688525,3,67,0.0428571428571429,3,72,0.04
"4301","79618812","79618812-2012-08-14",50,40,2012-08-14,"HA1",2012,"M","Adult",0,0,0,0,NA,0,1,0,1,4,0.2,1,5,0.166666666666667,1,15,0.0625,1,15,0.0625,1,16,0.0588235294117647,1,18,0.0526315789473684,1,22,0.0434782608695652,1,24,0.04,2,42,0.0454545454545455,2,55,0.0350877192982456,3,68,0.0422535211267606,3,73,0.0394736842105263,3,73,0.0394736842105263,3,73,0.0394736842105263,3,73,0.0394736842105263
"4302","66878865","66878865-2012-08-14",70,0,2012-08-14,"HA1",2012,"M","Adult",0,0,0,2,0,0,3,0,0,3,0,0,3,0,0,5,0,0,5,0,0,6,0,1,9,0.1,1,11,0.0833333333333333,1,11,0.0833333333333333,1,14,0.0666666666666667,1,21,0.0454545454545455,2,36,0.0526315789473684,2,44,0.0434782608695652,2,53,0.0363636363636364,2,62,0.03125,3,69,0.0416666666666667
"4303","67125021","67125021-2012-08-14",80,30,2012-08-14,"HA1",2012,"M","Adult",1,1,0,1,0,0,2,0,0,2,0,1,5,0.166666666666667,1,9,0.1,1,11,0.0833333333333333,1,11,0.0833333333333333,1,13,0.0714285714285714,1,17,0.0555555555555556,1,17,0.0555555555555556,1,25,0.0384615384615385,1,33,0.0294117647058824,2,45,0.0425531914893617,3,59,0.0483870967741935,3,68,0.0422535211267606,3,72,0.04,3,73,0.0394736842105263
"4310","66859820","66859820-2012-07-31",0,90,2012-07-31,"HA1",2012,"M","Adult",0,0,0,0,NA,0,2,0,0,4,0,0,4,0,0,6,0,0,7,0,0,7,0,0,8,0,0,10,0,0,11,0,0,15,0,0,20,0,0,27,0,1,32,0.0303030303030303,3,44,0.0638297872340425,3,52,0.0545454545454545,3,55,0.0517241379310345
"4311","49811771","49811771-2012-07-31",10,30,2012-07-31,"HA1",2012,"F","Adult",1,0,0,0,NA,1,2,0.333333333333333,1,7,0.125,1,12,0.0769230769230769,1,14,0.0666666666666667,1,16,0.0588235294117647,1,17,0.0555555555555556,1,23,0.0416666666666667,1,23,0.0416666666666667,1,24,0.04,2,26,0.0714285714285714,2,32,0.0588235294117647,2,38,0.05,2,44,0.0434782608695652,2,50,0.0384615384615385,3,55,0.0517241379310345,3,59,0.0483870967741935
"4315","66878865","66878865-2012-07-31",60,100,2012-07-31,"HA1",2012,"M","Adult",1,0,0,1,0,0,3,0,0,4,0,1,6,0.142857142857143,1,8,0.111111111111111,1,9,0.1,1,11,0.0833333333333333,1,12,0.0769230769230769,1,12,0.0769230769230769,1,16,0.0588235294117647,1,23,0.0416666666666667,1,33,0.0294117647058824,2,35,0.0540540540540541,2,41,0.0465116279069767,2,46,0.0416666666666667,3,50,0.0566037735849057,3,57,0.05
"4316","52842550","52842550-2012-07-31",60,90,2012-07-31,"HA1",2012,"F","Adult",1,0,0,1,0,0,3,0,0,5,0,0,6,0,1,10,0.0909090909090909,1,10,0.0909090909090909,1,13,0.0714285714285714,1,15,0.0625,1,16,0.0588235294117647,1,17,0.0555555555555556,1,29,0.0333333333333333,2,34,0.0555555555555556,2,39,0.0487804878048781,2,45,0.0425531914893617,3,48,0.0588235294117647,3,57,0.05,3,59,0.0483870967741935
"4319","66810776","66810776-2012-07-31",60,30,2012-07-31,"HA1",2012,"M","Adult",1,0,1,0,1,1,2,0.333333333333333,1,2,0.333333333333333,1,3,0.25,1,7,0.125,1,7,0.125,1,10,0.0909090909090909,1,13,0.0714285714285714,1,17,0.0555555555555556,1,18,0.0526315789473684,1,24,0.04,2,37,0.0512820512820513,2,48,0.04,3,56,0.0508474576271186,3,58,0.0491803278688525,3,59,0.0483870967741935,3,59,0.0483870967741935
"4324","66815612","66815612-2012-07-31",100,80,2012-07-31,"HA1",2012,"F","Adult",0,0,0,2,0,0,4,0,0,5,0,0,6,0,0,8,0,1,10,0.0909090909090909,1,10,0.0909090909090909,1,12,0.0769230769230769,1,13,0.0714285714285714,1,13,0.0714285714285714,1,21,0.0454545454545455,1,24,0.04,2,24,0.0769230769230769,2,30,0.0625,2,41,0.0465116279069767,2,46,0.0416666666666667,3,50,0.0566037735849057
"4325","67125021","67125021-2012-07-31",100,10,2012-07-31,"HA1",2012,"M","Adult",1,0,0,0,NA,0,1,0,0,1,0,0,2,0,0,2,0,0,3,0,0,3,0,0,5,0,0,6,0,0,6,0,1,9,0.1,1,10,0.0909090909090909,1,20,0.0476190476190476,1,23,0.0416666666666667,1,35,0.0277777777777778,3,47,0.06,3,53,0.0535714285714286
"4327","67123054","67123054-2012-08-02",70,90,2012-08-02,"HA1",2012,"M","Adult",0,0,0,0,NA,0,4,0,1,9,0.1,1,11,0.0833333333333333,1,13,0.0714285714285714,1,14,0.0666666666666667,1,15,0.0625,1,21,0.0454545454545455,1,22,0.0434782608695652,1,23,0.0416666666666667,1,28,0.0344827586206897,1,37,0.0263157894736842,2,45,0.0425531914893617,2,51,0.0377358490566038,2,59,0.0327868852459016,3,69,0.0416666666666667,3,70,0.0410958904109589
"4331","79610382","79610382-2012-08-16",80,10,2012-08-16,"HA1",2012,"F","Adult",0,0,0,0,NA,0,1,0,0,4,0,1,6,0.142857142857143,1,10,0.0909090909090909,2,12,0.142857142857143,2,12,0.142857142857143,2,13,0.133333333333333,2,13,0.133333333333333,2,15,0.117647058823529,2,22,0.0833333333333333,2,28,0.0666666666666667,2,44,0.0434782608695652,3,59,0.0483870967741935,5,74,0.0632911392405063,5,85,0.0555555555555556,5,89,0.0531914893617021
"4333","67123054","67123054-2012-08-16",80,90,2012-08-16,"HA1",2012,"M","Adult",0,0,0,1,0,2,6,0.25,2,11,0.153846153846154,2,14,0.125,2,23,0.08,2,24,0.0769230769230769,2,25,0.0740740740740741,2,27,0.0689655172413793,2,30,0.0625,2,32,0.0588235294117647,2,35,0.0540540540540541,3,40,0.0697674418604651,4,52,0.0714285714285714,4,63,0.0597014925373134,4,71,0.0533333333333333,5,79,0.0595238095238095,5,89,0.0531914893617021
"4367","79796354","79796354-2012-08-28",10,0,2012-08-28,"HA1",2012,"M","Adult",0,0,0,2,0,0,10,0,0,10,0,1,11,0.0833333333333333,1,15,0.0625,1,16,0.0588235294117647,1,17,0.0555555555555556,1,17,0.0555555555555556,1,19,0.05,1,20,0.0476190476190476,1,26,0.037037037037037,2,37,0.0512820512820513,2,43,0.0444444444444444,3,53,0.0535714285714286,3,58,0.0491803278688525,3,66,0.0434782608695652,3,76,0.0379746835443038
"4373","79786360","79786360-2012-08-28",30,10,2012-08-28,"HA1",2012,"F","NotAdult",0,1,0,0,NA,0,1,0,0,5,0,0,11,0,1,15,0.0625,1,16,0.0588235294117647,1,17,0.0555555555555556,1,25,0.0384615384615385,2,28,0.0666666666666667,2,31,0.0606060606060606,2,40,0.0476190476190476,3,49,0.0576923076923077,3,55,0.0517241379310345,3,62,0.0461538461538462,3,72,0.04,3,91,0.0319148936170213,5,95,0.05
"4376","79639579","79639579-2012-08-14",80,100,2012-08-14,"HA1",2012,"F","Adult",0,1,1,2,0.333333333333333,1,6,0.142857142857143,1,7,0.125,1,10,0.0909090909090909,1,13,0.0714285714285714,1,16,0.0588235294117647,1,16,0.0588235294117647,1,19,0.05,1,21,0.0454545454545455,1,21,0.0454545454545455,1,26,0.037037037037037,1,30,0.032258064516129,1,34,0.0285714285714286,2,47,0.0408163265306122,2,52,0.037037037037037,2,59,0.0327868852459016,3,63,0.0454545454545455
"4379","79786360","79786360-2012-08-15",20,0,2012-08-15,"HA1",2012,"F","NotAdult",0,0,0,0,NA,0,2,0,0,8,0,0,10,0,1,11,0.0833333333333333,1,16,0.0588235294117647,1,16,0.0588235294117647,1,17,0.0555555555555556,1,17,0.0555555555555556,1,19,0.05,2,29,0.0645161290322581,2,37,0.0512820512820513,3,40,0.0697674418604651,3,49,0.0576923076923077,3,55,0.0517241379310345,3,63,0.0454545454545455,3,73,0.0394736842105263
"4381","67010536","67010536-2012-08-15",50,20,2012-08-15,"HA1",2012,"M","Adult",0,0,0,0,NA,0,3,0,1,4,0.2,1,5,0.166666666666667,1,8,0.111111111111111,1,12,0.0769230769230769,1,13,0.0714285714285714,2,16,0.111111111111111,2,21,0.0869565217391304,3,22,0.12,3,44,0.0638297872340425,3,52,0.0545454545454545,3,57,0.05,3,68,0.0422535211267606,5,82,0.0574712643678161,5,83,0.0568181818181818,5,83,0.0568181818181818
"4384","66843623","66843623-2012-08-15",100,80,2012-08-15,"HA1",2012,"M","NotAdult",0,0,0,4,0,0,6,0,0,7,0,0,8,0,0,10,0,2,12,0.142857142857143,2,12,0.142857142857143,2,15,0.117647058823529,2,19,0.0952380952380952,2,19,0.0952380952380952,2,30,0.0625,3,34,0.0810810810810811,4,38,0.0952380952380952,4,46,0.08,4,59,0.0634920634920635,4,65,0.0579710144927536,5,71,0.0657894736842105
"4390","49811771","49811771-2012-08-28",40,0,2012-08-28,"HA1",2012,"F","Adult",1,0,0,0,NA,0,0,NA,0,0,NA,0,4,0,0,6,0,0,8,0,0,13,0,0,19,0,2,21,0.0869565217391304,2,24,0.0769230769230769,3,36,0.0769230769230769,3,43,0.0652173913043478,3,54,0.0526315789473684,3,59,0.0483870967741935,3,64,0.0447761194029851,3,79,0.0365853658536585,5,94,0.0505050505050505
"4393","79797834","79797834-2012-08-28",60,80,2012-08-28,"HA1",2012,"F","NotAdult",0,0,0,0,NA,0,3,0,0,6,0,0,12,0,0,18,0,2,20,0.0909090909090909,2,22,0.0833333333333333,2,25,0.0740740740740741,2,31,0.0606060606060606,2,36,0.0526315789473684,3,52,0.0545454545454545,4,60,0.0625,4,69,0.0547945205479452,5,77,0.0609756097560976,5,92,0.0515463917525773,5,95,0.05,5,95,0.05
"4397","79779379","79779379-2012-08-28",100,20,2012-08-28,"HA1",2012,"M","Adult",0,0,0,1,0,0,3,0,0,4,0,0,4,0,1,6,0.142857142857143,1,7,0.125,1,7,0.125,1,9,0.1,1,14,0.0666666666666667,1,15,0.0625,2,21,0.0869565217391304,2,34,0.0555555555555556,2,40,0.0476190476190476,2,50,0.0384615384615385,5,66,0.0704225352112676,5,81,0.0581395348837209,5,90,0.0526315789473684
"4407","79770535","79770535-2012-08-30",100,10,2012-08-30,"HA1",2012,"F","NotAdult",0,0,0,1,0,0,4,0,0,4,0,0,6,0,0,7,0,1,8,0.111111111111111,1,9,0.1,1,12,0.0769230769230769,1,13,0.0714285714285714,1,13,0.0714285714285714,2,20,0.0909090909090909,2,24,0.0769230769230769,3,41,0.0681818181818182,3,50,0.0566037735849057,4,72,0.0526315789473684,7,91,0.0714285714285714,7,103,0.0636363636363636
"4409","79638791","79638791-2012-08-30",90,80,2012-08-30,"HA1",2012,"M","Adult",1,1,0,2,0,0,12,0,0,16,0,0,17,0,3,21,0.125,3,24,0.111111111111111,3,26,0.103448275862069,3,30,0.0909090909090909,3,36,0.0769230769230769,3,38,0.0731707317073171,3,44,0.0638297872340425,5,52,0.087719298245614,5,64,0.072463768115942,5,76,0.0617283950617284,5,89,0.0531914893617021,7,101,0.0648148148148148,7,111,0.0593220338983051
"4421","79623797","79623797-2012-08-30",10,40,2012-08-30,"HA1",2012,"M","Adult",0,0,0,2,0,0,5,0,0,6,0,1,8,0.111111111111111,1,19,0.05,1,20,0.0476190476190476,1,29,0.0333333333333333,1,34,0.0285714285714286,2,36,0.0526315789473684,2,42,0.0454545454545455,2,48,0.04,3,59,0.0483870967741935,3,71,0.0405405405405405,5,85,0.0555555555555556,5,99,0.0480769230769231,7,114,0.0578512396694215,7,115,0.0573770491803279
"4424","79797893","79797893-2012-08-30",0,30,2012-08-30,"HA1",2012,"M","Adult",0,0,0,0,NA,0,5,0,1,8,0.111111111111111,1,9,0.1,1,18,0.0526315789473684,1,19,0.05,1,21,0.0454545454545455,1,26,0.037037037037037,2,32,0.0588235294117647,2,33,0.0571428571428571,2,42,0.0454545454545455,3,49,0.0576923076923077,3,59,0.0483870967741935,4,73,0.051948051948052,4,83,0.0459770114942529,5,97,0.0490196078431373,7,107,0.0614035087719298
"4462","79788371","79788371-2012-09-11",10,0,2012-09-11,"HA1",2012,"M","Adult",0,0,0,3,0,0,11,0,0,12,0,1,14,0.0666666666666667,2,19,0.0952380952380952,2,20,0.0909090909090909,2,22,0.0833333333333333,2,23,0.08,2,25,0.0740740740740741,2,28,0.0666666666666667,2,35,0.0540540540540541,3,48,0.0588235294117647,3,58,0.0491803278688525,4,70,0.0540540540540541,4,78,0.0487804878048781,5,93,0.0510204081632653,6,108,0.0526315789473684
"4465","49811771","49811771-2012-09-11",20,50,2012-09-11,"HA1",2012,"F","Adult",0,0,0,0,NA,0,6,0,0,10,0,0,14,0,0,23,0,0,25,0,0,29,0,1,34,0.0285714285714286,1,39,0.025,1,41,0.0238095238095238,4,66,0.0571428571428571,4,87,0.043956043956044,6,95,0.0594059405940594,9,111,0.075,9,129,0.0652173913043478,9,129,0.0652173913043478,9,129,0.0652173913043478
"4469","79797359","79797359-2012-09-11",20,50,2012-09-11,"HA1",2012,"F","Adult",0,0,0,0,NA,0,6,0,0,10,0,0,14,0,0,23,0,0,25,0,0,29,0,1,34,0.0285714285714286,1,39,0.025,1,41,0.0238095238095238,4,66,0.0571428571428571,4,87,0.043956043956044,6,95,0.0594059405940594,9,111,0.075,9,129,0.0652173913043478,9,129,0.0652173913043478,9,129,0.0652173913043478
"4471","79797266","79797266-2012-09-11",20,30,2012-09-11,"HA1",2012,"F","NotAdult",0,0,0,0,NA,0,4,0,1,10,0.0909090909090909,1,12,0.0769230769230769,2,29,0.0645161290322581,2,32,0.0588235294117647,2,35,0.0540540540540541,2,41,0.0465116279069767,2,46,0.0416666666666667,3,48,0.0588235294117647,3,61,0.046875,4,70,0.0540540540540541,5,84,0.0561797752808989,6,101,0.0560747663551402,7,118,0.056,9,129,0.0652173913043478,9,129,0.0652173913043478
"4474","66859820","66859820-2012-09-11",60,50,2012-09-11,"HA1",2012,"M","Adult",0,0,0,1,0,0,6,0,0,7,0,1,12,0.0769230769230769,1,17,0.0555555555555556,2,18,0.1,2,25,0.0740740740740741,2,29,0.0645161290322581,2,34,0.0555555555555556,2,36,0.0526315789473684,5,69,0.0675675675675676,8,103,0.0720720720720721,8,121,0.062015503875969,9,129,0.0652173913043478,9,129,0.0652173913043478,9,129,0.0652173913043478,9,129,0.0652173913043478
"4476","79796354","79796354-2012-09-11",80,20,2012-09-11,"HA1",2012,"M","Adult",0,1,0,0,NA,1,2,0.333333333333333,1,4,0.2,1,10,0.0909090909090909,2,18,0.1,2,20,0.0909090909090909,2,23,0.08,2,25,0.0740740740740741,2,27,0.0689655172413793,2,29,0.0645161290322581,2,39,0.0487804878048781,3,51,0.0555555555555556,5,68,0.0684931506849315,8,95,0.0776699029126214,8,116,0.0645161290322581,8,125,0.0601503759398496,9,128,0.0656934306569343
"4477","79769830","79769830-2012-09-11",90,40,2012-09-11,"HA1",2012,"F","Adult",1,0,0,0,NA,0,3,0,1,7,0.125,1,7,0.125,1,11,0.0833333333333333,1,11,0.0833333333333333,1,14,0.0666666666666667,2,20,0.0909090909090909,2,26,0.0714285714285714,3,30,0.0909090909090909,3,48,0.0588235294117647,4,62,0.0606060606060606,7,76,0.0843373493975904,7,91,0.0714285714285714,8,113,0.0661157024793388,8,127,0.0592592592592593,9,129,0.0652173913043478
"4480","66808052","66808052-2012-09-11",100,10,2012-09-11,"HA1",2012,"M","Adult",0,0,0,2,0,0,5,0,0,6,0,0,8,0,0,9,0,1,10,0.0909090909090909,1,11,0.0833333333333333,1,14,0.0666666666666667,1,16,0.0588235294117647,1,16,0.0588235294117647,2,24,0.0769230769230769,2,28,0.0666666666666667,3,46,0.0612244897959184,4,56,0.0666666666666667,5,78,0.0602409638554217,8,99,0.0747663551401869,8,114,0.0655737704918033
"4482","79637279","79637279-2012-09-12",0,100,2012-09-12,"HA1",2012,"M","Adult",0,0,0,2,0,1,6,0.142857142857143,1,7,0.125,1,10,0.0909090909090909,1,13,0.0714285714285714,1,14,0.0666666666666667,1,18,0.0526315789473684,1,23,0.0416666666666667,1,24,0.04,1,28,0.0344827586206897,1,34,0.0285714285714286,1,48,0.0204081632653061,2,63,0.0307692307692308,6,82,0.0681818181818182,7,96,0.0679611650485437,11,118,0.0852713178294574,13,136,0.087248322147651
"4484","79630010","79630010-2012-09-12",40,80,2012-09-12,"HA1",2012,"F","Adult",0,0,0,0,NA,0,4,0,0,6,0,0,11,0,0,19,0,0,30,0,0,35,0,1,46,0.0212765957446809,1,55,0.0178571428571429,1,58,0.0169491525423729,6,85,0.0659340659340659,8,105,0.0707964601769911,11,118,0.0852713178294574,14,132,0.0958904109589041,14,149,0.0858895705521472,14,153,0.0838323353293413,14,153,0.0838323353293413
"4493","79795857","79795857-2012-09-13",30,100,2012-09-13,"HA1",2012,"M","Adult",0,0,0,3,0,0,10,0,0,11,0,0,15,0,0,19,0,0,25,0,0,32,0,1,37,0.0263157894736842,1,42,0.0232558139534884,1,45,0.0217391304347826,4,63,0.0597014925373134,4,76,0.05,7,95,0.0686274509803922,9,113,0.0737704918032787,12,128,0.0857142857142857,14,139,0.0915032679738562,14,156,0.0823529411764706
"4507","79630010","79630010-2012-09-25",10,90,2012-09-25,"HA1",2012,"F","Adult",0,0,0,1,0,1,8,0.111111111111111,1,15,0.0625,1,21,0.0454545454545455,1,28,0.0344827586206897,1,28,0.0344827586206897,1,29,0.0333333333333333,1,37,0.0263157894736842,1,37,0.0263157894736842,1,38,0.0256410256410256,2,57,0.0338983050847458,3,75,0.0384615384615385,5,88,0.0537634408602151,8,112,0.0666666666666667,11,133,0.0763888888888889,14,148,0.0864197530864197,14,156,0.0823529411764706
"4509","79796354","79796354-2012-09-25",10,20,2012-09-25,"HA1",2012,"M","Adult",0,1,1,1,0.5,1,14,0.0666666666666667,2,17,0.105263157894737,3,25,0.107142857142857,5,31,0.138888888888889,5,33,0.131578947368421,5,35,0.125,5,38,0.116279069767442,5,44,0.102040816326531,5,45,0.1,5,62,0.0746268656716418,6,71,0.0779220779220779,7,83,0.0777777777777778,9,101,0.0818181818181818,9,129,0.0652173913043478,11,152,0.0674846625766871,14,163,0.0790960451977401
"4511","67006795","67006795-2012-09-25",20,40,2012-09-25,"HA1",2012,"M","Adult",0,0,0,2,0,1,9,0.1,2,14,0.125,2,23,0.08,3,29,0.09375,3,37,0.075,4,40,0.0909090909090909,5,51,0.0892857142857143,5,53,0.0862068965517241,5,55,0.0833333333333333,6,78,0.0714285714285714,7,94,0.0693069306930693,9,121,0.0692307692307692,10,142,0.0657894736842105,14,163,0.0790960451977401,14,165,0.0782122905027933,14,165,0.0782122905027933
"4517","66818332","66818332-2012-09-11",10,80,2012-09-11,"HA1",2012,"F","Adult",0,0,0,2,0,0,7,0,1,10,0.0909090909090909,1,12,0.0769230769230769,1,20,0.0476190476190476,1,23,0.0416666666666667,1,23,0.0416666666666667,1,25,0.0384615384615385,1,29,0.0333333333333333,1,34,0.0285714285714286,1,47,0.0208333333333333,2,58,0.0333333333333333,3,79,0.0365853658536585,8,96,0.0769230769230769,9,113,0.0737704918032787,9,121,0.0692307692307692,9,126,0.0666666666666667
"4518","79630102","79630102-2012-09-11",20,100,2012-09-11,"HA1",2012,"M","Adult",0,0,0,2,0,0,7,0,0,9,0,0,12,0,1,16,0.0588235294117647,1,16,0.0588235294117647,1,19,0.05,1,23,0.0416666666666667,1,26,0.037037037037037,1,30,0.032258064516129,1,38,0.0256410256410256,4,53,0.0701754385964912,4,66,0.0571428571428571,5,78,0.0602409638554217,7,101,0.0648148148148148,9,110,0.0756302521008403,9,119,0.0703125
"4526","84587833","84587833-2012-09-11",80,60,2012-09-11,"HA1",2012,"F","Adult",0,0,0,0,NA,0,2,0,0,7,0,0,12,0,1,16,0.0588235294117647,1,24,0.04,2,27,0.0689655172413793,3,31,0.0882352941176471,4,39,0.0930232558139535,6,41,0.127659574468085,6,61,0.0895522388059701,6,75,0.0740740740740741,6,87,0.0645161290322581,7,106,0.0619469026548673,9,125,0.0671641791044776,9,129,0.0652173913043478,9,129,0.0652173913043478
"4527","79618812","79618812-2012-09-11",80,60,2012-09-11,"HA1",2012,"M","Adult",0,0,0,0,NA,0,2,0,0,7,0,0,12,0,1,16,0.0588235294117647,1,24,0.04,2,27,0.0689655172413793,3,31,0.0882352941176471,4,39,0.0930232558139535,6,41,0.127659574468085,6,61,0.0895522388059701,6,75,0.0740740740740741,6,87,0.0645161290322581,7,106,0.0619469026548673,9,125,0.0671641791044776,9,129,0.0652173913043478,9,129,0.0652173913043478
"4545","79619290","79619290-2012-09-28",100,80,2012-09-28,"HA1",2012,"M","Adult",0,1,0,6,0,2,11,0.153846153846154,2,16,0.111111111111111,3,17,0.15,3,21,0.125,5,26,0.161290322580645,5,27,0.15625,6,30,0.166666666666667,6,35,0.146341463414634,6,37,0.13953488372093,6,59,0.0923076923076923,7,71,0.0897435897435897,9,83,0.0978260869565217,9,102,0.0810810810810811,10,129,0.0719424460431655,12,150,0.0740740740740741,16,165,0.0883977900552486
"4548","66843623","66843623-2012-09-28",100,90,2012-09-28,"HA1",2012,"M","Adult",0,0,0,2,0,0,9,0,1,12,0.0769230769230769,2,15,0.117647058823529,5,23,0.178571428571429,5,23,0.178571428571429,6,24,0.2,6,28,0.176470588235294,6,31,0.162162162162162,6,34,0.15,6,50,0.107142857142857,6,63,0.0869565217391304,7,77,0.0833333333333333,9,94,0.087378640776699,9,116,0.072,11,143,0.0714285714285714,13,161,0.0747126436781609
"4551","79612036","79612036-2012-09-12",30,30,2012-09-12,"HA1",2012,"M","NotAdult",0,0,1,0,1,1,3,0.25,1,12,0.0769230769230769,2,16,0.111111111111111,5,27,0.15625,5,34,0.128205128205128,6,37,0.13953488372093,6,48,0.111111111111111,6,55,0.0983606557377049,6,56,0.0967741935483871,7,75,0.0853658536585366,8,93,0.0792079207920792,9,108,0.0769230769230769,11,137,0.0743243243243243,14,151,0.0848484848484849,14,153,0.0838323353293413,14,153,0.0838323353293413
"4558","79632292","79632292-2012-09-13",100,10,2012-09-13,"HA1",2012,"M","Adult",1,0,0,3,0,0,6,0,0,7,0,0,9,0,1,11,0.0833333333333333,2,12,0.142857142857143,2,13,0.133333333333333,2,18,0.1,2,20,0.0909090909090909,2,20,0.0909090909090909,3,28,0.0967741935483871,4,37,0.0975609756097561,5,56,0.0819672131147541,8,68,0.105263157894737,9,96,0.0857142857142857,13,123,0.0955882352941176,13,141,0.0844155844155844
"4587","79618628","79618628-2012-09-27",100,50,2012-09-27,"HA1",2012,"M","Adult",0,0,0,0,NA,0,2,0,0,4,0,1,8,0.111111111111111,1,15,0.0625,2,16,0.111111111111111,2,25,0.0740740740740741,3,27,0.1,4,30,0.117647058823529,4,37,0.0975609756097561,6,51,0.105263157894737,8,73,0.0987654320987654,8,89,0.0824742268041237,9,101,0.0818181818181818,11,123,0.082089552238806,14,148,0.0864197530864197,15,165,0.0833333333333333
"4589","79790568","79790568-2012-09-27",90,70,2012-09-27,"HA1",2012,"M","Adult",0,0,0,3,0,2,7,0.222222222222222,2,16,0.111111111111111,2,19,0.0952380952380952,2,24,0.0769230769230769,3,26,0.103448275862069,3,28,0.0967741935483871,5,37,0.119047619047619,5,44,0.102040816326531,5,45,0.1,7,62,0.101449275362319,8,76,0.0952380952380952,8,95,0.0776699029126214,9,122,0.0687022900763359,11,140,0.0728476821192053,15,160,0.0857142857142857,15,168,0.0819672131147541
"4592","79775849","79775849-2012-09-27",90,30,2012-09-27,"HA1",2012,"F","Adult",0,0,0,1,0,1,4,0.2,2,8,0.2,2,11,0.153846153846154,2,18,0.1,2,19,0.0952380952380952,3,22,0.12,3,27,0.1,3,33,0.0833333333333333,3,36,0.0769230769230769,5,48,0.0943396226415094,6,66,0.0833333333333333,8,83,0.0879120879120879,11,111,0.0901639344262295,14,138,0.0921052631578947,14,162,0.0795454545454545,15,166,0.0828729281767956
"4596","79786569","79786569-2012-09-27",60,100,2012-09-27,"HA1",2012,"M","Adult",0,0,0,5,0,0,12,0,1,14,0.0666666666666667,3,20,0.130434782608696,3,26,0.103448275862069,3,28,0.0967741935483871,3,34,0.0810810810810811,3,38,0.0731707317073171,4,40,0.0909090909090909,4,46,0.08,5,68,0.0684931506849315,5,93,0.0510204081632653,7,105,0.0625,10,121,0.0763358778625954,11,134,0.0758620689655172,15,147,0.0925925925925926,15,164,0.0837988826815642
"4598","66866543","66866543-2012-09-27",50,0,2012-09-27,"HA1",2012,"F","NotAdult",0,0,0,1,0,0,3,0,0,3,0,0,9,0,1,13,0.0714285714285714,1,14,0.0666666666666667,1,16,0.0588235294117647,3,19,0.136363636363636,5,24,0.172413793103448,5,30,0.142857142857143,8,51,0.135593220338983,9,79,0.102272727272727,9,91,0.09,9,100,0.0825688073394495,11,119,0.0846153846153846,12,139,0.0794701986754967,15,166,0.0828729281767956
"4608","79637279","79637279-2012-09-27",0,80,2012-09-27,"HA1",2012,"M","Adult",0,0,0,0,NA,1,6,0.142857142857143,1,12,0.0769230769230769,1,18,0.0526315789473684,1,22,0.0434782608695652,1,28,0.0344827586206897,1,29,0.0333333333333333,1,31,0.03125,1,38,0.0256410256410256,1,40,0.024390243902439,2,60,0.032258064516129,3,73,0.0394736842105263,5,92,0.0515463917525773,9,111,0.075,12,133,0.0827586206896552,14,150,0.0853658536585366,15,159,0.0862068965517241
"4612","79786865","79786865-2012-09-28",60,40,2012-09-28,"HA1",2012,"M","Adult",0,1,0,0,NA,1,5,0.166666666666667,1,9,0.1,1,17,0.0555555555555556,2,23,0.08,3,28,0.0967741935483871,3,30,0.0909090909090909,4,38,0.0952380952380952,4,41,0.0888888888888889,4,47,0.0784313725490196,10,95,0.0952380952380952,13,130,0.0909090909090909,15,166,0.0828729281767956,16,179,0.0820512820512821,16,182,0.0808080808080808,16,182,0.0808080808080808,16,182,0.0808080808080808
"4615","79797793","79797793-2012-09-28",0,10,2012-09-28,"HA1",2012,"F","Adult",0,0,0,1,0,0,11,0,2,16,0.111111111111111,3,18,0.142857142857143,3,23,0.115384615384615,3,24,0.111111111111111,4,25,0.137931034482759,5,30,0.142857142857143,6,34,0.15,6,35,0.146341463414634,6,48,0.111111111111111,6,58,0.09375,7,71,0.0897435897435897,8,90,0.0816326530612245,10,111,0.0826446280991736,10,140,0.0666666666666667,12,161,0.069364161849711
"4646","79617035","79617035-2012-10-09",100,0,2012-10-09,"HA1",2012,"F","Adult",0,0,0,0,NA,0,5,0,0,6,0,0,9,0,0,10,0,1,10,0.0909090909090909,1,16,0.0588235294117647,1,18,0.0526315789473684,2,19,0.0952380952380952,2,21,0.0869565217391304,3,31,0.0882352941176471,4,37,0.0975609756097561,6,48,0.111111111111111,9,71,0.1125,12,96,0.111111111111111,16,124,0.114285714285714,18,147,0.109090909090909
"4648","79775849","79775849-2012-10-09",100,40,2012-10-09,"HA1",2012,"F","Adult",0,0,0,1,0,0,5,0,0,8,0,0,11,0,1,15,0.0625,2,17,0.105263157894737,4,24,0.142857142857143,4,31,0.114285714285714,4,32,0.111111111111111,6,38,0.136363636363636,9,61,0.128571428571429,10,73,0.120481927710843,12,93,0.114285714285714,14,113,0.110236220472441,16,134,0.106666666666667,18,164,0.0989010989010989,18,181,0.0904522613065327
"4651","79638837","79638837-2012-10-09",100,80,2012-10-09,"HA1",2012,"M","Adult",0,0,1,6,0.142857142857143,4,14,0.222222222222222,4,19,0.173913043478261,5,20,0.2,5,24,0.172413793103448,7,29,0.194444444444444,7,30,0.189189189189189,8,34,0.19047619047619,8,39,0.170212765957447,8,41,0.163265306122449,8,63,0.112676056338028,10,75,0.117647058823529,12,87,0.121212121212121,12,106,0.101694915254237,13,133,0.089041095890411,15,154,0.0887573964497041,19,169,0.101063829787234
"4652","79619290","79619290-2012-10-09",100,90,2012-10-09,"HA1",2012,"M","Adult",1,1,0,3,0,1,10,0.0909090909090909,2,14,0.125,4,18,0.181818181818182,7,26,0.212121212121212,7,26,0.212121212121212,8,28,0.222222222222222,8,32,0.2,8,35,0.186046511627907,8,38,0.173913043478261,8,54,0.129032258064516,8,67,0.106666666666667,10,81,0.10989010989011,12,98,0.109090909090909,12,120,0.0909090909090909,14,147,0.0869565217391304,16,165,0.0883977900552486
"4654","79790568","79790568-2012-10-09",90,80,2012-10-09,"HA1",2012,"M","Adult",0,0,1,3,0.25,3,15,0.166666666666667,5,22,0.185185185185185,5,24,0.172413793103448,8,32,0.2,8,35,0.186046511627907,8,37,0.177777777777778,8,42,0.16,8,52,0.133333333333333,8,56,0.125,9,69,0.115384615384615,11,81,0.119565217391304,12,100,0.107142857142857,13,124,0.0948905109489051,14,150,0.0853658536585366,19,169,0.101063829787234,19,180,0.0954773869346734
"4661","79630840","79630840-2012-10-09",70,70,2012-10-09,"HA1",2012,"F","NotAdult",0,1,0,1,0,0,1,0,1,8,0.111111111111111,2,15,0.117647058823529,3,30,0.0909090909090909,3,35,0.0789473684210526,5,41,0.108695652173913,9,59,0.132352941176471,9,71,0.1125,9,72,0.111111111111111,11,96,0.102803738317757,13,121,0.0970149253731343,14,145,0.0880503144654088,19,168,0.101604278074866,19,180,0.0954773869346734,19,187,0.0922330097087379,19,187,0.0922330097087379
"4664","79786569","79786569-2012-10-09",60,70,2012-10-09,"HA1",2012,"M","Adult",0,0,0,0,NA,0,5,0,0,8,0,0,12,0,2,23,0.08,2,30,0.0625,3,40,0.0697674418604651,4,51,0.0727272727272727,6,66,0.0833333333333333,9,70,0.113924050632911,12,114,0.0952380952380952,14,133,0.0952380952380952,16,153,0.0946745562130177,19,179,0.095959595959596,19,186,0.0926829268292683,19,187,0.0922330097087379,19,187,0.0922330097087379
"4665","79781605","79781605-2012-10-09",60,40,2012-10-09,"HA1",2012,"F","Adult",0,0,1,0,1,2,5,0.285714285714286,2,9,0.181818181818182,2,17,0.105263157894737,3,23,0.115384615384615,4,28,0.125,4,30,0.117647058823529,5,38,0.116279069767442,5,41,0.108695652173913,5,47,0.0961538461538462,12,97,0.110091743119266,16,133,0.10738255033557,18,171,0.0952380952380952,19,184,0.0935960591133005,19,187,0.0922330097087379,19,187,0.0922330097087379,19,187,0.0922330097087379
"4678","66887847","66887847-2012-10-10",100,40,2012-10-10,"HA1",2012,"M","Adult",0,0,0,2,0,0,6,0,0,9,0,1,12,0.0769230769230769,2,17,0.105263157894737,3,20,0.130434782608696,5,29,0.147058823529412,5,37,0.119047619047619,5,39,0.113636363636364,7,48,0.127272727272727,12,74,0.13953488372093,14,86,0.14,16,108,0.129032258064516,19,131,0.126666666666667,23,153,0.130681818181818,25,185,0.119047619047619,26,204,0.11304347826087
"4685","79792581","79792581-2012-10-11",90,70,2012-10-11,"HA1",2012,"F","Adult",0,0,0,4,0,3,13,0.1875,6,23,0.206896551724138,7,26,0.212121212121212,8,34,0.19047619047619,10,37,0.212765957446809,10,41,0.196078431372549,12,52,0.1875,12,61,0.164383561643836,12,63,0.16,15,84,0.151515151515152,18,103,0.148760330578512,18,126,0.125,20,156,0.113636363636364,22,180,0.108910891089109,27,206,0.11587982832618,27,216,0.111111111111111
"4690","66885846","66885846-2012-10-11",60,20,2012-10-11,"HA1",2012,"M","Adult",0,0,0,2,0,1,6,0.142857142857143,1,7,0.125,3,12,0.2,4,23,0.148148148148148,4,28,0.125,4,31,0.114285714285714,6,40,0.130434782608696,6,48,0.111111111111111,6,56,0.0967741935483871,9,89,0.0918367346938776,13,117,0.1,18,141,0.113207547169811,22,176,0.111111111111111,26,207,0.111587982832618,28,217,0.114285714285714,28,217,0.114285714285714
"4693","67124339","67124339-2012-10-11",0,70,2012-10-11,"HA1",2012,"M","Adult",0,0,0,2,0,0,9,0,0,13,0,2,19,0.0952380952380952,3,26,0.103448275862069,3,29,0.09375,3,34,0.0810810810810811,4,41,0.0888888888888889,4,53,0.0701754385964912,4,55,0.0677966101694915,7,79,0.0813953488372093,9,96,0.0857142857142857,14,124,0.101449275362319,17,143,0.10625,21,165,0.112903225806452,25,189,0.116822429906542,28,208,0.11864406779661
"4718","66808052","66808052-2012-10-09",0,0,2012-10-09,"HA1",2012,"M","Adult",0,1,0,1,0,0,7,0,0,13,0,0,17,0,3,19,0.136363636363636,3,22,0.12,3,24,0.111111111111111,4,25,0.137931034482759,4,27,0.129032258064516,4,29,0.121212121212121,6,42,0.125,6,53,0.101694915254237,7,67,0.0945945945945946,8,80,0.0909090909090909,11,97,0.101851851851852,11,120,0.083969465648855,11,147,0.069620253164557
"4729","79783071","79783071-2012-10-09",0,40,2012-10-09,"HA1",2012,"F","NotAdult",0,0,0,1,0,1,6,0.142857142857143,1,7,0.125,1,15,0.0625,3,19,0.136363636363636,3,25,0.107142857142857,3,29,0.09375,4,43,0.0851063829787234,5,46,0.0980392156862745,5,50,0.0909090909090909,7,69,0.0921052631578947,8,83,0.0879120879120879,9,109,0.076271186440678,9,122,0.0687022900763359,13,143,0.0833333333333333,16,165,0.0883977900552486,19,184,0.0935960591133005
"4734","79630010","79630010-2012-10-09",20,60,2012-10-09,"HA1",2012,"F","Adult",0,1,0,3,0,0,6,0,0,13,0,0,20,0,1,31,0.03125,1,36,0.027027027027027,1,38,0.0256410256410256,2,47,0.0408163265306122,3,56,0.0508474576271186,3,65,0.0441176470588235,8,96,0.0769230769230769,10,121,0.0763358778625954,12,141,0.0784313725490196,16,162,0.0898876404494382,19,182,0.0945273631840796,19,187,0.0922330097087379,19,187,0.0922330097087379
"4735","67089554","67089554-2012-10-09",30,60,2012-10-09,"HA1",2012,"F","Adult",0,0,0,0,NA,0,7,0,0,12,0,0,13,0,0,26,0,1,36,0.027027027027027,2,44,0.0434782608695652,2,51,0.0377358490566038,3,59,0.0483870967741935,3,66,0.0434782608695652,9,111,0.075,12,132,0.0833333333333333,16,157,0.092485549132948,19,180,0.0954773869346734,19,187,0.0922330097087379,19,187,0.0922330097087379,19,187,0.0922330097087379
"4736","79769626","79769626-2012-10-09",40,80,2012-10-09,"HA1",2012,"F","Adult",0,0,0,1,0,0,5,0,0,8,0,0,13,0,0,25,0,0,40,0,0,45,0,1,60,0.0163934426229508,1,69,0.0142857142857143,2,73,0.0266666666666667,8,105,0.0707964601769911,11,128,0.079136690647482,16,145,0.0993788819875776,19,161,0.105555555555556,19,182,0.0945273631840796,19,187,0.0922330097087379,19,187,0.0922330097087379
"4751","79639272","79639272-2012-10-10",0,90,2012-10-10,"HA1",2012,"M","Adult",0,1,1,4,0.2,1,11,0.0833333333333333,1,17,0.0555555555555556,1,20,0.0476190476190476,1,28,0.0344827586206897,1,29,0.0333333333333333,1,33,0.0294117647058824,1,39,0.025,2,42,0.0454545454545455,3,44,0.0638297872340425,4,59,0.0634920634920635,5,78,0.0602409638554217,8,101,0.073394495412844,12,119,0.0916030534351145,19,142,0.118012422360248,22,171,0.113989637305699,27,189,0.125
"4754","79778567","79778567-2012-10-10",10,0,2012-10-10,"HA1",2012,"F","Adult",0,0,0,4,0,1,12,0.0769230769230769,2,15,0.117647058823529,4,17,0.19047619047619,5,23,0.178571428571429,5,24,0.172413793103448,5,26,0.161290322580645,5,29,0.147058823529412,6,32,0.157894736842105,7,37,0.159090909090909,7,48,0.127272727272727,8,65,0.10958904109589,10,82,0.108695652173913,12,100,0.107142857142857,12,120,0.0909090909090909,15,149,0.0914634146341463,20,176,0.102040816326531
"4755","79785369","79785369-2012-10-10",30,10,2012-10-10,"HA1",2012,"M","NotAdult",0,0,1,0,1,2,3,0.4,2,10,0.166666666666667,3,17,0.15,5,26,0.161290322580645,5,27,0.15625,5,30,0.142857142857143,6,43,0.122448979591837,8,50,0.137931034482759,8,53,0.131147540983607,9,75,0.107142857142857,12,91,0.116504854368932,12,110,0.0983606557377049,13,137,0.0866666666666667,19,163,0.104395604395604,24,203,0.105726872246696,27,211,0.113445378151261
"4764","79639272","79639272-2012-10-23",0,80,2012-10-23,"HA1",2012,"M","Adult",0,0,0,1,0,2,12,0.142857142857143,2,19,0.0952380952380952,2,25,0.0740740740740741,2,31,0.0606060606060606,3,37,0.075,3,38,0.0731707317073171,3,40,0.0697674418604651,3,49,0.0576923076923077,3,53,0.0535714285714286,6,76,0.0731707317073171,7,90,0.0721649484536082,9,112,0.0743801652892562,18,137,0.116129032258065,21,164,0.113513513513514,24,192,0.111111111111111,28,210,0.117647058823529
"4777","66843623","66843623-2012-10-24",100,70,2012-10-24,"HA1",2012,"M","Adult",0,0,2,3,0.4,4,15,0.210526315789474,5,21,0.192307692307692,6,27,0.181818181818182,7,32,0.179487179487179,7,37,0.159090909090909,8,41,0.163265306122449,8,46,0.148148148148148,13,53,0.196969696969697,13,56,0.188405797101449,18,84,0.176470588235294,20,103,0.16260162601626,22,123,0.151724137931034,22,149,0.128654970760234,24,178,0.118811881188119,27,205,0.116379310344828,31,231,0.118320610687023
"4778","79776883","79776883-2012-10-24",100,90,2012-10-24,"HA1",2012,"M","Adult",0,0,1,5,0.166666666666667,2,13,0.133333333333333,3,20,0.130434782608696,5,25,0.166666666666667,8,34,0.19047619047619,8,34,0.19047619047619,12,36,0.25,13,42,0.236363636363636,14,45,0.23728813559322,14,48,0.225806451612903,14,69,0.168674698795181,16,83,0.161616161616162,20,103,0.16260162601626,22,126,0.148648648648649,23,155,0.129213483146067,26,190,0.12037037037037,28,214,0.115702479338843
"4785","79770053","79770053-2012-10-25",10,20,2012-10-25,"HA1",2012,"M","Adult",0,0,2,1,0.666666666666667,2,15,0.117647058823529,3,23,0.115384615384615,4,32,0.111111111111111,7,44,0.137254901960784,7,47,0.12962962962963,7,49,0.125,7,52,0.11864406779661,7,58,0.107692307692308,7,60,0.104477611940299,8,87,0.0842105263157895,10,104,0.087719298245614,13,127,0.0928571428571429,18,154,0.104651162790698,20,192,0.0943396226415094,27,230,0.105058365758755,32,245,0.115523465703971
"4787","79772013","79772013-2012-10-25",30,50,2012-10-25,"HA1",2012,"M","Adult",1,0,0,3,0,0,9,0,1,20,0.0476190476190476,2,23,0.08,3,31,0.0882352941176471,3,37,0.075,3,42,0.0666666666666667,4,60,0.0625,7,78,0.0823529411764706,8,84,0.0869565217391304,15,136,0.0993377483443709,24,181,0.117073170731707,26,209,0.11063829787234,32,240,0.117647058823529,33,254,0.114982578397213,33,254,0.114982578397213,33,254,0.114982578397213
"4835","79790568","79790568-2012-10-23",100,90,2012-10-23,"HA1",2012,"M","Adult",0,0,1,3,0.25,2,11,0.153846153846154,3,18,0.142857142857143,5,23,0.178571428571429,8,32,0.2,8,32,0.2,11,34,0.244444444444444,11,40,0.215686274509804,12,43,0.218181818181818,12,46,0.206896551724138,12,66,0.153846153846154,13,79,0.141304347826087,16,96,0.142857142857143,18,117,0.133333333333333,19,144,0.116564417177914,22,177,0.110552763819095,24,199,0.10762331838565
"4841","79786569","79786569-2012-10-23",70,100,2012-10-23,"HA1",2012,"M","Adult",0,1,0,4,0,4,15,0.210526315789474,4,19,0.173913043478261,4,24,0.142857142857143,5,28,0.151515151515152,6,35,0.146341463414634,8,39,0.170212765957447,10,44,0.185185185185185,11,58,0.159420289855072,11,65,0.144736842105263,14,82,0.145833333333333,14,100,0.12280701754386,16,130,0.10958904109589,20,153,0.115606936416185,23,171,0.118556701030928,26,196,0.117117117117117,27,216,0.111111111111111
"4846","66872112","66872112-2012-10-23",10,70,2012-10-23,"HA1",2012,"M","Adult",0,0,0,4,0,0,13,0,1,20,0.0476190476190476,1,23,0.0416666666666667,3,32,0.0857142857142857,3,37,0.075,4,43,0.0851063829787234,4,58,0.0645161290322581,5,68,0.0684931506849315,5,69,0.0675675675675676,9,89,0.0918367346938776,11,121,0.0833333333333333,16,141,0.101910828025478,20,167,0.106951871657754,25,190,0.116279069767442,28,216,0.114754098360656,28,224,0.111111111111111
"4854","67088839","67088839-2012-10-23",20,60,2012-10-23,"HA1",2012,"M","Adult",0,0,1,3,0.25,1,8,0.111111111111111,1,15,0.0625,1,23,0.0416666666666667,2,37,0.0512820512820513,2,44,0.0434782608695652,2,46,0.0416666666666667,3,55,0.0517241379310345,6,66,0.0833333333333333,6,75,0.0740740740740741,12,111,0.0975609756097561,16,139,0.103225806451613,19,165,0.103260869565217,24,190,0.11214953271028,28,218,0.113821138211382,28,225,0.110671936758893,28,225,0.110671936758893
"4856","67069635","67069635-2012-10-23",30,0,2012-10-23,"HA1",2012,"F","Adult",0,0,0,1,0,1,4,0.2,2,5,0.285714285714286,2,14,0.125,2,26,0.0714285714285714,4,28,0.125,6,31,0.162162162162162,6,35,0.146341463414634,6,42,0.125,6,48,0.111111111111111,9,70,0.113924050632911,11,85,0.114583333333333,12,103,0.104347826086957,12,128,0.0857142857142857,13,149,0.0802469135802469,23,182,0.11219512195122,25,216,0.103734439834025
"4859","66828572","66828572-2012-10-23",50,0,2012-10-23,"HA1",2012,"M","Adult",0,0,0,3,0,0,5,0,0,6,0,0,13,0,1,19,0.05,1,21,0.0454545454545455,1,23,0.0416666666666667,3,26,0.103448275862069,5,32,0.135135135135135,5,39,0.113636363636364,10,69,0.126582278481013,11,101,0.0982142857142857,12,118,0.0923076923076923,14,131,0.096551724137931,18,160,0.101123595505618,22,184,0.106796116504854,28,222,0.112
"4862","67088367","67088367-2012-10-23",70,40,2012-10-23,"HA1",2012,"F","NotAdult",0,1,0,1,0,1,5,0.166666666666667,3,11,0.214285714285714,3,15,0.166666666666667,4,29,0.121212121212121,4,32,0.111111111111111,5,38,0.116279069767442,5,46,0.0980392156862745,6,59,0.0923076923076923,6,65,0.0845070422535211,15,112,0.118110236220472,20,141,0.124223602484472,25,178,0.123152709359606,25,213,0.105042016806723,28,222,0.112,28,225,0.110671936758893,28,225,0.110671936758893
"4864","79638837","79638837-2012-10-23",100,90,2012-10-23,"HA1",2012,"M","Adult",1,0,1,3,0.25,2,11,0.153846153846154,3,18,0.142857142857143,5,23,0.178571428571429,8,32,0.2,8,32,0.2,11,34,0.244444444444444,11,40,0.215686274509804,12,43,0.218181818181818,12,46,0.206896551724138,12,66,0.153846153846154,13,79,0.141304347826087,16,96,0.142857142857143,18,117,0.133333333333333,19,144,0.116564417177914,22,177,0.110552763819095,24,199,0.10762331838565
"4865","79775849","79775849-2012-10-23",100,20,2012-10-23,"HA1",2012,"F","Adult",0,0,0,2,0,0,9,0,0,14,0,1,19,0.05,2,23,0.08,2,25,0.0740740740740741,2,27,0.0689655172413793,2,29,0.0645161290322581,2,37,0.0512820512820513,3,40,0.0697674418604651,7,56,0.111111111111111,9,80,0.101123595505618,12,95,0.11214953271028,16,115,0.122137404580153,22,150,0.127906976744186,25,180,0.121951219512195,26,205,0.112554112554113
"4908","79782524","79782524-2012-10-24",40,100,2012-10-24,"HA1",2012,"F","Adult",0,1,1,4,0.2,2,14,0.125,2,17,0.105263157894737,2,28,0.0666666666666667,2,35,0.0540540540540541,2,38,0.05,3,45,0.0625,6,50,0.107142857142857,6,57,0.0952380952380952,8,64,0.111111111111111,13,97,0.118181818181818,14,123,0.102189781021898,21,155,0.119318181818182,25,168,0.129533678756477,29,191,0.131818181818182,31,210,0.128630705394191,32,240,0.117647058823529
"4910","79797884","79797884-2012-10-24",30,80,2012-10-24,"HA1",2012,"M","Adult",0,0,0,0,NA,0,6,0,1,9,0.1,1,26,0.037037037037037,3,47,0.06,3,53,0.0535714285714286,3,59,0.0483870967741935,5,73,0.0641025641025641,5,89,0.0531914893617021,5,90,0.0526315789473684,14,117,0.106870229007634,19,138,0.121019108280255,24,173,0.121827411167513,31,202,0.133047210300429,32,227,0.123552123552124,32,241,0.117216117216117,32,242,0.116788321167883
"4913","79789358","79789358-2012-10-24",0,60,2012-10-24,"HA1",2012,"M","Adult",0,0,0,2,0,0,7,0,0,12,0,1,20,0.0476190476190476,2,31,0.0606060606060606,2,37,0.0512820512820513,4,44,0.0833333333333333,4,51,0.0727272727272727,4,54,0.0689655172413793,4,61,0.0615384615384615,8,91,0.0808080808080808,12,118,0.0923076923076923,14,139,0.0915032679738562,20,162,0.10989010989011,26,182,0.125,28,207,0.119148936170213,32,235,0.119850187265918
"4919","79797793","79797793-2012-11-20",0,10,2012-11-20,"HA1",2012,"F","Adult",0,0,0,3,0,2,15,0.117647058823529,4,22,0.153846153846154,5,26,0.161290322580645,5,33,0.131578947368421,5,34,0.128205128205128,6,37,0.13953488372093,7,43,0.14,8,48,0.142857142857143,8,49,0.140350877192982,8,66,0.108108108108108,9,86,0.0947368421052632,11,104,0.0956521739130435,15,131,0.102739726027397,19,166,0.102702702702703,22,207,0.0960698689956332,27,236,0.102661596958175
"4920","66872112","66872112-2012-11-20",0,60,2012-11-20,"HA1",2012,"M","Adult",0,0,0,3,0,0,8,0,0,13,0,1,21,0.0454545454545455,2,32,0.0588235294117647,2,38,0.05,4,45,0.0816326530612245,4,55,0.0677966101694915,4,59,0.0634920634920635,5,66,0.0704225352112676,9,104,0.079646017699115,15,133,0.101351351351351,18,156,0.103448275862069,24,184,0.115384615384615,30,206,0.127118644067797,33,234,0.123595505617978,37,268,0.121311475409836
"4921","79623797","79623797-2012-11-20",0,90,2012-11-20,"HA1",2012,"M","Adult",0,0,2,4,0.333333333333333,2,12,0.142857142857143,2,20,0.0909090909090909,2,24,0.0769230769230769,2,34,0.0555555555555556,2,35,0.0540540540540541,2,42,0.0454545454545455,2,52,0.037037037037037,3,56,0.0508474576271186,4,58,0.0645161290322581,6,79,0.0705882352941176,9,99,0.0833333333333333,14,122,0.102941176470588,19,145,0.115853658536585,27,180,0.130434782608696,32,223,0.125490196078431,37,248,0.129824561403509
"4926","66808052","66808052-2012-11-07",20,20,2012-11-07,"HA1",2012,"M","Adult",0,0,0,3,0,3,9,0.25,5,19,0.208333333333333,6,30,0.166666666666667,7,46,0.132075471698113,8,53,0.131147540983607,8,56,0.125,8,60,0.117647058823529,8,69,0.103896103896104,9,77,0.104651162790698,11,93,0.105769230769231,14,117,0.106870229007634,16,141,0.101910828025478,20,174,0.103092783505155,27,226,0.106719367588933,34,253,0.118466898954704,35,263,0.11744966442953
"4928","79782524","79782524-2012-11-07",80,70,2012-11-07,"HA1",2012,"F","Adult",0,0,0,0,NA,2,10,0.166666666666667,3,17,0.15,5,28,0.151515151515152,10,46,0.178571428571429,11,58,0.159420289855072,13,62,0.173333333333333,16,75,0.175824175824176,17,88,0.161904761904762,18,90,0.166666666666667,24,113,0.175182481751825,24,143,0.143712574850299,26,179,0.126829268292683,28,216,0.114754098360656,33,241,0.12043795620438,34,261,0.115254237288136,35,263,0.11744966442953
"4933","79772013","79772013-2012-11-07",30,50,2012-11-07,"HA1",2012,"M","Adult",1,0,0,4,0,0,10,0,1,21,0.0454545454545455,2,24,0.0769230769230769,3,32,0.0857142857142857,3,38,0.0731707317073171,3,43,0.0652173913043478,4,61,0.0615384615384615,8,80,0.0909090909090909,9,87,0.09375,17,140,0.10828025477707,26,187,0.122065727699531,28,215,0.11522633744856,34,248,0.120567375886525,35,263,0.11744966442953,35,263,0.11744966442953,35,263,0.11744966442953
"4937","79623797","79623797-2012-11-08",30,50,2012-11-08,"HA1",2012,"M","Adult",0,0,0,5,0,0,11,0,1,22,0.0434782608695652,2,25,0.0740740740740741,3,33,0.0833333333333333,3,39,0.0714285714285714,3,44,0.0638297872340425,4,64,0.0588235294117647,8,83,0.0879120879120879,9,91,0.09,17,144,0.105590062111801,27,193,0.122727272727273,30,222,0.119047619047619,36,255,0.123711340206186,37,271,0.12012987012987,37,271,0.12012987012987,37,271,0.12012987012987
"4974","79783063","79783063-2012-11-07",100,100,2012-11-07,"HA1",2012,"F","Adult",0,0,0,0,NA,1,10,0.0909090909090909,1,12,0.0769230769230769,4,22,0.153846153846154,5,28,0.151515151515152,6,29,0.171428571428571,9,38,0.191489361702128,12,45,0.210526315789474,12,45,0.210526315789474,13,51,0.203125,14,65,0.177215189873418,17,86,0.16504854368932,19,105,0.153225806451613,22,128,0.146666666666667,25,160,0.135135135135135,26,194,0.118181818181818,29,219,0.116935483870968
"4975","79790568","79790568-2012-11-07",90,80,2012-11-07,"HA1",2012,"M","Adult",0,0,1,4,0.2,3,19,0.136363636363636,6,33,0.153846153846154,6,38,0.136363636363636,13,47,0.216666666666667,14,52,0.212121212121212,14,54,0.205882352941176,14,61,0.186666666666667,14,72,0.162790697674419,15,77,0.16304347826087,17,95,0.151785714285714,23,111,0.171641791044776,24,144,0.142857142857143,26,175,0.129353233830846,27,211,0.113445378151261,33,239,0.121323529411765,34,253,0.118466898954704
"4976","79776883","79776883-2012-11-07",90,80,2012-11-07,"HA1",2012,"M","Adult",0,1,1,4,0.2,3,19,0.136363636363636,6,33,0.153846153846154,6,38,0.136363636363636,13,47,0.216666666666667,14,52,0.212121212121212,14,54,0.205882352941176,14,61,0.186666666666667,14,72,0.162790697674419,15,77,0.16304347826087,17,95,0.151785714285714,23,111,0.171641791044776,24,144,0.142857142857143,26,175,0.129353233830846,27,211,0.113445378151261,33,239,0.121323529411765,34,253,0.118466898954704
"5010","79639272","79639272-2012-11-20",10,90,2012-11-20,"HA1",2012,"M","Adult",0,0,0,3,0,2,16,0.111111111111111,2,26,0.0714285714285714,2,35,0.0540540540540541,2,48,0.04,2,48,0.04,3,50,0.0566037735849057,6,64,0.0857142857142857,6,66,0.0833333333333333,6,67,0.0821917808219178,9,90,0.0909090909090909,12,115,0.094488188976378,17,133,0.113333333333333,24,167,0.12565445026178,30,213,0.123456790123457,37,247,0.130281690140845,37,260,0.124579124579125
"5012","79789358","79789358-2012-11-20",10,30,2012-11-20,"HA1",2012,"M","Adult",0,0,0,1,0,3,9,0.25,4,22,0.153846153846154,5,30,0.142857142857143,6,40,0.130434782608696,7,47,0.12962962962963,7,53,0.116666666666667,9,68,0.116883116883117,9,73,0.109756097560976,9,78,0.103448275862069,10,101,0.0900900900900901,12,125,0.0875912408759124,18,156,0.103448275862069,22,192,0.102803738317757,27,221,0.108870967741935,35,258,0.119453924914676,37,275,0.118589743589744
"5015","66808052","66808052-2012-11-20",40,20,2012-11-20,"HA1",2012,"M","Adult",0,0,0,2,0,0,5,0,2,7,0.222222222222222,2,18,0.1,4,32,0.111111111111111,5,40,0.111111111111111,7,45,0.134615384615385,8,62,0.114285714285714,10,80,0.111111111111111,12,85,0.123711340206186,15,117,0.113636363636364,16,146,0.0987654320987654,18,182,0.09,29,218,0.117408906882591,36,265,0.119601328903654,37,276,0.118210862619808,37,276,0.118210862619808
"5016","79772013","79772013-2012-11-21",0,90,2012-11-21,"HA1",2012,"M","Adult",0,1,2,5,0.285714285714286,2,14,0.125,2,23,0.08,2,27,0.0689655172413793,2,37,0.0512820512820513,2,38,0.05,2,46,0.0416666666666667,2,57,0.0338983050847458,3,61,0.046875,4,63,0.0597014925373134,7,85,0.0760869565217391,10,106,0.0862068965517241,15,131,0.102739726027397,20,157,0.112994350282486,28,194,0.126126126126126,33,238,0.121771217712177,38,263,0.12624584717608
"5022","79790568","79790568-2012-12-04",100,90,2012-12-04,"HA1",2012,"M","Adult",1,0,1,7,0.125,2,18,0.1,4,29,0.121212121212121,6,36,0.142857142857143,9,46,0.163636363636364,9,48,0.157894736842105,13,50,0.206349206349206,15,57,0.208333333333333,16,61,0.207792207792208,16,65,0.197530864197531,17,90,0.158878504672897,21,106,0.165354330708661,26,130,0.166666666666667,28,159,0.149732620320856,29,194,0.130044843049327,33,232,0.124528301886792,35,262,0.117845117845118
"5024","66843623","66843623-2012-12-04",100,100,2012-12-04,"HA1",2012,"M","Adult",0,0,0,2,0,1,12,0.0769230769230769,1,14,0.0666666666666667,4,25,0.137931034482759,6,35,0.146341463414634,7,36,0.162790697674419,10,46,0.178571428571429,13,53,0.196969696969697,13,55,0.191176470588235,14,61,0.186666666666667,17,77,0.180851063829787,21,100,0.173553719008264,23,123,0.157534246575342,26,146,0.151162790697674,29,183,0.136792452830189,30,220,0.12,34,247,0.120996441281139
"5027","79786569","79786569-2012-12-04",70,100,2012-12-04,"HA1",2012,"M","Adult",0,0,1,5,0.166666666666667,6,17,0.260869565217391,6,22,0.214285714285714,7,27,0.205882352941176,9,33,0.214285714285714,12,45,0.210526315789474,15,52,0.223880597014925,17,63,0.2125,18,78,0.1875,18,89,0.168224299065421,22,115,0.160583941605839,23,136,0.144654088050314,26,174,0.13,31,202,0.133047210300429,34,227,0.130268199233716,37,258,0.125423728813559,39,282,0.121495327102804
"5040","79775849","79775849-2012-11-20",80,40,2012-11-20,"HA1",2012,"F","Adult",0,0,0,1,0,2,7,0.222222222222222,3,15,0.166666666666667,5,23,0.178571428571429,6,35,0.146341463414634,7,45,0.134615384615385,7,49,0.125,8,60,0.117647058823529,10,76,0.116279069767442,11,80,0.120879120879121,15,120,0.111111111111111,23,155,0.129213483146067,29,192,0.131221719457014,33,231,0.125,35,266,0.116279069767442,37,276,0.118210862619808,37,276,0.118210862619808
"5046","79786569","79786569-2012-11-20",60,90,2012-11-20,"HA1",2012,"M","Adult",0,0,0,2,0,3,12,0.2,6,22,0.214285714285714,7,26,0.212121212121212,13,38,0.254901960784314,13,41,0.240740740740741,13,50,0.206349206349206,15,70,0.176470588235294,15,79,0.159574468085106,16,89,0.152380952380952,22,136,0.139240506329114,26,165,0.136125654450262,29,193,0.130630630630631,31,212,0.127572016460905,35,238,0.128205128205128,36,269,0.118032786885246,37,276,0.118210862619808
"5055","79782524","79782524-2012-11-21",100,100,2012-11-21,"HA1",2012,"F","Adult",0,0,0,1,0,1,11,0.0833333333333333,1,13,0.0714285714285714,4,24,0.142857142857143,6,32,0.157894736842105,7,33,0.175,10,43,0.188679245283019,13,50,0.206349206349206,13,52,0.2,14,58,0.194444444444444,16,74,0.177777777777778,20,97,0.170940170940171,22,120,0.154929577464789,25,143,0.148809523809524,28,179,0.135265700483092,29,216,0.118367346938776,32,243,0.116363636363636
"5058","79790568","79790568-2012-11-21",90,60,2012-11-21,"HA1",2012,"M","Adult",0,1,0,2,0,1,11,0.0833333333333333,3,22,0.12,5,31,0.138888888888889,8,48,0.142857142857143,9,49,0.155172413793103,9,57,0.136363636363636,11,73,0.130952380952381,16,78,0.170212765957447,16,81,0.164948453608247,23,124,0.156462585034014,25,148,0.144508670520231,29,180,0.138755980861244,30,209,0.125523012552301,34,250,0.119718309859155,37,285,0.114906832298137,38,291,0.115501519756839
"5061","66843623","66843623-2012-11-22",90,80,2012-11-22,"HA1",2012,"M","Adult",1,0,2,7,0.222222222222222,4,22,0.153846153846154,7,38,0.155555555555556,8,43,0.156862745098039,15,55,0.214285714285714,16,62,0.205128205128205,16,64,0.2,16,72,0.181818181818182,16,84,0.16,17,89,0.160377358490566,21,110,0.16030534351145,27,127,0.175324675324675,28,164,0.145833333333333,30,197,0.13215859030837,31,235,0.116541353383459,38,268,0.124183006535948,39,282,0.121495327102804
"5096","79772013","79772013-2012-12-04",10,20,2012-12-04,"HA1",2012,"M","Adult",0,0,2,2,0.5,3,19,0.136363636363636,4,28,0.125,5,37,0.119047619047619,8,49,0.140350877192982,8,52,0.133333333333333,8,55,0.126984126984127,8,58,0.121212121212121,8,67,0.106666666666667,8,70,0.102564102564103,9,100,0.0825688073394495,11,117,0.0859375,14,144,0.0886075949367089,21,176,0.106598984771574,26,221,0.105263157894737,34,265,0.11371237458194,39,283,0.12111801242236
"5098","79630010","79630010-2012-12-04",20,70,2012-12-04,"HA1",2012,"F","Adult",0,0,0,1,0,1,12,0.0769230769230769,1,20,0.0476190476190476,1,27,0.0357142857142857,1,51,0.0192307692307692,5,60,0.0769230769230769,5,67,0.0694444444444444,7,88,0.0736842105263158,10,103,0.0884955752212389,10,105,0.0869565217391304,14,136,0.0933333333333333,24,165,0.126984126984127,29,204,0.124463519313305,37,246,0.130742049469965,40,279,0.125391849529781,40,294,0.119760479041916,40,295,0.119402985074627
"5140","79783063","79783063-2012-12-06",100,90,2012-12-06,"HA1",2012,"F","Adult",1,0,1,8,0.111111111111111,3,20,0.130434782608696,5,31,0.138888888888889,7,39,0.152173913043478,10,50,0.166666666666667,10,52,0.161290322580645,14,54,0.205882352941176,16,62,0.205128205128205,17,66,0.204819277108434,17,71,0.193181818181818,18,97,0.156521739130435,22,113,0.162962962962963,27,138,0.163636363636364,29,167,0.147959183673469,31,204,0.131914893617021,35,242,0.126353790613718,37,272,0.119741100323625
"5156","79638027","79638027-2012-12-19",0,20,2012-12-19,"HA1",2012,"M","Adult",0,1,1,3,0.25,3,13,0.1875,3,23,0.115384615384615,4,31,0.114285714285714,6,43,0.122448979591837,6,49,0.109090909090909,6,52,0.103448275862069,8,55,0.126984126984127,8,61,0.115942028985507,8,69,0.103896103896104,9,92,0.0891089108910891,9,116,0.072,14,137,0.0927152317880795,18,174,0.09375,24,216,0.1,31,250,0.110320284697509,35,288,0.108359133126935
"5160","79631608","79631608-2012-12-19",30,100,2012-12-19,"HA1",2012,"F","Adult",0,0,0,9,0,2,21,0.0869565217391304,3,23,0.115384615384615,4,32,0.111111111111111,5,44,0.102040816326531,6,53,0.101694915254237,6,63,0.0869565217391304,9,75,0.107142857142857,9,83,0.0978260869565217,10,91,0.099009900990099,17,123,0.121428571428571,18,147,0.109090909090909,24,187,0.113744075829384,31,227,0.12015503875969,38,255,0.129692832764505,40,284,0.123456790123457,42,313,0.11830985915493
"5201","79623028","79623028-2012-12-18",0,100,2012-12-18,"HA1",2012,"M","Adult",0,0,0,3,0,3,12,0.2,3,16,0.157894736842105,3,21,0.125,3,27,0.1,3,29,0.09375,3,41,0.0681818181818182,3,50,0.0566037735849057,3,53,0.0535714285714286,5,62,0.0746268656716418,8,76,0.0952380952380952,10,99,0.0917431192660551,12,123,0.0888888888888889,20,149,0.118343195266272,24,183,0.115942028985507,34,230,0.128787878787879,40,267,0.130293159609121
"5202","52826884","52826884-2012-12-18",10,100,2012-12-18,"HA1",2012,"M","Adult",1,0,0,4,0,0,14,0,3,20,0.130434782608696,3,34,0.0810810810810811,3,42,0.0666666666666667,3,43,0.0652173913043478,5,53,0.0862068965517241,6,59,0.0923076923076923,6,62,0.0882352941176471,7,65,0.0972222222222222,10,88,0.102040816326531,12,114,0.0952380952380952,18,139,0.114649681528662,23,164,0.122994652406417,30,213,0.123456790123457,39,259,0.130872483221477,41,281,0.127329192546584
"5211","79783063","79783063-2012-12-19",100,90,2012-12-19,"HA1",2012,"F","Adult",0,0,1,9,0.1,3,23,0.115384615384615,5,34,0.128205128205128,7,42,0.142857142857143,10,53,0.158730158730159,10,55,0.153846153846154,14,59,0.191780821917808,16,67,0.192771084337349,17,71,0.193181818181818,17,76,0.182795698924731,18,102,0.15,22,119,0.156028368794326,27,145,0.156976744186047,29,175,0.142156862745098,31,215,0.126016260162602,35,257,0.11986301369863,37,289,0.113496932515337
"5212","79786569","79786569-2012-12-19",50,50,2012-12-19,"HA1",2012,"M","Adult",0,0,0,2,0,0,7,0,1,14,0.0666666666666667,1,24,0.04,3,34,0.0810810810810811,6,37,0.13953488372093,7,49,0.125,8,75,0.0963855421686747,9,84,0.0967741935483871,10,88,0.102040816326531,25,168,0.129533678756477,36,273,0.116504854368932,40,313,0.113314447592068,42,325,0.114441416893733,42,325,0.114441416893733,42,325,0.114441416893733,42,325,0.114441416893733
