"","ID","ID.CapDate","lat","long","Capture.date","Grid","year","Sex","Age","Tryps","EappINF","NoInf_0","NoUninf_0","Prev_0","NoInf_10","NoUninf_10","Prev_10","NoInf_14.1","NoUninf_14.1","Prev_14.1","NoInf_20","NoUninf_20","Prev_20","NoInf_22.4","NoUninf_22.4","Prev_22.4","NoInf_28.3","NoUninf_28.3","Prev_28.3","NoInf_30","NoUninf_30","Prev_30","NoInf_31.6","NoUninf_31.6","Prev_31.6","NoInf_36.1","NoUninf_36.1","Prev_36.1","NoInf_40","NoUninf_40","Prev_40","NoInf_50","NoUninf_50","Prev_50","NoInf_60","NoUninf_60","Prev_60","NoInf_70","NoUninf_70","Prev_70","NoInf_80","NoUninf_80","Prev_80","NoInf_90","NoUninf_90","Prev_90","NoInf_100","NoUninf_100","Prev_100","NoInf_110","NoUninf_110","Prev_110"
"4380","49811771","49811771-2012-06-06",10,10,2012-06-06,"HA1",2012,"F","Adult",0,0,0,0,NA,0,0,NA,0,0,NA,0,0,NA,0,0,NA,0,0,NA,0,0,NA,0,0,NA,0,0,NA,0,0,NA,0,0,NA,0,0,NA,0,0,NA,0,0,NA,0,0,NA,0,0,NA,0,0,NA
"4381","49811771","49811771-2012-06-19",10,20,2012-06-19,"HA1",2012,"F","Adult",0,0,0,0,NA,0,3,0,0,3,0,0,4,0,0,6,0,0,7,0,0,8,0,0,8,0,0,10,0,0,11,0,0,13,0,0,16,0,0,19,0,1,19,0.05,2,21,0.0869565217391304,3,27,0.1,3,28,0.0967741935483871
"4382","49811771","49811771-2012-07-03",20,20,2012-07-03,"HA1",2012,"F","Adult",0,0,0,0,NA,0,2,0,0,5,0,1,9,0.1,1,14,0.0666666666666667,1,19,0.05,1,19,0.05,1,21,0.0454545454545455,1,22,0.0434782608695652,2,24,0.0769230769230769,2,27,0.0689655172413793,2,33,0.0571428571428571,3,36,0.0769230769230769,4,39,0.0930232558139535,5,50,0.0909090909090909,5,56,0.0819672131147541,5,57,0.0806451612903226
"4383","49811771","49811771-2012-07-17",40,20,2012-07-17,"HA1",2012,"F","Adult",0,0,0,2,0,0,2,0,0,2,0,1,4,0.2,1,10,0.0909090909090909,2,11,0.153846153846154,2,14,0.125,2,21,0.0869565217391304,2,24,0.0769230769230769,2,26,0.0714285714285714,3,48,0.0588235294117647,4,56,0.0666666666666667,5,65,0.0714285714285714,5,72,0.0649350649350649,5,83,0.0568181818181818,6,84,0.0666666666666667,6,84,0.0666666666666667
"4384","49811771","49811771-2012-08-14",30,50,2012-08-14,"HA1",2012,"F","Adult",0,0,0,2,0,0,7,0,1,13,0.0714285714285714,1,16,0.0588235294117647,2,22,0.0833333333333333,3,27,0.1,4,29,0.121212121212121,4,41,0.0888888888888889,5,49,0.0925925925925926,5,53,0.0862068965517241,7,83,0.0777777777777778,11,105,0.0948275862068965,13,115,0.1015625,15,132,0.102040816326531,16,135,0.105960264900662,16,135,0.105960264900662,16,135,0.105960264900662
"4385","49811771","49811771-2012-07-31",10,30,2012-07-31,"HA1",2012,"F","Adult",0,0,0,1,0,0,6,0,1,14,0.0666666666666667,1,20,0.0476190476190476,1,24,0.04,1,26,0.037037037037037,1,28,0.0344827586206897,1,42,0.0232558139534884,1,46,0.0212765957446809,1,47,0.0208333333333333,2,55,0.0350877192982456,3,62,0.0461538461538462,4,70,0.0540540540540541,4,78,0.0487804878048781,7,90,0.0721649484536082,8,99,0.0747663551401869,9,101,0.0818181818181818
"4386","49811771","49811771-2012-08-28",40,0,2012-08-28,"HA1",2012,"F","Adult",0,0,0,0,NA,0,3,0,0,5,0,0,11,0,0,15,0,1,18,0.0526315789473684,2,23,0.08,2,31,0.0606060606060606,2,35,0.0540540540540541,2,44,0.0434782608695652,6,70,0.0789473684210526,8,83,0.0879120879120879,13,110,0.105691056910569,15,122,0.109489051094891,17,132,0.114093959731544,23,148,0.134502923976608,28,166,0.144329896907216
"4387","49811771","49811771-2012-09-11",20,50,2012-09-11,"HA1",2012,"F","Adult",0,0,0,2,0,1,13,0.0714285714285714,3,21,0.125,4,28,0.125,8,45,0.150943396226415,8,50,0.137931034482759,9,55,0.140625,11,67,0.141025641025641,11,77,0.125,13,80,0.139784946236559,20,115,0.148148148148148,26,149,0.148571428571429,32,163,0.164102564102564,38,190,0.166666666666667,47,211,0.182170542635659,47,211,0.182170542635659,47,211,0.182170542635659
"4398","49829569","49829569-2012-06-06",30,40,2012-06-06,"HA1",2012,"F","Adult",0,0,0,0,NA,0,0,NA,0,0,NA,0,0,NA,0,0,NA,0,0,NA,0,0,NA,0,0,NA,0,0,NA,0,0,NA,0,0,NA,0,0,NA,0,0,NA,0,0,NA,0,0,NA,0,0,NA,0,0,NA
"4400","49847790","49847790-2012-06-06",10,90,2012-06-06,"HA1",2012,"F","Adult",0,0,0,0,NA,0,0,NA,0,0,NA,0,0,NA,0,0,NA,0,0,NA,0,0,NA,0,0,NA,0,0,NA,0,0,NA,0,0,NA,0,0,NA,0,0,NA,0,0,NA,0,0,NA,0,0,NA,0,0,NA
"4401","49847790","49847790-2012-06-20",10,100,2012-06-20,"HA1",2012,"F","Adult",0,0,0,0,NA,0,2,0,0,2,0,0,4,0,0,4,0,0,4,0,0,4,0,0,4,0,0,5,0,0,6,0,0,10,0,0,16,0,0,23,0,0,28,0,0,34,0,1,39,0.025,1,42,0.0232558139534884
"4402","49847790","49847790-2012-07-03",20,70,2012-07-03,"HA1",2012,"F","Adult",0,0,0,0,NA,0,5,0,0,7,0,0,7,0,0,12,0,0,13,0,1,14,0.0666666666666667,1,20,0.0476190476190476,1,22,0.0434782608695652,1,22,0.0434782608695652,1,25,0.0384615384615385,1,33,0.0294117647058824,2,44,0.0434782608695652,3,49,0.0576923076923077,3,57,0.05,5,57,0.0806451612903226,5,57,0.0806451612903226
"4432","52826884","52826884-2012-12-18",10,100,2012-12-18,"HA1",2012,"M","Adult",0,0,1,7,0.125,4,35,0.102564102564103,8,44,0.153846153846154,14,64,0.179487179487179,16,77,0.172043010752688,16,79,0.168421052631579,22,98,0.183333333333333,26,116,0.183098591549296,28,121,0.187919463087248,31,133,0.189024390243902,40,179,0.182648401826484,49,231,0.175,63,293,0.176966292134831,80,362,0.180995475113122,96,450,0.175824175824176,114,545,0.17298937784522,120,608,0.164835164835165
"4451","52842550","52842550-2012-06-06",30,100,2012-06-06,"HA1",2012,"F","Adult",0,0,0,0,NA,0,0,NA,0,0,NA,0,0,NA,0,0,NA,0,0,NA,0,0,NA,0,0,NA,0,0,NA,0,0,NA,0,0,NA,0,0,NA,0,0,NA,0,0,NA,0,0,NA,0,0,NA,0,0,NA
"4452","52842550","52842550-2012-06-19",50,80,2012-06-19,"HA1",2012,"F","Adult",0,0,0,0,NA,0,0,NA,0,0,NA,0,1,0,0,3,0,0,6,0,0,7,0,0,8,0,0,10,0,0,11,0,0,19,0,1,20,0.0476190476190476,1,21,0.0454545454545455,1,24,0.04,3,27,0.1,3,28,0.0967741935483871,3,28,0.0967741935483871
"4453","52842550","52842550-2012-07-03",60,60,2012-07-03,"HA1",2012,"F","Adult",0,0,0,2,0,0,3,0,0,4,0,0,4,0,0,6,0,0,9,0,0,9,0,0,14,0,1,17,0.0555555555555556,2,19,0.0952380952380952,3,35,0.0789473684210526,4,42,0.0869565217391304,5,47,0.0961538461538462,5,54,0.0847457627118644,5,57,0.0806451612903226,5,57,0.0806451612903226,5,57,0.0806451612903226
"4454","52842550","52842550-2012-07-18",60,90,2012-07-18,"HA1",2012,"F","Adult",0,0,0,0,NA,0,1,0,0,4,0,0,5,0,0,11,0,0,13,0,0,16,0,1,20,0.0476190476190476,1,24,0.04,1,25,0.0384615384615385,1,42,0.0232558139534884,1,50,0.0196078431372549,4,57,0.0655737704918033,4,70,0.0540540540540541,6,76,0.0731707317073171,6,90,0.0625,6,95,0.0594059405940594
"4455","52842550","52842550-2012-08-14",50,100,2012-08-14,"HA1",2012,"F","Adult",0,0,0,0,NA,1,2,0.333333333333333,1,4,0.2,2,9,0.181818181818182,4,9,0.307692307692308,4,9,0.307692307692308,4,14,0.222222222222222,4,17,0.19047619047619,4,22,0.153846153846154,5,25,0.166666666666667,7,48,0.127272727272727,10,63,0.136986301369863,11,69,0.1375,12,78,0.133333333333333,14,98,0.125,15,116,0.114503816793893,16,130,0.10958904109589
"4456","52842550","52842550-2012-07-31",60,90,2012-07-31,"HA1",2012,"F","Adult",0,0,0,1,0,1,2,0.333333333333333,1,5,0.166666666666667,1,7,0.125,1,13,0.0714285714285714,1,15,0.0625,1,18,0.0526315789473684,2,22,0.0833333333333333,3,26,0.103448275862069,3,27,0.1,3,45,0.0625,4,53,0.0701754385964912,7,60,0.104477611940299,7,73,0.0875,9,81,0.1,9,95,0.0865384615384615,9,101,0.0818181818181818
"4501","66808052","66808052-2012-08-30",60,20,2012-08-30,"HA1",2012,"M","Adult",0,0,1,0,1,1,3,0.25,1,5,0.166666666666667,1,10,0.0909090909090909,3,22,0.12,3,27,0.1,4,28,0.125,7,35,0.166666666666667,10,40,0.2,11,51,0.17741935483871,15,81,0.15625,21,113,0.156716417910448,22,141,0.134969325153374,34,161,0.174358974358974,39,185,0.174107142857143,40,189,0.174672489082969,40,189,0.174672489082969
"4502","66808052","66808052-2012-09-11",100,10,2012-09-11,"HA1",2012,"M","Adult",0,0,1,3,0.25,3,7,0.3,3,8,0.272727272727273,3,16,0.157894736842105,3,22,0.12,4,24,0.142857142857143,4,26,0.133333333333333,4,30,0.117647058823529,5,31,0.138888888888889,5,31,0.138888888888889,8,38,0.173913043478261,12,48,0.2,20,68,0.227272727272727,23,90,0.20353982300885,29,119,0.195945945945946,37,157,0.190721649484536,42,187,0.183406113537118
"4503","66808052","66808052-2012-10-09",0,0,2012-10-09,"HA1",2012,"M","Adult",1,0,0,7,0,1,16,0.0588235294117647,1,23,0.0416666666666667,2,32,0.0588235294117647,3,40,0.0697674418604651,3,45,0.0625,3,56,0.0508474576271186,5,63,0.0735294117647059,5,69,0.0675675675675676,5,73,0.0641025641025641,11,96,0.102803738317757,11,120,0.083969465648855,17,150,0.101796407185629,25,180,0.121951219512195,35,204,0.146443514644351,46,240,0.160839160839161,59,290,0.169054441260745
"4505","66808052","66808052-2012-11-07",20,20,2012-11-07,"HA1",2012,"M","Adult",0,0,0,7,0,3,29,0.09375,6,50,0.107142857142857,11,70,0.135802469135802,14,116,0.107692307692308,14,138,0.0921052631578947,14,146,0.0875,14,158,0.0813953488372093,19,171,0.1,20,185,0.0975609756097561,31,221,0.123015873015873,40,266,0.130718954248366,53,309,0.146408839779006,70,367,0.160183066361556,103,454,0.18491921005386,112,491,0.185737976782753,115,503,0.186084142394822
"4506","66808052","66808052-2012-11-20",40,20,2012-11-20,"HA1",2012,"M","Adult",0,0,1,5,0.166666666666667,2,16,0.111111111111111,5,25,0.166666666666667,6,44,0.12,13,83,0.135416666666667,18,91,0.165137614678899,21,107,0.1640625,24,138,0.148148148148148,28,164,0.145833333333333,32,181,0.150234741784038,46,276,0.142857142857143,58,338,0.146464646464646,80,400,0.166666666666667,97,464,0.172905525846702,121,534,0.184732824427481,124,547,0.184798807749627,124,547,0.184798807749627
"4527","66809820","66809820-2012-07-17",30,50,2012-07-17,"HA1",2012,"F","NotAdult",0,0,0,1,0,0,4,0,1,9,0.1,1,12,0.0769230769230769,1,17,0.0555555555555556,1,19,0.05,1,19,0.05,1,28,0.0344827586206897,1,35,0.0277777777777778,1,36,0.027027027027027,2,54,0.0357142857142857,3,68,0.0422535211267606,3,75,0.0384615384615385,5,83,0.0568181818181818,6,84,0.0666666666666667,6,84,0.0666666666666667,6,84,0.0666666666666667
"4532","66810112","66810112-2012-09-11",50,80,2012-09-11,"HA1",2012,"M","Adult",0,0,0,2,0,1,4,0.2,2,6,0.25,2,10,0.166666666666667,7,23,0.233333333333333,10,32,0.238095238095238,11,35,0.239130434782609,14,45,0.23728813559322,14,64,0.179487179487179,16,73,0.179775280898876,34,104,0.246376811594203,39,126,0.236363636363636,41,147,0.218085106382979,44,175,0.200913242009132,47,205,0.186507936507937,47,211,0.182170542635659,47,211,0.182170542635659
"4536","66810301","66810301-2012-08-30",10,100,2012-08-30,"HA1",2012,"M","Adult",0,0,0,2,0,1,9,0.1,2,10,0.166666666666667,4,15,0.210526315789474,4,18,0.181818181818182,4,18,0.181818181818182,6,22,0.214285714285714,6,26,0.1875,6,28,0.176470588235294,7,33,0.175,9,46,0.163636363636364,12,64,0.157894736842105,17,84,0.168316831683168,21,105,0.166666666666667,28,131,0.176100628930818,37,151,0.196808510638298,37,167,0.181372549019608
"4543","66810776","66810776-2012-07-04",70,30,2012-07-04,"HA1",2012,"M","Adult",0,0,0,0,NA,1,2,0.333333333333333,2,2,0.5,2,4,0.333333333333333,2,4,0.333333333333333,3,4,0.428571428571429,3,10,0.230769230769231,3,16,0.157894736842105,4,18,0.181818181818182,4,18,0.181818181818182,4,22,0.153846153846154,5,34,0.128205128205128,5,51,0.0892857142857143,5,64,0.072463768115942,5,67,0.0694444444444444,5,68,0.0684931506849315,5,68,0.0684931506849315
"4544","66810776","66810776-2012-07-17",70,0,2012-07-17,"HA1",2012,"M","Adult",0,0,0,1,0,0,1,0,0,1,0,0,2,0,2,2,0.5,2,2,0.5,2,3,0.4,4,5,0.444444444444444,4,8,0.333333333333333,4,10,0.285714285714286,4,17,0.19047619047619,4,23,0.148148148148148,5,41,0.108695652173913,5,56,0.0819672131147541,5,67,0.0694444444444444,5,74,0.0632911392405063,6,81,0.0689655172413793
"4545","66810776","66810776-2012-07-31",60,30,2012-07-31,"HA1",2012,"M","Adult",0,0,0,1,0,1,2,0.333333333333333,1,2,0.333333333333333,2,3,0.4,2,8,0.2,2,9,0.181818181818182,2,13,0.133333333333333,2,19,0.0952380952380952,3,22,0.12,3,27,0.1,6,47,0.113207547169811,6,67,0.0821917808219178,7,85,0.0760869565217391,9,97,0.0849056603773585,9,100,0.0825688073394495,9,101,0.0818181818181818,9,101,0.0818181818181818
"4554","66811012","66811012-2012-06-21",90,70,2012-06-21,"HA1",2012,"F","Adult",0,0,0,1,0,0,1,0,0,4,0,0,4,0,0,6,0,0,7,0,0,7,0,0,10,0,0,12,0,0,13,0,1,20,0.0476190476190476,2,23,0.08,3,26,0.103448275862069,4,30,0.117647058823529,4,37,0.0975609756097561,4,45,0.0816326530612245,4,48,0.0769230769230769
"4591","66815612","66815612-2012-07-18",80,90,2012-07-18,"HA1",2012,"F","Adult",0,0,0,1,0,0,6,0,1,8,0.111111111111111,1,11,0.0833333333333333,1,15,0.0625,1,16,0.0588235294117647,1,17,0.0555555555555556,1,19,0.05,1,22,0.0434782608695652,1,22,0.0434782608695652,1,24,0.04,2,31,0.0606060606060606,2,52,0.037037037037037,4,59,0.0634920634920635,6,67,0.0821917808219178,6,79,0.0705882352941176,6,89,0.0631578947368421
"4592","66815612","66815612-2012-07-17",100,70,2012-07-17,"HA1",2012,"F","Adult",0,0,0,0,NA,0,3,0,0,3,0,0,6,0,0,8,0,0,9,0,0,10,0,1,11,0.0833333333333333,1,14,0.0666666666666667,1,19,0.05,2,27,0.0689655172413793,3,30,0.0909090909090909,5,34,0.128205128205128,5,44,0.102040816326531,6,51,0.105263157894737,6,64,0.0857142857142857,6,76,0.0731707317073171
"4593","66815612","66815612-2012-07-31",100,80,2012-07-31,"HA1",2012,"F","Adult",0,0,0,1,0,0,3,0,1,5,0.166666666666667,1,7,0.125,2,11,0.153846153846154,2,14,0.125,2,14,0.125,2,16,0.111111111111111,2,19,0.0952380952380952,2,19,0.0952380952380952,3,30,0.0909090909090909,4,36,0.1,5,38,0.116279069767442,7,46,0.132075471698113,9,61,0.128571428571429,9,73,0.109756097560976,9,84,0.0967741935483871
"4611","66818332","66818332-2012-09-11",10,80,2012-09-11,"HA1",2012,"F","Adult",0,1,1,3,0.25,5,13,0.277777777777778,7,18,0.28,8,24,0.25,8,38,0.173913043478261,9,42,0.176470588235294,9,44,0.169811320754717,10,48,0.172413793103448,11,55,0.166666666666667,12,60,0.166666666666667,17,78,0.178947368421053,21,94,0.182608695652174,25,127,0.164473684210526,32,157,0.169312169312169,43,181,0.191964285714286,44,194,0.184873949579832,46,207,0.181818181818182
"4627","66821017","66821017-2012-10-09",0,30,2012-10-09,"HA1",2012,"F","NotAdult",0,0,0,4,0,2,19,0.0952380952380952,3,27,0.1,3,37,0.075,5,53,0.0862068965517241,6,62,0.0882352941176471,7,74,0.0864197530864197,9,91,0.09,10,105,0.0869565217391304,11,110,0.0909090909090909,18,150,0.107142857142857,28,169,0.142131979695431,33,196,0.14410480349345,46,231,0.166064981949458,52,264,0.164556962025316,69,300,0.186991869918699,74,332,0.182266009852217
"4684","66828572","66828572-2012-10-23",50,0,2012-10-23,"HA1",2012,"M","Adult",0,0,2,1,0.666666666666667,2,3,0.4,4,4,0.5,4,20,0.166666666666667,7,34,0.170731707317073,8,40,0.166666666666667,8,48,0.142857142857143,9,60,0.130434782608696,11,73,0.130952380952381,13,82,0.136842105263158,26,139,0.157575757575758,39,203,0.161157024793388,48,238,0.167832167832168,55,276,0.166163141993958,71,313,0.184895833333333,84,357,0.19047619047619,105,402,0.207100591715976
"4688","66828572","66828572-2012-12-18",40,20,2012-12-18,"HA1",2012,"M","Adult",0,0,1,6,0.142857142857143,2,19,0.0952380952380952,5,31,0.138888888888889,6,52,0.103448275862069,13,97,0.118181818181818,18,108,0.142857142857143,21,127,0.141891891891892,24,163,0.128342245989305,28,194,0.126126126126126,32,214,0.130081300813008,47,323,0.127027027027027,59,397,0.129385964912281,81,472,0.146473779385172,99,556,0.151145038167939,123,649,0.159326424870466,128,668,0.160804020100503,128,668,0.160804020100503
"4752","66843623","66843623-2012-08-15",100,80,2012-08-15,"HA1",2012,"M","NotAdult",0,1,1,3,0.25,1,5,0.166666666666667,2,7,0.222222222222222,2,9,0.181818181818182,3,14,0.176470588235294,3,19,0.136363636363636,3,19,0.136363636363636,5,21,0.192307692307692,8,24,0.25,8,24,0.25,10,39,0.204081632653061,11,49,0.183333333333333,13,57,0.185714285714286,15,68,0.180722891566265,17,87,0.163461538461538,19,105,0.153225806451613,20,121,0.141843971631206
"4753","66843623","66843623-2012-09-28",100,90,2012-09-28,"HA1",2012,"M","Adult",0,0,2,1,0.666666666666667,6,5,0.545454545454545,7,9,0.4375,8,16,0.333333333333333,12,29,0.292682926829268,12,31,0.27906976744186,15,34,0.306122448979592,17,40,0.298245614035088,17,44,0.278688524590164,17,48,0.261538461538462,29,66,0.305263157894737,34,86,0.283333333333333,40,109,0.268456375838926,50,140,0.263157894736842,53,186,0.221757322175732,66,230,0.222972972972973,73,262,0.217910447761194
"4754","66843623","66843623-2012-10-24",100,70,2012-10-24,"HA1",2012,"M","Adult",0,0,1,4,0.2,8,18,0.307692307692308,11,27,0.289473684210526,14,35,0.285714285714286,16,44,0.266666666666667,19,50,0.27536231884058,21,60,0.259259259259259,25,69,0.265957446808511,31,88,0.260504201680672,33,98,0.251908396946565,50,135,0.27027027027027,59,166,0.262222222222222,72,199,0.265682656826568,79,251,0.239393939393939,90,292,0.235602094240838,100,359,0.217864923747277,106,409,0.205825242718447
"4755","66843623","66843623-2012-12-04",100,100,2012-12-04,"HA1",2012,"M","Adult",0,0,1,1,0.5,4,15,0.210526315789474,5,18,0.217391304347826,8,38,0.173913043478261,11,52,0.174603174603175,12,56,0.176470588235294,15,68,0.180722891566265,23,82,0.219047619047619,26,88,0.228070175438596,32,97,0.248062015503876,44,131,0.251428571428571,55,166,0.248868778280543,68,208,0.246376811594203,79,260,0.233038348082596,90,337,0.210772833723653,107,424,0.2015065913371,115,479,0.193602693602694
"4910","66855330","66855330-2012-06-08",10,0,2012-06-08,"HA1",2012,"M","Adult",0,0,0,0,NA,0,3,0,0,3,0,0,3,0,0,4,0,0,4,0,0,4,0,0,4,0,0,4,0,0,4,0,0,7,0,0,9,0,0,10,0,1,13,0.0714285714285714,1,16,0.0588235294117647,1,17,0.0555555555555556,1,18,0.0526315789473684
"5006","66859820","66859820-2012-07-04",0,100,2012-07-04,"HA1",2012,"M","Adult",0,0,0,0,NA,0,1,0,0,3,0,0,3,0,0,4,0,0,4,0,0,5,0,0,6,0,0,8,0,0,9,0,0,15,0,0,19,0,1,27,0.0357142857142857,1,35,0.0277777777777778,1,45,0.0217391304347826,2,57,0.0338983050847458,3,61,0.046875
"5007","66859820","66859820-2012-07-31",0,90,2012-07-31,"HA1",2012,"M","Adult",0,0,0,0,NA,0,4,0,1,7,0.125,1,7,0.125,1,9,0.1,1,11,0.0833333333333333,1,12,0.0769230769230769,1,15,0.0625,1,21,0.0454545454545455,1,22,0.0434782608695652,1,29,0.0333333333333333,2,38,0.05,3,46,0.0612244897959184,3,57,0.05,3,80,0.036144578313253,7,89,0.0729166666666667,7,93,0.07
"5008","66859820","66859820-2012-09-11",60,50,2012-09-11,"HA1",2012,"M","Adult",0,0,1,0,1,2,5,0.285714285714286,4,11,0.266666666666667,7,15,0.318181818181818,8,22,0.266666666666667,9,27,0.25,11,33,0.25,12,39,0.235294117647059,15,52,0.223880597014925,15,56,0.211267605633803,29,107,0.213235294117647,43,164,0.207729468599034,44,193,0.185654008438819,47,211,0.182170542635659,47,211,0.182170542635659,47,211,0.182170542635659,47,211,0.182170542635659
"5031","66861012","66861012-2012-06-07",100,80,2012-06-07,"HA1",2012,"F","Adult",0,0,0,0,NA,0,0,NA,0,0,NA,0,0,NA,0,0,NA,0,0,NA,0,0,NA,0,0,NA,0,1,0,0,1,0,0,1,0,1,1,0.5,1,1,0.5,1,2,0.333333333333333,1,4,0.2,1,6,0.142857142857143,1,6,0.142857142857143
"5065","66863517","66863517-2012-06-07",40,40,2012-06-07,"HA1",2012,"F","NotAdult",0,0,0,0,NA,0,1,0,0,1,0,0,1,0,0,1,0,0,2,0,0,2,0,0,3,0,0,3,0,0,3,0,1,6,0.142857142857143,1,7,0.125,1,9,0.1,1,9,0.1,1,9,0.1,1,9,0.1,1,9,0.1
"5111","66865371","66865371-2012-06-07",10,80,2012-06-07,"HA1",2012,"M","Adult",0,0,0,0,NA,0,1,0,0,1,0,0,1,0,0,2,0,0,3,0,0,4,0,0,4,0,0,4,0,0,4,0,0,5,0,0,5,0,0,9,0,0,9,0,1,9,0.1,1,9,0.1,1,9,0.1
"5112","66865371","66865371-2012-06-19",10,10,2012-06-19,"HA1",2012,"M","Adult",0,0,0,2,0,0,3,0,0,5,0,0,5,0,0,5,0,0,5,0,0,5,0,0,6,0,0,7,0,0,8,0,0,11,0,0,13,0,0,16,0,2,19,0.0952380952380952,3,20,0.130434782608696,3,24,0.111111111111111,3,27,0.1
"5120","66866543","66866543-2012-09-27",50,0,2012-09-27,"HA1",2012,"F","NotAdult",0,1,1,1,0.5,1,3,0.25,1,4,0.2,1,17,0.0555555555555556,3,26,0.103448275862069,3,30,0.0909090909090909,3,37,0.075,4,46,0.08,6,56,0.0967741935483871,8,64,0.111111111111111,15,102,0.128205128205128,23,150,0.132947976878613,27,172,0.135678391959799,29,194,0.130044843049327,40,219,0.154440154440154,51,245,0.172297297297297,66,277,0.192419825072886
"5194","66872112","66872112-2012-10-09",0,70,2012-10-09,"HA1",2012,"M","Adult",0,0,1,3,0.25,4,17,0.19047619047619,7,26,0.212121212121212,10,35,0.222222222222222,11,50,0.180327868852459,11,56,0.164179104477612,12,66,0.153846153846154,15,74,0.168539325842697,17,88,0.161904761904762,17,92,0.155963302752294,30,132,0.185185185185185,33,167,0.165,44,207,0.175298804780877,54,242,0.182432432432432,65,270,0.194029850746269,70,303,0.187667560321716,76,329,0.187654320987654
"5195","66872112","66872112-2012-10-23",10,70,2012-10-23,"HA1",2012,"M","Adult",0,0,3,6,0.333333333333333,7,26,0.212121212121212,7,43,0.14,8,55,0.126984126984127,13,70,0.156626506024096,13,77,0.144444444444444,15,85,0.15,22,105,0.173228346456693,30,121,0.198675496688742,31,127,0.19620253164557,40,170,0.19047619047619,55,218,0.201465201465201,71,260,0.214501510574018,82,312,0.208121827411168,93,350,0.209932279909707,100,394,0.202429149797571,105,405,0.205882352941176
"5197","66872112","66872112-2012-11-20",0,60,2012-11-20,"HA1",2012,"M","Adult",0,0,0,7,0,2,21,0.0869565217391304,5,35,0.125,5,56,0.0819672131147541,8,82,0.0888888888888889,12,86,0.122448979591837,17,102,0.142857142857143,21,129,0.14,22,141,0.134969325153374,27,158,0.145945945945946,41,232,0.15018315018315,53,295,0.152298850574713,67,343,0.163414634146341,85,382,0.182012847965739,99,437,0.184701492537313,109,485,0.183501683501683,118,538,0.179878048780488
"5305","66878865","66878865-2012-06-19",80,80,2012-06-19,"HA1",2012,"M","Adult",0,0,0,1,0,0,2,0,0,2,0,0,3,0,0,5,0,0,6,0,0,6,0,0,6,0,0,7,0,0,7,0,1,7,0.125,1,14,0.0666666666666667,1,17,0.0555555555555556,3,22,0.12,3,23,0.115384615384615,3,26,0.103448275862069,3,27,0.1
"5306","66878865","66878865-2012-07-03",70,0,2012-07-03,"HA1",2012,"M","Adult",0,0,0,0,NA,0,0,NA,0,0,NA,0,0,NA,2,0,1,2,0,1,2,0,1,4,1,0.8,4,3,0.571428571428571,4,3,0.571428571428571,4,10,0.285714285714286,4,14,0.222222222222222,5,26,0.161290322580645,5,36,0.121951219512195,5,44,0.102040816326531,5,51,0.0892857142857143,5,56,0.0819672131147541
"5307","66878865","66878865-2012-08-14",70,0,2012-08-14,"HA1",2012,"M","Adult",0,0,0,2,0,0,5,0,0,5,0,0,6,0,2,6,0.25,2,6,0.25,2,7,0.222222222222222,4,12,0.25,4,19,0.173913043478261,4,21,0.16,4,34,0.105263157894737,6,46,0.115384615384615,8,69,0.103896103896104,9,91,0.09,12,105,0.102564102564103,14,118,0.106060606060606,16,130,0.10958904109589
"5308","66878865","66878865-2012-07-31",60,100,2012-07-31,"HA1",2012,"M","Adult",0,0,1,0,1,1,3,0.25,1,4,0.2,1,7,0.125,1,10,0.0909090909090909,1,12,0.0769230769230769,2,14,0.125,2,15,0.117647058823529,2,17,0.105263157894737,2,21,0.0869565217391304,3,35,0.0789473684210526,4,50,0.0740740740740741,4,54,0.0689655172413793,7,62,0.101449275362319,7,76,0.0843373493975904,9,84,0.0967741935483871,9,95,0.0865384615384615
"5309","66878865","66878865-2012-08-29",100,80,2012-08-29,"HA1",2012,"M","Adult",0,1,2,3,0.4,3,7,0.3,6,9,0.4,6,11,0.352941176470588,8,17,0.32,8,23,0.258064516129032,8,23,0.258064516129032,10,25,0.285714285714286,13,30,0.302325581395349,14,30,0.318181818181818,17,46,0.26984126984127,19,58,0.246753246753247,21,69,0.233333333333333,24,84,0.222222222222222,26,109,0.192592592592593,31,134,0.187878787878788,32,154,0.172043010752688
"5446","66883112","66883112-2012-06-06",70,100,2012-06-06,"HA1",2012,"F","Adult",0,0,0,0,NA,0,0,NA,0,0,NA,0,0,NA,0,0,NA,0,0,NA,0,0,NA,0,0,NA,0,0,NA,0,0,NA,0,0,NA,0,0,NA,0,0,NA,0,0,NA,0,0,NA,0,0,NA,0,0,NA
"5447","66883112","66883112-2012-06-19",80,100,2012-06-19,"HA1",2012,"F","Adult",0,0,0,0,NA,0,3,0,0,3,0,0,4,0,0,4,0,0,5,0,0,5,0,0,5,0,0,5,0,0,5,0,0,8,0,0,9,0,1,9,0.1,1,19,0.05,1,23,0.0416666666666667,3,23,0.115384615384615,3,23,0.115384615384615
"5503","66885846","66885846-2012-10-11",60,20,2012-10-11,"HA1",2012,"M","Adult",0,0,1,3,0.25,3,10,0.230769230769231,3,15,0.166666666666667,6,25,0.193548387096774,12,42,0.222222222222222,13,52,0.2,14,59,0.191780821917808,19,74,0.204301075268817,22,93,0.191304347826087,24,106,0.184615384615385,45,168,0.211267605633803,57,220,0.205776173285199,62,276,0.183431952662722,84,324,0.205882352941176,96,374,0.204255319148936,102,386,0.209016393442623,102,386,0.209016393442623
"5530","66887847","66887847-2012-10-10",100,40,2012-10-10,"HA1",2012,"M","Adult",0,0,1,4,0.2,1,15,0.0625,2,21,0.0869565217391304,4,29,0.121212121212121,8,36,0.181818181818182,9,42,0.176470588235294,14,50,0.21875,19,58,0.246753246753247,23,65,0.261363636363636,28,73,0.277227722772277,37,112,0.248322147651007,46,135,0.25414364640884,55,171,0.243362831858407,70,200,0.259259259259259,74,248,0.229813664596273,86,304,0.220512820512821,90,354,0.202702702702703
"5631","66893321","66893321-2012-12-18",100,0,2012-12-18,"HA1",2012,"M","Adult",0,0,1,5,0.166666666666667,6,15,0.285714285714286,7,18,0.28,8,34,0.19047619047619,8,41,0.163265306122449,9,48,0.157894736842105,9,66,0.12,9,76,0.105882352941176,11,84,0.115789473684211,12,93,0.114285714285714,20,122,0.140845070422535,27,149,0.153409090909091,38,204,0.15702479338843,56,258,0.178343949044586,74,338,0.179611650485437,90,449,0.166975881261596,104,546,0.16
"5793","67006795","67006795-2012-09-25",20,40,2012-09-25,"HA1",2012,"M","Adult",0,1,1,2,0.333333333333333,2,16,0.111111111111111,4,28,0.125,4,43,0.0851063829787234,6,61,0.0895522388059701,7,74,0.0864197530864197,9,85,0.0957446808510638,14,102,0.120689655172414,15,110,0.12,15,113,0.1171875,21,145,0.126506024096386,29,167,0.147959183673469,37,203,0.154166666666667,51,229,0.182142857142857,58,259,0.182965299684543,60,261,0.186915887850467,60,261,0.186915887850467
"5794","67006795","67006795-2012-10-09",20,40,2012-10-09,"HA1",2012,"M","Adult",0,1,2,2,0.5,3,18,0.142857142857143,5,32,0.135135135135135,5,48,0.0943396226415094,8,73,0.0987654320987654,11,89,0.11,13,100,0.115044247787611,18,120,0.130434782608696,20,132,0.131578947368421,20,136,0.128205128205128,29,182,0.137440758293839,40,214,0.15748031496063,52,257,0.168284789644013,69,295,0.18956043956044,77,337,0.185990338164251,80,340,0.19047619047619,80,340,0.19047619047619
"5813","67007587","67007587-2012-08-30",10,70,2012-08-30,"HA1",2012,"M","Adult",0,1,2,3,0.4,4,11,0.266666666666667,4,19,0.173913043478261,5,27,0.15625,6,33,0.153846153846154,6,38,0.136363636363636,6,42,0.125,7,48,0.127272727272727,9,54,0.142857142857143,10,58,0.147058823529412,12,76,0.136363636363636,16,101,0.136752136752137,22,126,0.148648648648649,29,150,0.162011173184358,33,163,0.168367346938776,38,182,0.172727272727273,40,189,0.174672489082969
"5873","67010314","67010314-2012-06-21",10,70,2012-06-21,"HA1",2012,"M","Adult",0,0,0,0,NA,0,2,0,0,5,0,0,9,0,0,9,0,0,10,0,0,12,0,1,14,0.0666666666666667,1,17,0.0555555555555556,1,17,0.0555555555555556,1,22,0.0434782608695652,1,30,0.032258064516129,1,35,0.0277777777777778,1,43,0.0227272727272727,2,45,0.0425531914893617,3,51,0.0555555555555556,4,51,0.0727272727272727
"5878","67010536","67010536-2012-08-15",50,20,2012-08-15,"HA1",2012,"M","Adult",0,0,0,0,NA,1,3,0.25,1,5,0.166666666666667,2,7,0.222222222222222,2,13,0.133333333333333,2,19,0.0952380952380952,2,22,0.0833333333333333,4,28,0.125,5,36,0.121951219512195,5,39,0.113636363636364,10,71,0.123456790123457,12,103,0.104347826086957,14,111,0.112,18,123,0.127659574468085,21,143,0.128048780487805,21,144,0.127272727272727,21,144,0.127272727272727
"5930","67069635","67069635-2012-10-23",30,0,2012-10-23,"HA1",2012,"F","Adult",0,0,0,7,0,1,13,0.0714285714285714,3,18,0.142857142857143,6,28,0.176470588235294,7,45,0.134615384615385,7,53,0.116666666666667,8,64,0.111111111111111,10,77,0.114942528735632,13,98,0.117117117117117,13,110,0.105691056910569,21,152,0.121387283236994,28,179,0.135265700483092,38,218,0.1484375,54,263,0.170347003154574,65,300,0.178082191780822,87,349,0.19954128440367,103,393,0.207661290322581
"6249","67088367","67088367-2012-10-23",70,40,2012-10-23,"HA1",2012,"F","NotAdult",1,0,1,0,1,5,7,0.416666666666667,9,12,0.428571428571429,13,23,0.361111111111111,19,47,0.287878787878788,22,58,0.275,24,74,0.244897959183673,29,96,0.232,38,116,0.246753246753247,39,128,0.233532934131737,65,193,0.251937984496124,77,251,0.234756097560976,90,317,0.221130221130221,100,382,0.20746887966805,105,402,0.207100591715976,106,407,0.206627680311891,106,407,0.206627680311891
"6252","67088839","67088839-2012-10-23",20,60,2012-10-23,"HA1",2012,"M","Adult",0,0,0,6,0,2,24,0.0769230769230769,5,39,0.113636363636364,10,49,0.169491525423729,15,75,0.166666666666667,16,90,0.150943396226415,18,94,0.160714285714286,22,113,0.162962962962963,30,131,0.186335403726708,32,144,0.181818181818182,52,216,0.194029850746269,68,261,0.206686930091185,83,307,0.212820512820513,91,353,0.204954954954955,101,399,0.202,106,407,0.206627680311891,106,407,0.206627680311891
"6258","67089554","67089554-2012-10-09",30,60,2012-10-09,"HA1",2012,"F","Adult",0,0,1,1,0.5,3,15,0.166666666666667,4,27,0.129032258064516,6,37,0.13953488372093,12,53,0.184615384615385,16,68,0.19047619047619,18,78,0.1875,22,91,0.194690265486726,26,117,0.181818181818182,32,129,0.198757763975155,50,204,0.196850393700787,59,248,0.192182410423453,69,292,0.191135734072022,76,329,0.187654320987654,80,339,0.190930787589499,80,340,0.19047619047619,80,340,0.19047619047619
"6281","67091302","67091302-2012-08-14",10,10,2012-08-14,"HA1",2012,"F","NotAdult",0,0,0,5,0,0,14,0,0,27,0,1,32,0.0303030303030303,1,36,0.027027027027027,1,36,0.027027027027027,1,37,0.0263157894736842,2,43,0.0444444444444444,2,44,0.0434782608695652,2,45,0.0425531914893617,3,56,0.0508474576271186,4,68,0.0555555555555556,6,77,0.072289156626506,8,90,0.0816326530612245,10,100,0.0909090909090909,13,121,0.0970149253731343,15,128,0.104895104895105
"6283","67091302","67091302-2012-08-28",20,10,2012-08-28,"HA1",2012,"F","NotAdult",0,0,0,2,0,0,15,0,1,22,0.0434782608695652,1,25,0.0384615384615385,2,42,0.0454545454545455,2,44,0.0434782608695652,3,45,0.0625,3,49,0.0576923076923077,3,52,0.0545454545454545,3,53,0.0535714285714286,5,73,0.0641025641025641,7,87,0.074468085106383,11,103,0.0964912280701754,15,116,0.114503816793893,17,137,0.11038961038961,23,154,0.129943502824859,27,165,0.140625
"6284","67091302","67091302-2012-09-11",20,20,2012-09-11,"HA1",2012,"F","Adult",0,0,0,4,0,1,12,0.0769230769230769,3,25,0.107142857142857,4,35,0.102564102564103,6,53,0.101694915254237,6,64,0.0857142857142857,6,67,0.0821917808219178,6,74,0.075,8,82,0.0888888888888889,9,87,0.09375,12,101,0.106194690265487,15,119,0.111940298507463,21,135,0.134615384615385,28,159,0.149732620320856,39,191,0.169565217391304,45,209,0.177165354330709,47,211,0.182170542635659
"6396","67123054","67123054-2012-08-02",70,90,2012-08-02,"HA1",2012,"M","Adult",0,1,1,0,1,1,7,0.125,2,13,0.133333333333333,2,15,0.117647058823529,3,18,0.142857142857143,4,20,0.166666666666667,4,22,0.153846153846154,4,27,0.129032258064516,4,29,0.121212121212121,4,31,0.114285714285714,6,39,0.133333333333333,6,54,0.1,9,72,0.111111111111111,11,84,0.115789473684211,14,97,0.126126126126126,14,117,0.106870229007634,14,122,0.102941176470588
"6397","67123054","67123054-2012-08-16",80,90,2012-08-16,"HA1",2012,"M","Adult",0,1,0,3,0,3,10,0.230769230769231,5,15,0.25,6,20,0.230769230769231,10,27,0.27027027027027,10,28,0.263157894736842,10,29,0.256410256410256,10,32,0.238095238095238,10,35,0.222222222222222,12,35,0.25531914893617,13,39,0.25,15,51,0.227272727272727,16,78,0.170212765957447,22,94,0.189655172413793,24,111,0.177777777777778,25,133,0.158227848101266,25,147,0.145348837209302
"6410","67125021","67125021-2012-07-03",60,30,2012-07-03,"HA1",2012,"M","Adult",1,0,0,0,NA,1,0,1,1,0,1,2,1,0.666666666666667,2,4,0.333333333333333,2,5,0.285714285714286,2,8,0.2,2,10,0.166666666666667,3,11,0.214285714285714,3,16,0.157894736842105,5,24,0.172413793103448,5,36,0.121951219512195,5,47,0.0961538461538462,5,56,0.0819672131147541,5,57,0.0806451612903226,5,57,0.0806451612903226,5,57,0.0806451612903226
"6412","67125021","67125021-2012-08-14",80,30,2012-08-14,"HA1",2012,"M","Adult",1,0,1,1,0.5,1,3,0.25,1,3,0.25,2,11,0.153846153846154,4,18,0.181818181818182,6,20,0.230769230769231,6,21,0.222222222222222,6,25,0.193548387096774,6,29,0.171428571428571,6,31,0.162162162162162,7,45,0.134615384615385,7,59,0.106060606060606,11,84,0.115789473684211,15,103,0.127118644067797,16,125,0.113475177304965,16,134,0.106666666666667,16,135,0.105960264900662
"6413","67125021","67125021-2012-07-31",100,10,2012-07-31,"HA1",2012,"M","Adult",0,0,1,0,1,2,1,0.666666666666667,2,1,0.666666666666667,2,6,0.25,2,7,0.222222222222222,3,8,0.272727272727273,3,8,0.272727272727273,3,10,0.230769230769231,3,11,0.214285714285714,3,11,0.214285714285714,4,14,0.222222222222222,4,17,0.19047619047619,5,30,0.142857142857143,5,39,0.113636363636364,6,54,0.1,8,75,0.0963855421686747,8,90,0.0816326530612245
"6415","67125021","67125021-2012-08-29",100,40,2012-08-29,"HA1",2012,"M","Adult",0,0,0,0,NA,0,6,0,0,9,0,1,13,0.0714285714285714,4,15,0.210526315789474,4,17,0.19047619047619,5,21,0.192307692307692,8,26,0.235294117647059,8,32,0.2,10,35,0.222222222222222,14,56,0.2,19,63,0.231707317073171,21,83,0.201923076923077,25,99,0.201612903225806,25,121,0.171232876712329,32,151,0.174863387978142,33,177,0.157142857142857
"6450","67126571","67126571-2012-06-19",60,60,2012-06-19,"HA1",2012,"F","NotAdult",0,0,0,1,0,0,2,0,0,2,0,0,2,0,0,2,0,0,4,0,0,4,0,0,6,0,1,8,0.111111111111111,1,9,0.1,1,18,0.0526315789473684,2,23,0.08,3,23,0.115384615384615,3,27,0.1,3,28,0.0967741935483871,3,28,0.0967741935483871,3,28,0.0967741935483871
"6458","67259597","67259597-2012-06-19",100,30,2012-06-19,"HA1",2012,"F","Adult",0,0,0,2,0,0,3,0,0,3,0,2,3,0.4,3,3,0.5,3,3,0.5,3,3,0.5,3,3,0.5,3,3,0.5,3,3,0.5,3,5,0.375,3,7,0.3,3,9,0.25,3,13,0.1875,3,16,0.157894736842105,3,22,0.12,3,28,0.0967741935483871
"6459","67259597","67259597-2012-07-18",90,50,2012-07-18,"HA1",2012,"F","Adult",0,0,0,0,NA,0,0,NA,0,0,NA,0,4,0,1,14,0.0666666666666667,1,16,0.0588235294117647,1,16,0.0588235294117647,1,22,0.0434782608695652,1,23,0.0416666666666667,2,23,0.08,5,28,0.151515151515152,5,42,0.106382978723404,5,47,0.0961538461538462,6,60,0.0909090909090909,6,78,0.0714285714285714,6,90,0.0625,6,95,0.0594059405940594
"6529","67276836","67276836-2012-11-08",70,60,2012-11-08,"HA1",2012,"F","NotAdult",0,0,4,4,0.5,8,18,0.307692307692308,15,26,0.365853658536585,20,35,0.363636363636364,31,52,0.373493975903614,35,70,0.333333333333333,41,84,0.328,45,110,0.290322580645161,51,147,0.257575757575758,55,159,0.257009345794392,76,273,0.217765042979943,94,331,0.221176470588235,107,408,0.207766990291262,115,484,0.191986644407346,119,516,0.18740157480315,119,527,0.184210526315789,119,527,0.184210526315789
"6563","67287808","67287808-2012-08-15",90,90,2012-08-15,"HA1",2012,"F","NotAdult",0,1,0,0,NA,1,4,0.2,2,14,0.125,5,16,0.238095238095238,6,21,0.222222222222222,6,22,0.214285714285714,6,24,0.2,7,25,0.21875,7,26,0.212121212121212,7,28,0.2,10,36,0.217391304347826,10,37,0.212765957446809,12,57,0.173913043478261,14,76,0.155555555555556,19,93,0.169642857142857,20,113,0.150375939849624,20,123,0.13986013986014
"6650","79610382","79610382-2012-08-16",80,10,2012-08-16,"HA1",2012,"F","Adult",0,0,0,0,NA,1,3,0.25,1,6,0.142857142857143,3,11,0.214285714285714,5,17,0.227272727272727,5,25,0.166666666666667,5,25,0.166666666666667,5,27,0.15625,5,27,0.15625,7,27,0.205882352941176,9,38,0.191489361702128,9,53,0.145161290322581,11,75,0.127906976744186,15,103,0.127118644067797,20,132,0.131578947368421,25,144,0.14792899408284,26,153,0.145251396648045
"6666","79612036","79612036-2012-09-12",30,30,2012-09-12,"HA1",2012,"M","NotAdult",0,0,1,1,0.5,1,7,0.125,2,19,0.0952380952380952,4,30,0.117647058823529,8,51,0.135593220338983,9,59,0.132352941176471,9,69,0.115384615384615,11,84,0.115789473684211,14,99,0.123893805309735,14,102,0.120689655172414,19,134,0.124183006535948,26,156,0.142857142857143,34,180,0.158878504672897,47,220,0.176029962546816,52,235,0.181184668989547,54,237,0.185567010309278,54,237,0.185567010309278
"6699","79614576","79614576-2012-12-18",10,50,2012-12-18,"HA1",2012,"F","Adult",0,0,0,4,0,3,28,0.0967741935483871,6,55,0.0983606557377049,11,83,0.117021276595745,14,123,0.102189781021898,16,129,0.110344827586207,20,152,0.116279069767442,24,186,0.114285714285714,24,197,0.108597285067873,26,225,0.103585657370518,46,314,0.127777777777778,65,409,0.137130801687764,80,448,0.151515151515152,98,510,0.161184210526316,110,583,0.158730158730159,125,660,0.159235668789809,128,668,0.160804020100503
"6718","79615341","79615341-2012-12-18",20,10,2012-12-18,"HA1",2012,"M","Adult",0,0,1,8,0.111111111111111,3,40,0.0697674418604651,5,75,0.0625,7,92,0.0707070707070707,12,132,0.0833333333333333,12,144,0.0769230769230769,15,147,0.0925925925925926,19,166,0.102702702702703,19,183,0.0940594059405941,20,196,0.0925925925925926,26,244,0.0962962962962963,35,295,0.106060606060606,48,357,0.118518518518519,67,425,0.136178861788618,87,524,0.142389525368249,117,615,0.159836065573771,123,649,0.159326424870466
"6750","79617035","79617035-2012-10-09",100,0,2012-10-09,"HA1",2012,"F","Adult",0,1,0,1,0,3,6,0.333333333333333,4,6,0.4,5,15,0.25,5,18,0.217391304347826,6,21,0.222222222222222,6,34,0.15,6,40,0.130434782608696,7,43,0.14,7,48,0.127272727272727,12,60,0.166666666666667,15,72,0.172413793103448,20,100,0.166666666666667,34,134,0.202380952380952,44,174,0.201834862385321,52,231,0.183745583038869,63,275,0.186390532544379
"6774","79618628","79618628-2012-09-27",100,50,2012-09-27,"HA1",2012,"M","Adult",0,0,0,0,NA,0,3,0,1,7,0.125,3,15,0.166666666666667,8,22,0.266666666666667,9,26,0.257142857142857,13,37,0.26,15,43,0.258620689655172,16,50,0.242424242424242,20,56,0.263157894736842,29,74,0.281553398058252,33,111,0.229166666666667,39,130,0.230769230769231,44,155,0.221105527638191,51,196,0.206477732793522,60,243,0.198019801980198,66,271,0.195845697329377
"6779","79618812","79618812-2012-08-14",50,40,2012-08-14,"HA1",2012,"M","Adult",0,1,0,1,0,0,2,0,1,6,0.142857142857143,1,8,0.111111111111111,2,19,0.0952380952380952,2,21,0.0869565217391304,3,22,0.12,5,24,0.172413793103448,5,37,0.119047619047619,5,40,0.111111111111111,9,76,0.105882352941176,13,108,0.107438016528926,15,130,0.103448275862069,16,135,0.105960264900662,16,135,0.105960264900662,16,135,0.105960264900662,16,135,0.105960264900662
"6780","79618812","79618812-2012-08-28",90,70,2012-08-28,"HA1",2012,"M","Adult",0,1,1,2,0.333333333333333,1,6,0.142857142857143,3,12,0.2,4,14,0.222222222222222,8,20,0.285714285714286,10,22,0.3125,11,23,0.323529411764706,11,31,0.261904761904762,13,36,0.26530612244898,13,38,0.254901960784314,17,56,0.232876712328767,20,65,0.235294117647059,21,84,0.2,24,106,0.184615384615385,28,129,0.178343949044586,28,153,0.154696132596685,29,162,0.151832460732984
"6781","79618812","79618812-2012-09-11",80,60,2012-09-11,"HA1",2012,"M","Adult",0,0,0,1,0,4,5,0.444444444444444,7,11,0.388888888888889,8,16,0.333333333333333,9,21,0.3,13,25,0.342105263157895,15,31,0.326086956521739,19,36,0.345454545454545,21,52,0.287671232876712,21,59,0.2625,29,84,0.256637168141593,32,109,0.226950354609929,35,131,0.210843373493976,44,169,0.206572769953052,46,199,0.187755102040816,47,211,0.182170542635659,47,211,0.182170542635659
"6796","79619290","79619290-2012-09-28",100,80,2012-09-28,"HA1",2012,"M","Adult",1,0,3,4,0.428571428571429,5,10,0.333333333333333,10,13,0.434782608695652,10,16,0.384615384615385,13,27,0.325,13,36,0.26530612244898,13,37,0.26,17,43,0.283333333333333,22,48,0.314285714285714,24,52,0.315789473684211,32,79,0.288288288288288,35,101,0.257352941176471,45,123,0.267857142857143,52,154,0.252427184466019,57,200,0.221789883268482,67,244,0.215434083601286,74,280,0.209039548022599
"6797","79619290","79619290-2012-10-09",100,90,2012-10-09,"HA1",2012,"M","Adult",1,0,2,2,0.5,6,8,0.428571428571429,7,13,0.35,8,22,0.266666666666667,12,35,0.25531914893617,13,37,0.26,16,42,0.275862068965517,18,48,0.272727272727273,18,53,0.253521126760563,18,57,0.24,31,76,0.289719626168224,37,96,0.278195488721804,43,120,0.263803680981595,54,152,0.262135922330097,57,202,0.22007722007722,70,249,0.219435736677116,77,286,0.212121212121212
"6866","79623028","79623028-2012-12-18",0,100,2012-12-18,"HA1",2012,"M","Adult",0,0,2,8,0.2,7,23,0.233333333333333,8,36,0.181818181818182,8,49,0.140350877192982,10,58,0.147058823529412,11,60,0.154929577464789,16,80,0.166666666666667,20,97,0.170940170940171,20,108,0.15625,23,124,0.156462585034014,32,159,0.167539267015707,40,206,0.16260162601626,52,257,0.168284789644013,68,326,0.17258883248731,82,412,0.165991902834008,102,502,0.16887417218543,115,580,0.165467625899281
"6888","79623797","79623797-2012-08-30",10,40,2012-08-30,"HA1",2012,"M","Adult",0,1,0,2,0,2,11,0.153846153846154,2,17,0.105263157894737,3,22,0.12,3,41,0.0681818181818182,3,43,0.0652173913043478,5,53,0.0862068965517241,7,66,0.0958904109589041,8,73,0.0987654320987654,11,81,0.119565217391304,13,99,0.116071428571429,16,111,0.125984251968504,18,127,0.124137931034483,25,146,0.146198830409357,32,165,0.16243654822335,39,188,0.171806167400881,40,189,0.174672489082969
"6890","79623797","79623797-2012-11-20",0,90,2012-11-20,"HA1",2012,"M","Adult",0,0,4,4,0.5,7,26,0.212121212121212,10,39,0.204081632653061,11,45,0.196428571428571,15,64,0.189873417721519,15,72,0.172413793103448,16,83,0.161616161616162,21,101,0.172131147540984,22,112,0.164179104477612,25,116,0.177304964539007,32,156,0.170212765957447,40,197,0.168776371308017,61,241,0.201986754966887,75,301,0.199468085106383,88,376,0.189655172413793,106,453,0.189624329159213,115,493,0.189144736842105
"6893","79623797","79623797-2012-12-18",10,90,2012-12-18,"HA1",2012,"M","Adult",0,0,1,13,0.0714285714285714,8,37,0.177777777777778,11,60,0.154929577464789,15,77,0.16304347826087,20,108,0.15625,21,111,0.159090909090909,26,118,0.180555555555556,30,144,0.172413793103448,31,150,0.171270718232044,31,159,0.163157894736842,38,213,0.151394422310757,59,265,0.182098765432099,73,326,0.182957393483709,83,417,0.166,104,510,0.169381107491857,119,600,0.165507649513213,120,634,0.159151193633952
"7027","79630010","79630010-2012-09-25",10,90,2012-09-25,"HA1",2012,"F","Adult",0,0,1,4,0.2,6,12,0.333333333333333,7,24,0.225806451612903,10,31,0.24390243902439,13,41,0.240740740740741,13,43,0.232142857142857,15,46,0.245901639344262,16,56,0.222222222222222,16,57,0.219178082191781,16,61,0.207792207792208,19,89,0.175925925925926,29,112,0.205673758865248,35,136,0.204678362573099,36,177,0.169014084507042,50,204,0.196850393700787,56,233,0.193771626297578,56,249,0.183606557377049
"7028","79630010","79630010-2012-10-09",20,60,2012-10-09,"HA1",2012,"F","Adult",1,0,0,5,0,2,19,0.0952380952380952,5,34,0.128205128205128,9,42,0.176470588235294,14,65,0.177215189873418,14,77,0.153846153846154,15,81,0.15625,19,98,0.162393162393162,25,112,0.182481751824818,26,125,0.172185430463576,40,188,0.175438596491228,51,222,0.186813186813187,62,263,0.190769230769231,69,299,0.1875,77,334,0.187347931873479,80,340,0.19047619047619,80,340,0.19047619047619
"7032","79630010","79630010-2012-12-04",20,70,2012-12-04,"HA1",2012,"F","Adult",0,0,0,8,0,5,33,0.131578947368421,9,52,0.147540983606557,10,69,0.126582278481013,15,114,0.116279069767442,23,128,0.152317880794702,26,136,0.160493827160494,34,172,0.16504854368932,40,200,0.166666666666667,43,206,0.172690763052209,61,273,0.182634730538922,80,346,0.187793427230047,93,423,0.180232558139535,110,511,0.177133655394525,118,575,0.17027417027417,125,601,0.172176308539945,126,603,0.172839506172839
"7033","79630010","79630010-2012-12-18",30,60,2012-12-18,"HA1",2012,"F","Adult",0,0,1,4,0.2,4,26,0.133333333333333,5,50,0.0909090909090909,8,68,0.105263157894737,17,96,0.150442477876106,22,122,0.152777777777778,26,142,0.154761904761905,34,165,0.170854271356784,41,212,0.162055335968379,49,234,0.173144876325088,79,380,0.172113289760349,95,475,0.166666666666667,110,565,0.162962962962963,119,639,0.156992084432718,127,663,0.160759493670886,128,668,0.160804020100503,128,668,0.160804020100503
"7052","79630102","79630102-2012-09-11",20,100,2012-09-11,"HA1",2012,"M","Adult",0,0,0,3,0,1,9,0.1,2,14,0.125,3,19,0.136363636363636,7,23,0.233333333333333,7,25,0.21875,7,31,0.184210526315789,10,38,0.208333333333333,10,41,0.196078431372549,12,46,0.206896551724138,15,61,0.197368421052632,20,83,0.194174757281553,26,104,0.2,33,126,0.207547169811321,41,152,0.212435233160622,43,172,0.2,44,197,0.182572614107884
"7076","79630840","79630840-2012-10-09",70,70,2012-10-09,"HA1",2012,"F","NotAdult",1,1,0,3,0,3,8,0.272727272727273,6,17,0.260869565217391,13,27,0.325,19,47,0.287878787878788,22,52,0.297297297297297,24,59,0.289156626506024,35,79,0.307017543859649,42,95,0.306569343065693,42,98,0.3,49,154,0.241379310344828,58,201,0.223938223938224,69,247,0.218354430379747,78,297,0.208,79,324,0.196029776674938,80,340,0.19047619047619,80,340,0.19047619047619
"7082","79631608","79631608-2012-12-19",30,100,2012-12-19,"HA1",2012,"F","Adult",0,0,4,12,0.25,8,31,0.205128205128205,11,33,0.25,13,50,0.206349206349206,16,73,0.179775280898876,19,86,0.180952380952381,27,104,0.206106870229008,31,130,0.192546583850932,36,149,0.194594594594595,39,162,0.194029850746269,55,243,0.184563758389262,68,298,0.185792349726776,87,362,0.193763919821826,103,443,0.188644688644689,113,517,0.179365079365079,118,613,0.161422708618331,124,666,0.156962025316456
"7091","79632292","79632292-2012-09-13",100,10,2012-09-13,"HA1",2012,"M","Adult",0,1,1,4,0.2,3,8,0.272727272727273,3,10,0.230769230769231,3,18,0.142857142857143,4,25,0.137931034482759,5,27,0.15625,5,30,0.142857142857143,5,36,0.121951219512195,6,37,0.13953488372093,6,37,0.13953488372093,9,44,0.169811320754717,14,60,0.189189189189189,23,82,0.219047619047619,28,108,0.205882352941176,34,145,0.189944134078212,43,191,0.183760683760684,48,225,0.175824175824176
"7190","79637279","79637279-2012-09-12",0,100,2012-09-12,"HA1",2012,"M","Adult",0,1,0,4,0,3,8,0.272727272727273,4,12,0.25,4,18,0.181818181818182,6,21,0.222222222222222,6,22,0.214285714285714,7,26,0.212121212121212,10,31,0.24390243902439,10,35,0.222222222222222,11,40,0.215686274509804,13,55,0.191176470588235,17,74,0.186813186813187,22,92,0.192982456140351,29,120,0.194630872483221,32,152,0.173913043478261,44,181,0.195555555555556,50,204,0.196850393700787
"7191","79637279","79637279-2012-09-27",0,80,2012-09-27,"HA1",2012,"M","Adult",0,0,0,2,0,6,9,0.4,10,20,0.333333333333333,11,28,0.282051282051282,13,39,0.25,13,49,0.209677419354839,13,51,0.203125,13,57,0.185714285714286,16,69,0.188235294117647,16,71,0.183908045977011,25,98,0.203252032520325,29,121,0.193333333333333,35,150,0.189189189189189,43,194,0.181434599156118,49,228,0.176895306859206,62,249,0.19935691318328,63,264,0.192660550458716
"7243","79638791","79638791-2012-08-30",90,80,2012-08-30,"HA1",2012,"M","Adult",1,0,0,2,0,7,9,0.4375,9,16,0.36,11,17,0.392857142857143,13,26,0.333333333333333,14,31,0.311111111111111,15,32,0.319148936170213,17,34,0.333333333333333,19,40,0.322033898305085,19,42,0.311475409836066,21,50,0.295774647887324,24,67,0.263736263736264,28,85,0.247787610619469,30,111,0.212765957446809,35,137,0.203488372093023,39,164,0.192118226600985,39,178,0.179723502304147
"7247","79638837","79638837-2012-10-09",100,80,2012-10-09,"HA1",2012,"M","Adult",0,0,3,5,0.375,5,15,0.25,10,19,0.344827586206897,10,23,0.303030303030303,14,34,0.291666666666667,14,43,0.245614035087719,14,44,0.241379310344828,18,52,0.257142857142857,23,57,0.2875,25,62,0.28735632183908,34,89,0.276422764227642,38,112,0.253333333333333,49,135,0.266304347826087,56,169,0.248888888888889,61,219,0.217857142857143,71,265,0.211309523809524,78,304,0.204188481675393
"7248","79638837","79638837-2012-10-23",100,90,2012-10-23,"HA1",2012,"M","Adult",0,0,2,3,0.4,6,12,0.333333333333333,8,19,0.296296296296296,10,28,0.263157894736842,14,44,0.241379310344828,15,46,0.245901639344262,19,54,0.26027397260274,24,62,0.27906976744186,25,67,0.271739130434783,25,72,0.257731958762887,43,99,0.302816901408451,50,120,0.294117647058824,60,146,0.29126213592233,73,186,0.281853281853282,78,247,0.24,96,299,0.243037974683544,103,341,0.231981981981982
"7260","79639272","79639272-2012-10-10",0,90,2012-10-10,"HA1",2012,"M","Adult",1,1,3,3,0.5,5,20,0.2,8,29,0.216216216216216,9,34,0.209302325581395,12,46,0.206896551724138,12,50,0.193548387096774,12,55,0.17910447761194,17,65,0.207317073170732,17,73,0.188888888888889,20,76,0.208333333333333,26,104,0.2,32,135,0.191616766467066,48,168,0.222222222222222,57,209,0.214285714285714,65,258,0.201238390092879,80,298,0.211640211640212,87,325,0.211165048543689
"7261","79639272","79639272-2012-10-23",0,80,2012-10-23,"HA1",2012,"M","Adult",0,0,0,5,0,7,18,0.28,11,32,0.255813953488372,12,43,0.218181818181818,14,58,0.194444444444444,14,69,0.168674698795181,14,72,0.162790697674419,14,78,0.152173913043478,19,93,0.169642857142857,20,99,0.168067226890756,32,135,0.191616766467066,40,166,0.194174757281553,52,207,0.200772200772201,67,264,0.202416918429003,77,308,0.2,95,348,0.214446952595937,99,380,0.206680584551148
"7263","79639272","79639272-2012-11-20",10,90,2012-11-20,"HA1",2012,"M","Adult",0,0,1,10,0.0909090909090909,8,28,0.222222222222222,11,48,0.186440677966102,15,63,0.192307692307692,20,88,0.185185185185185,21,91,0.1875,25,98,0.203252032520325,29,121,0.193333333333333,30,126,0.192307692307692,30,131,0.186335403726708,37,173,0.176190476190476,58,219,0.209386281588448,72,266,0.21301775147929,82,340,0.194312796208531,103,416,0.198458574181118,115,492,0.189456342668863,116,523,0.181533646322379
"7277","79639579","79639579-2012-08-14",80,100,2012-08-14,"HA1",2012,"F","Adult",1,0,0,4,0,2,9,0.181818181818182,4,9,0.307692307692308,5,12,0.294117647058824,5,15,0.25,5,17,0.227272727272727,5,19,0.208333333333333,6,23,0.206896551724138,6,25,0.193548387096774,6,25,0.193548387096774,7,32,0.179487179487179,8,38,0.173913043478261,9,47,0.160714285714286,10,74,0.119047619047619,13,86,0.131313131313131,16,101,0.136752136752137,16,113,0.124031007751938
"7321","79769626","79769626-2012-10-09",40,80,2012-10-09,"HA1",2012,"F","Adult",0,1,0,1,0,2,4,0.333333333333333,2,10,0.166666666666667,7,18,0.28,13,39,0.25,19,54,0.26027397260274,22,62,0.261904761904762,30,88,0.254237288135593,36,106,0.253521126760563,36,117,0.235294117647059,50,175,0.222222222222222,64,211,0.232727272727273,68,247,0.215873015873016,72,291,0.198347107438017,77,334,0.187347931873479,80,340,0.19047619047619,80,340,0.19047619047619
"7322","79769830","79769830-2012-09-11",90,40,2012-09-11,"HA1",2012,"F","Adult",0,0,0,1,0,1,5,0.166666666666667,4,13,0.235294117647059,5,13,0.277777777777778,6,22,0.214285714285714,7,24,0.225806451612903,11,26,0.297297297297297,13,36,0.26530612244898,14,42,0.25,15,49,0.234375,21,66,0.241379310344828,27,86,0.238938053097345,32,112,0.222222222222222,36,141,0.203389830508475,44,175,0.200913242009132,45,208,0.177865612648221,47,211,0.182170542635659
"7328","79770053","79770053-2012-10-25",10,20,2012-10-25,"HA1",2012,"M","Adult",0,1,0,7,0,2,37,0.0512820512820513,4,62,0.0606060606060606,6,76,0.0731707317073171,11,102,0.0973451327433628,11,117,0.0859375,12,124,0.0882352941176471,13,135,0.0878378378378378,13,145,0.0822784810126582,14,153,0.0838323353293413,26,198,0.116071428571429,35,228,0.133079847908745,42,272,0.133757961783439,63,311,0.168449197860963,80,376,0.175438596491228,103,437,0.190740740740741,108,461,0.189806678383128
"7345","79770603","79770603-2012-08-29",30,90,2012-08-29,"HA1",2012,"M","NotAdult",0,0,0,0,NA,1,3,0.25,1,4,0.2,2,11,0.153846153846154,3,21,0.125,5,24,0.172413793103448,5,28,0.151515151515152,8,35,0.186046511627907,9,39,0.1875,11,43,0.203703703703704,14,66,0.175,17,88,0.161904761904762,24,103,0.188976377952756,29,127,0.185897435897436,29,145,0.166666666666667,32,173,0.15609756097561,33,179,0.155660377358491
"7346","79770603","79770603-2012-09-11",40,100,2012-09-11,"HA1",2012,"M","Adult",0,0,1,2,0.333333333333333,3,8,0.272727272727273,3,11,0.214285714285714,5,15,0.25,5,19,0.208333333333333,6,20,0.230769230769231,7,26,0.212121212121212,10,34,0.227272727272727,11,40,0.215686274509804,11,48,0.186440677966102,21,80,0.207920792079208,27,100,0.21259842519685,37,116,0.241830065359477,39,132,0.228070175438596,41,156,0.208121827411168,44,184,0.192982456140351,47,210,0.182879377431907
"7358","79771081","79771081-2012-08-29",40,100,2012-08-29,"HA1",2012,"F","NotAdult",0,0,0,0,NA,1,4,0.2,1,5,0.166666666666667,3,7,0.3,3,11,0.214285714285714,4,11,0.266666666666667,5,16,0.238095238095238,8,22,0.266666666666667,9,27,0.25,9,33,0.214285714285714,14,63,0.181818181818182,18,81,0.181818181818182,25,95,0.208333333333333,26,109,0.192592592592593,28,128,0.179487179487179,30,156,0.161290322580645,33,179,0.155660377358491
"7369","79772013","79772013-2012-10-25",30,50,2012-10-25,"HA1",2012,"M","Adult",0,0,0,5,0,2,24,0.0769230769230769,7,40,0.148936170212766,9,47,0.160714285714286,14,73,0.160919540229885,18,90,0.166666666666667,19,99,0.161016949152542,25,129,0.162337662337662,31,165,0.158163265306122,33,176,0.157894736842105,61,272,0.183183183183183,85,352,0.194508009153318,95,397,0.193089430894309,104,455,0.186046511627907,111,471,0.190721649484536,111,471,0.190721649484536,111,471,0.190721649484536
"7370","79772013","79772013-2012-11-07",30,50,2012-11-07,"HA1",2012,"M","Adult",0,0,0,6,0,2,26,0.0714285714285714,7,42,0.142857142857143,9,49,0.155172413793103,14,78,0.152173913043478,18,99,0.153846153846154,19,108,0.149606299212598,25,140,0.151515151515152,32,179,0.151658767772512,35,191,0.154867256637168,63,295,0.175977653631285,88,380,0.188034188034188,98,425,0.187380497131931,107,485,0.180743243243243,115,503,0.186084142394822,115,503,0.186084142394822,115,503,0.186084142394822
"7371","79772013","79772013-2012-11-21",0,90,2012-11-21,"HA1",2012,"M","Adult",1,0,4,5,0.444444444444444,7,28,0.2,10,42,0.192307692307692,11,48,0.186440677966102,15,67,0.182926829268293,15,75,0.166666666666667,16,87,0.155339805825243,21,106,0.165354330708661,22,117,0.158273381294964,25,121,0.171232876712329,32,164,0.163265306122449,40,206,0.16260162601626,61,251,0.195512820512821,75,314,0.19280205655527,88,393,0.182952182952183,106,472,0.183391003460208,115,513,0.18312101910828
"7372","79772013","79772013-2012-12-04",10,20,2012-12-04,"HA1",2012,"M","Adult",0,0,1,9,0.1,4,47,0.0784313725490196,6,77,0.072289156626506,8,93,0.0792079207920792,14,122,0.102941176470588,14,140,0.0909090909090909,15,149,0.0914634146341463,16,165,0.0883977900552486,16,177,0.0829015544041451,17,187,0.0833333333333333,30,245,0.109090909090909,40,286,0.122699386503067,48,337,0.124675324675325,71,394,0.152688172043011,90,480,0.157894736842105,117,558,0.173333333333333,122,588,0.171830985915493
"7401","79774854","79774854-2012-08-29",50,50,2012-08-29,"HA1",2012,"F","Adult",0,1,0,0,NA,2,6,0.25,2,10,0.166666666666667,2,16,0.111111111111111,2,22,0.0833333333333333,2,27,0.0689655172413793,4,32,0.111111111111111,7,41,0.145833333333333,8,49,0.140350877192982,8,53,0.131147540983607,19,98,0.162393162393162,29,159,0.154255319148936,33,173,0.160194174757282,33,179,0.155660377358491,33,179,0.155660377358491,33,179,0.155660377358491,33,179,0.155660377358491
"7421","79775849","79775849-2012-09-27",90,30,2012-09-27,"HA1",2012,"F","Adult",0,0,0,3,0,1,14,0.0666666666666667,4,22,0.153846153846154,5,24,0.172413793103448,9,31,0.225,9,35,0.204545454545455,10,40,0.2,11,47,0.189655172413793,14,55,0.202898550724638,18,59,0.233766233766234,21,81,0.205882352941176,30,102,0.227272727272727,37,137,0.21264367816092,48,181,0.209606986899563,55,227,0.195035460992908,62,271,0.186186186186186,66,277,0.192419825072886
"7422","79775849","79775849-2012-10-09",100,40,2012-10-09,"HA1",2012,"F","Adult",0,1,0,4,0,0,15,0,1,21,0.0454545454545455,3,28,0.0967741935483871,7,34,0.170731707317073,8,39,0.170212765957447,12,47,0.203389830508475,17,54,0.23943661971831,20,61,0.246913580246914,23,68,0.252747252747253,29,105,0.216417910447761,38,127,0.23030303030303,45,161,0.218446601941748,57,189,0.231707317073171,60,234,0.204081632653061,72,286,0.201117318435754,76,333,0.185819070904645
"7423","79775849","79775849-2012-10-23",100,20,2012-10-23,"HA1",2012,"F","Adult",0,0,1,5,0.166666666666667,5,20,0.2,6,27,0.181818181818182,9,40,0.183673469387755,10,48,0.172413793103448,11,53,0.171875,12,56,0.176470588235294,13,62,0.173333333333333,16,68,0.19047619047619,17,75,0.184782608695652,27,101,0.2109375,43,132,0.245714285714286,52,160,0.245283018867925,64,207,0.236162361623616,79,264,0.230320699708455,89,319,0.218137254901961,98,373,0.208067940552017
"7425","79775849","79775849-2012-11-20",80,40,2012-11-20,"HA1",2012,"F","Adult",0,0,1,4,0.2,6,14,0.3,8,33,0.195121951219512,12,50,0.193548387096774,20,82,0.196078431372549,24,100,0.193548387096774,27,110,0.197080291970803,34,127,0.211180124223602,44,150,0.22680412371134,45,163,0.216346153846154,64,222,0.223776223776224,80,286,0.218579234972678,95,361,0.208333333333333,111,442,0.200723327305606,117,532,0.180277349768875,124,547,0.184798807749627,124,547,0.184798807749627
"7455","79776883","79776883-2012-10-24",100,90,2012-10-24,"HA1",2012,"M","Adult",0,0,2,5,0.285714285714286,6,14,0.3,8,21,0.275862068965517,10,30,0.25,14,46,0.233333333333333,15,48,0.238095238095238,19,57,0.25,24,66,0.266666666666667,25,71,0.260416666666667,25,76,0.247524752475248,43,104,0.292517006802721,50,127,0.282485875706215,61,157,0.279816513761468,74,200,0.27007299270073,79,265,0.229651162790698,97,321,0.232057416267943,105,366,0.222929936305732
"7456","79776883","79776883-2012-11-07",90,80,2012-11-07,"HA1",2012,"M","Adult",1,1,1,4,0.2,9,22,0.290322580645161,14,45,0.23728813559322,18,54,0.25,23,77,0.23,28,85,0.247787610619469,31,88,0.260504201680672,35,96,0.267175572519084,43,108,0.28476821192053,44,117,0.273291925465839,54,147,0.26865671641791,65,186,0.258964143426295,76,244,0.2375,86,311,0.216624685138539,102,377,0.21294363256785,113,449,0.201067615658363,114,478,0.192567567567568
"7493","79778567","79778567-2012-10-10",10,0,2012-10-10,"HA1",2012,"F","Adult",0,0,1,4,0.2,1,21,0.0454545454545455,2,31,0.0606060606060606,2,43,0.0444444444444444,4,57,0.0655737704918033,4,61,0.0615384615384615,5,68,0.0684931506849315,6,75,0.0740740740740741,7,81,0.0795454545454545,10,86,0.104166666666667,13,110,0.105691056910569,17,145,0.104938271604938,26,173,0.130653266331658,35,206,0.145228215767635,45,237,0.159574468085106,63,282,0.182608695652174,77,325,0.191542288557214
"7512","79779379","79779379-2012-08-28",100,20,2012-08-28,"HA1",2012,"M","Adult",0,0,1,3,0.25,2,12,0.142857142857143,3,14,0.176470588235294,3,15,0.166666666666667,4,19,0.173913043478261,4,22,0.153846153846154,4,22,0.153846153846154,4,25,0.137931034482759,6,28,0.176470588235294,7,28,0.2,8,38,0.173913043478261,12,55,0.17910447761194,13,64,0.168831168831169,17,81,0.173469387755102,22,109,0.16793893129771,25,134,0.157232704402516,28,157,0.151351351351351
"7545","79781605","79781605-2012-10-09",60,40,2012-10-09,"HA1",2012,"F","Adult",0,1,0,1,0,3,7,0.3,4,14,0.222222222222222,7,24,0.225806451612903,14,38,0.269230769230769,17,49,0.257575757575758,17,58,0.226666666666667,19,75,0.202127659574468,22,88,0.2,26,96,0.213114754098361,40,188,0.175438596491228,60,244,0.197368421052632,74,306,0.194736842105263,79,335,0.190821256038647,80,340,0.19047619047619,80,340,0.19047619047619,80,340,0.19047619047619
"7562","79782524","79782524-2012-10-24",40,100,2012-10-24,"HA1",2012,"F","Adult",1,0,3,5,0.375,10,17,0.37037037037037,10,21,0.32258064516129,16,31,0.340425531914894,16,40,0.285714285714286,18,43,0.295081967213115,21,52,0.287671232876712,26,70,0.270833333333333,31,84,0.269565217391304,35,99,0.261194029850746,55,162,0.253456221198157,64,201,0.241509433962264,82,247,0.249240121580547,88,283,0.237196765498652,95,341,0.217889908256881,99,389,0.202868852459016,107,436,0.197053406998158
"7563","79782524","79782524-2012-11-07",80,70,2012-11-07,"HA1",2012,"F","Adult",0,1,1,3,0.25,6,17,0.260869565217391,13,31,0.295454545454545,19,45,0.296875,33,74,0.308411214953271,36,89,0.288,37,101,0.268115942028986,43,120,0.263803680981595,52,135,0.27807486631016,53,139,0.276041666666667,66,198,0.25,75,262,0.222551928783383,90,318,0.220588235294118,104,386,0.212244897959184,113,456,0.198594024604569,115,493,0.189144736842105,115,503,0.186084142394822
"7565","79782524","79782524-2012-11-21",100,100,2012-11-21,"HA1",2012,"F","Adult",0,1,0,1,0,3,13,0.1875,4,15,0.210526315789474,7,34,0.170731707317073,10,46,0.178571428571429,11,50,0.180327868852459,14,61,0.186666666666667,22,74,0.229166666666667,25,79,0.240384615384615,30,86,0.258620689655172,42,115,0.267515923566879,53,150,0.261083743842365,66,190,0.2578125,77,239,0.243670886075949,88,312,0.22,105,395,0.21,113,447,0.201785714285714
"7566","79782524","79782524-2012-12-18",90,90,2012-12-18,"HA1",2012,"F","Adult",0,0,1,3,0.25,7,33,0.175,13,63,0.171052631578947,21,78,0.212121212121212,27,100,0.21259842519685,28,104,0.212121212121212,30,118,0.202702702702703,38,132,0.223529411764706,44,141,0.237837837837838,45,148,0.233160621761658,58,181,0.242677824267782,71,224,0.240677966101695,80,283,0.220385674931129,87,382,0.185501066098081,110,470,0.189655172413793,124,558,0.181818181818182,126,606,0.172131147540984
"7589","79783063","79783063-2012-12-06",100,90,2012-12-06,"HA1",2012,"F","Adult",0,0,2,12,0.142857142857143,7,25,0.21875,10,37,0.212765957446809,12,50,0.193548387096774,17,75,0.184782608695652,19,80,0.191919191919192,24,93,0.205128205128205,29,109,0.210144927536232,30,116,0.205479452054795,30,123,0.196078431372549,50,165,0.232558139534884,60,203,0.228136882129278,72,247,0.225705329153605,87,316,0.215880893300248,93,407,0.186,111,484,0.186554621848739,122,547,0.182361733931241
"7590","79783063","79783063-2012-12-19",100,90,2012-12-19,"HA1",2012,"F","Adult",0,0,2,13,0.133333333333333,9,28,0.243243243243243,12,40,0.230769230769231,14,53,0.208955223880597,19,79,0.193877551020408,21,84,0.2,26,98,0.209677419354839,31,114,0.213793103448276,32,121,0.209150326797386,32,131,0.196319018404908,52,174,0.230088495575221,62,213,0.225454545454545,74,261,0.22089552238806,89,332,0.211401425178147,96,427,0.183556405353728,115,511,0.18370607028754,126,576,0.179487179487179
"7591","79783071","79783071-2012-10-09",0,40,2012-10-09,"HA1",2012,"F","NotAdult",0,0,0,3,0,1,14,0.0666666666666667,2,21,0.0869565217391304,5,33,0.131578947368421,6,48,0.111111111111111,6,58,0.09375,7,71,0.0897435897435897,11,91,0.107843137254902,13,104,0.111111111111111,13,119,0.0984848484848485,24,158,0.131868131868132,28,183,0.132701421800948,41,212,0.162055335968379,47,239,0.164335664335664,60,270,0.181818181818182,69,307,0.183510638297872,78,338,0.1875
"7622","79785369","79785369-2012-10-10",30,10,2012-10-10,"HA1",2012,"M","NotAdult",0,0,1,2,0.333333333333333,3,18,0.142857142857143,3,30,0.0909090909090909,4,39,0.0930232558139535,7,56,0.111111111111111,8,64,0.111111111111111,8,75,0.0963855421686747,13,99,0.116071428571429,15,113,0.1171875,15,119,0.111940298507463,22,151,0.127167630057803,31,187,0.142201834862385,43,217,0.165384615384615,55,266,0.171339563862928,73,303,0.194148936170213,91,350,0.206349206349206,94,362,0.206140350877193
"7659","79786360","79786360-2012-08-28",30,10,2012-08-28,"HA1",2012,"F","NotAdult",1,1,0,2,0,0,7,0,0,15,0,0,22,0,1,28,0.0344827586206897,2,32,0.0588235294117647,2,36,0.0526315789473684,4,48,0.0769230769230769,5,55,0.0833333333333333,5,60,0.0769230769230769,6,76,0.0731707317073171,9,97,0.0849056603773585,14,110,0.112903225806452,16,128,0.111111111111111,20,143,0.122699386503067,27,160,0.144385026737968,29,167,0.147959183673469
"7660","79786360","79786360-2012-08-15",20,0,2012-08-15,"HA1",2012,"F","NotAdult",0,0,0,1,0,1,7,0.125,1,15,0.0625,1,23,0.0416666666666667,1,28,0.0344827586206897,1,35,0.0277777777777778,1,36,0.027027027027027,2,39,0.0487804878048781,2,41,0.0465116279069767,3,43,0.0652173913043478,5,55,0.0833333333333333,5,70,0.0666666666666667,8,78,0.0930232558139535,12,89,0.118811881188119,14,106,0.116666666666667,15,121,0.110294117647059,18,133,0.119205298013245
"7662","79786360","79786360-2012-09-11",30,30,2012-09-11,"HA1",2012,"F","Adult",1,1,0,1,0,0,6,0,1,16,0.0588235294117647,3,27,0.1,7,43,0.14,8,51,0.135593220338983,8,61,0.115942028985507,9,76,0.105882352941176,12,89,0.118811881188119,12,92,0.115384615384615,17,121,0.123188405797101,22,140,0.135802469135802,29,163,0.151041666666667,40,197,0.168776371308017,45,209,0.177165354330709,47,211,0.182170542635659,47,211,0.182170542635659
"7670","79786569","79786569-2012-09-27",60,100,2012-09-27,"HA1",2012,"M","Adult",0,1,4,2,0.666666666666667,5,11,0.3125,8,15,0.347826086956522,10,26,0.277777777777778,13,33,0.282608695652174,13,35,0.270833333333333,17,42,0.288135593220339,18,46,0.28125,18,51,0.260869565217391,18,59,0.233766233766234,33,90,0.268292682926829,44,125,0.260355029585799,51,152,0.251231527093596,57,179,0.241525423728814,60,217,0.216606498194946,65,243,0.211038961038961,66,272,0.195266272189349
"7671","79786569","79786569-2012-10-09",60,70,2012-10-09,"HA1",2012,"M","Adult",0,1,0,1,0,3,8,0.272727272727273,6,14,0.3,8,20,0.285714285714286,14,38,0.269230769230769,20,46,0.303030303030303,29,54,0.349397590361446,34,72,0.320754716981132,38,96,0.283582089552239,38,106,0.263888888888889,56,175,0.242424242424242,64,230,0.217687074829932,72,272,0.209302325581395,79,321,0.1975,80,333,0.193704600484261,80,340,0.19047619047619,80,340,0.19047619047619
"7672","79786569","79786569-2012-10-23",70,100,2012-10-23,"HA1",2012,"M","Adult",1,0,2,3,0.4,11,21,0.34375,12,30,0.285714285714286,14,37,0.274509803921569,17,45,0.274193548387097,18,52,0.257142857142857,21,60,0.259259259259259,29,67,0.302083333333333,37,80,0.316239316239316,43,90,0.323308270676692,52,121,0.300578034682081,61,143,0.299019607843137,73,200,0.267399267399267,84,256,0.247058823529412,91,301,0.232142857142857,100,347,0.223713646532438,105,385,0.214285714285714
"7674","79786569","79786569-2012-12-04",70,100,2012-12-04,"HA1",2012,"M","Adult",0,0,2,5,0.285714285714286,11,32,0.255813953488372,12,42,0.222222222222222,15,52,0.223880597014925,19,64,0.228915662650602,22,78,0.22,27,89,0.232758620689655,36,109,0.248275862068966,44,124,0.261904761904762,52,141,0.269430051813472,64,190,0.251968503937008,74,222,0.25,88,305,0.223918575063613,99,387,0.203703703703704,106,449,0.190990990990991,119,517,0.187106918238994,125,570,0.179856115107914
"7675","79786569","79786569-2012-11-20",60,90,2012-11-20,"HA1",2012,"M","Adult",0,0,0,4,0,11,19,0.366666666666667,16,34,0.32,22,42,0.34375,28,68,0.291666666666667,30,73,0.29126213592233,34,82,0.293103448275862,46,110,0.294871794871795,53,122,0.302857142857143,56,133,0.296296296296296,73,214,0.254355400696864,88,281,0.238482384823848,98,348,0.219730941704036,106,411,0.205029013539652,118,467,0.201709401709402,123,528,0.188940092165899,124,547,0.184798807749627
"7676","79786569","79786569-2012-12-19",50,50,2012-12-19,"HA1",2012,"M","Adult",0,0,1,1,0.5,5,16,0.238095238095238,11,27,0.289473684210526,12,49,0.19672131147541,20,78,0.204081632653061,23,91,0.201754385964912,27,110,0.197080291970803,36,146,0.197802197802198,42,179,0.190045248868778,43,191,0.183760683760684,84,372,0.184210526315789,110,595,0.156028368794326,124,658,0.158567774936061,130,688,0.158924205378973,130,688,0.158924205378973,130,688,0.158924205378973,130,688,0.158924205378973
"7703","79788371","79788371-2012-09-11",10,0,2012-09-11,"HA1",2012,"M","Adult",0,0,1,3,0.25,1,17,0.0555555555555556,2,23,0.08,2,29,0.0645161290322581,3,39,0.0714285714285714,3,42,0.0666666666666667,4,47,0.0784313725490196,4,50,0.0740740740740741,4,54,0.0689655172413793,5,58,0.0793650793650794,6,70,0.0789473684210526,10,92,0.0980392156862745,14,108,0.114754098360656,17,129,0.116438356164384,23,143,0.13855421686747,30,169,0.150753768844221,37,190,0.162995594713656
"7712","79789358","79789358-2012-10-24",0,60,2012-10-24,"HA1",2012,"M","Adult",0,0,0,5,0,2,17,0.105263157894737,5,27,0.15625,5,45,0.1,8,66,0.108108108108108,11,70,0.135802469135802,16,82,0.163265306122449,18,105,0.146341463414634,19,115,0.141791044776119,24,130,0.155844155844156,36,186,0.162162162162162,46,238,0.161971830985915,57,276,0.171171171171171,74,308,0.193717277486911,86,349,0.197701149425287,94,390,0.194214876033058,103,431,0.192883895131086
"7713","79789358","79789358-2012-11-20",10,30,2012-11-20,"HA1",2012,"M","Adult",0,0,2,7,0.222222222222222,5,30,0.142857142857143,9,56,0.138461538461538,10,72,0.121951219512195,11,109,0.0916666666666667,13,119,0.0984848484848485,15,136,0.0993377483443709,16,175,0.0837696335078534,19,194,0.0892018779342723,22,209,0.0952380952380952,34,252,0.118881118881119,44,290,0.131736526946108,64,340,0.158415841584158,81,408,0.165644171779141,103,466,0.181019332161687,118,527,0.182945736434109,124,546,0.185074626865672
"7730","79790568","79790568-2012-09-27",90,70,2012-09-27,"HA1",2012,"M","Adult",0,0,4,2,0.666666666666667,5,11,0.3125,8,19,0.296296296296296,9,22,0.290322580645161,15,29,0.340909090909091,18,34,0.346153846153846,19,37,0.339285714285714,21,50,0.295774647887324,23,57,0.2875,23,60,0.27710843373494,30,86,0.258620689655172,40,109,0.268456375838926,45,143,0.23936170212766,51,185,0.216101694915254,61,223,0.214788732394366,66,263,0.200607902735562,67,276,0.19533527696793
"7731","79790568","79790568-2012-10-09",90,80,2012-10-09,"HA1",2012,"M","Adult",0,1,0,4,0,8,16,0.333333333333333,12,29,0.292682926829268,14,33,0.297872340425532,17,50,0.253731343283582,20,55,0.266666666666667,23,57,0.2875,25,62,0.28735632183908,31,70,0.306930693069307,31,75,0.292452830188679,36,96,0.272727272727273,44,122,0.265060240963855,53,156,0.253588516746411,59,206,0.222641509433962,70,257,0.214067278287462,78,304,0.204188481675393,79,324,0.196029776674938
"7732","79790568","79790568-2012-10-23",100,90,2012-10-23,"HA1",2012,"M","Adult",0,0,2,3,0.4,6,12,0.333333333333333,8,19,0.296296296296296,10,28,0.263157894736842,14,44,0.241379310344828,15,46,0.245901639344262,19,54,0.26027397260274,24,62,0.27906976744186,25,67,0.271739130434783,25,72,0.257731958762887,43,99,0.302816901408451,50,120,0.294117647058824,60,146,0.29126213592233,73,186,0.281853281853282,78,247,0.24,96,299,0.243037974683544,103,341,0.231981981981982
"7733","79790568","79790568-2012-11-07",90,80,2012-11-07,"HA1",2012,"M","Adult",0,0,1,4,0.2,9,22,0.290322580645161,14,45,0.23728813559322,18,54,0.25,23,77,0.23,28,85,0.247787610619469,31,88,0.260504201680672,35,96,0.267175572519084,43,108,0.28476821192053,44,117,0.273291925465839,54,147,0.26865671641791,65,186,0.258964143426295,76,244,0.2375,86,311,0.216624685138539,102,377,0.21294363256785,113,449,0.201067615658363,114,478,0.192567567567568
"7734","79790568","79790568-2012-12-04",100,90,2012-12-04,"HA1",2012,"M","Adult",0,0,2,11,0.153846153846154,7,22,0.241379310344828,10,34,0.227272727272727,12,46,0.206896551724138,17,69,0.197674418604651,19,74,0.204301075268817,24,85,0.220183486238532,29,98,0.228346456692913,30,104,0.223880597014925,30,110,0.214285714285714,50,149,0.251256281407035,60,186,0.24390243902439,72,229,0.239202657807309,87,294,0.228346456692913,93,376,0.198294243070362,111,449,0.198214285714286,122,504,0.194888178913738
"7735","79790568","79790568-2012-11-21",90,60,2012-11-21,"HA1",2012,"M","Adult",1,0,2,5,0.285714285714286,7,17,0.291666666666667,12,29,0.292682926829268,19,45,0.296875,27,78,0.257142857142857,29,80,0.26605504587156,32,93,0.256,39,125,0.23780487804878,47,138,0.254054054054054,49,146,0.251282051282051,66,222,0.229166666666667,79,264,0.230320699708455,87,322,0.212713936430318,103,374,0.215932914046122,115,474,0.195246179966044,124,547,0.184798807749627,124,568,0.179190751445087
"7753","79792086","79792086-2012-12-18",100,20,2012-12-18,"HA1",2012,"F","Adult",0,0,1,11,0.0833333333333333,6,37,0.13953488372093,7,48,0.127272727272727,10,68,0.128205128205128,12,79,0.131868131868132,13,89,0.127450980392157,14,94,0.12962962962963,15,101,0.129310344827586,18,109,0.141732283464567,20,120,0.142857142857143,32,165,0.16243654822335,50,213,0.190114068441065,61,264,0.187692307692308,77,337,0.185990338164251,94,438,0.176691729323308,110,526,0.172955974842767,119,611,0.163013698630137
"7771","79792581","79792581-2012-10-11",90,70,2012-10-11,"HA1",2012,"F","Adult",0,0,4,3,0.571428571428571,8,18,0.307692307692308,11,32,0.255813953488372,14,38,0.269230769230769,22,49,0.309859154929577,26,58,0.30952380952381,29,64,0.311827956989247,34,82,0.293103448275862,38,90,0.296875,38,95,0.285714285714286,49,129,0.275280898876405,63,162,0.28,73,202,0.265454545454545,82,250,0.246987951807229,94,300,0.238578680203046,100,358,0.218340611353712,102,378,0.2125
"7882","79795857","79795857-2012-09-13",30,100,2012-09-13,"HA1",2012,"M","Adult",0,1,1,4,0.2,2,13,0.133333333333333,3,13,0.1875,3,19,0.136363636363636,4,26,0.133333333333333,6,33,0.153846153846154,10,42,0.192307692307692,13,49,0.209677419354839,17,56,0.232876712328767,18,60,0.230769230769231,22,90,0.196428571428571,28,115,0.195804195804196,37,139,0.210227272727273,46,164,0.219047619047619,49,190,0.205020920502092,51,222,0.186813186813187,55,247,0.182119205298013
"7893","79796354","79796354-2012-08-28",10,0,2012-08-28,"HA1",2012,"M","Adult",0,0,1,2,0.333333333333333,1,15,0.0625,1,20,0.0476190476190476,1,24,0.04,1,33,0.0294117647058824,1,34,0.0285714285714286,2,38,0.05,2,40,0.0476190476190476,2,44,0.0434782608695652,2,46,0.0416666666666667,3,55,0.0517241379310345,6,73,0.0759493670886076,8,87,0.0842105263157895,11,105,0.0948275862068965,15,115,0.115384615384615,17,136,0.111111111111111,20,148,0.119047619047619
"7894","79796354","79796354-2012-09-11",80,20,2012-09-11,"HA1",2012,"M","Adult",1,1,0,1,0,1,5,0.166666666666667,2,9,0.181818181818182,5,17,0.227272727272727,6,33,0.153846153846154,6,35,0.146341463414634,8,36,0.181818181818182,8,40,0.166666666666667,10,44,0.185185185185185,10,48,0.172413793103448,14,65,0.177215189873418,18,88,0.169811320754717,25,110,0.185185185185185,32,153,0.172972972972973,42,189,0.181818181818182,45,205,0.18,47,209,0.18359375
"7895","79796354","79796354-2012-09-25",10,20,2012-09-25,"HA1",2012,"M","Adult",1,0,0,3,0,1,23,0.0416666666666667,2,35,0.0540540540540541,4,46,0.08,7,62,0.101449275362319,7,70,0.0909090909090909,7,76,0.0843373493975904,7,84,0.0769230769230769,7,92,0.0707070707070707,8,97,0.0761904761904762,17,121,0.123188405797101,21,137,0.132911392405063,23,156,0.128491620111732,33,177,0.157142857142857,40,217,0.155642023346304,54,247,0.179401993355482,58,259,0.182965299684543
"7921","79797266","79797266-2012-09-11",20,30,2012-09-11,"HA1",2012,"F","NotAdult",0,0,0,0,NA,2,10,0.166666666666667,3,19,0.136363636363636,4,28,0.125,5,53,0.0862068965517241,6,60,0.0909090909090909,6,67,0.0821917808219178,9,82,0.0989010989010989,10,92,0.0980392156862745,10,97,0.0934579439252336,15,112,0.118110236220472,18,129,0.122448979591837,26,150,0.147727272727273,32,180,0.150943396226415,41,201,0.169421487603306,47,211,0.182170542635659,47,211,0.182170542635659
"7926","79797359","79797359-2012-09-11",20,50,2012-09-11,"HA1",2012,"F","Adult",0,0,0,2,0,1,13,0.0714285714285714,3,21,0.125,4,28,0.125,8,45,0.150943396226415,8,50,0.137931034482759,9,55,0.140625,11,67,0.141025641025641,11,77,0.125,13,80,0.139784946236559,20,115,0.148148148148148,26,149,0.148571428571429,32,163,0.164102564102564,38,190,0.166666666666667,47,211,0.182170542635659,47,211,0.182170542635659,47,211,0.182170542635659
"7941","79797793","79797793-2012-09-28",0,10,2012-09-28,"HA1",2012,"F","Adult",0,0,0,4,0,1,24,0.04,2,32,0.0588235294117647,3,39,0.0714285714285714,4,51,0.0727272727272727,4,53,0.0701754385964912,5,58,0.0793650793650794,6,73,0.0759493670886076,9,77,0.104651162790698,9,79,0.102272727272727,9,105,0.0789473684210526,16,129,0.110344827586207,23,154,0.129943502824859,30,174,0.147058823529412,42,208,0.168,53,251,0.174342105263158,67,287,0.189265536723164
"7943","79797793","79797793-2012-11-20",0,10,2012-11-20,"HA1",2012,"F","Adult",0,0,0,9,0,1,40,0.024390243902439,3,56,0.0508474576271186,4,72,0.0526315789473684,6,91,0.0618556701030928,7,94,0.0693069306930693,9,104,0.079646017699115,10,123,0.075187969924812,14,127,0.099290780141844,15,130,0.103448275862069,16,173,0.0846560846560847,25,216,0.103734439834025,35,259,0.119047619047619,48,297,0.139130434782609,70,361,0.162412993039443,91,431,0.174329501915709,111,491,0.184385382059801
"7955","79797834","79797834-2012-08-28",60,80,2012-08-28,"HA1",2012,"F","NotAdult",0,1,0,0,NA,0,3,0,2,5,0.285714285714286,4,11,0.266666666666667,6,23,0.206896551724138,6,29,0.171428571428571,7,30,0.189189189189189,9,36,0.2,12,43,0.218181818181818,14,46,0.233333333333333,17,70,0.195402298850575,24,91,0.208695652173913,24,109,0.180451127819549,27,131,0.170886075949367,28,157,0.151351351351351,29,167,0.147959183673469,29,167,0.147959183673469
"7960","79797884","79797884-2012-10-24",30,80,2012-10-24,"HA1",2012,"M","Adult",0,0,0,0,NA,1,7,0.125,4,13,0.235294117647059,11,35,0.239130434782609,20,73,0.21505376344086,23,88,0.207207207207207,25,100,0.2,33,122,0.212903225806452,43,142,0.232432432432432,44,149,0.227979274611399,63,197,0.242307692307692,71,246,0.22397476340694,88,307,0.222784810126582,97,369,0.208154506437768,101,418,0.194605009633911,107,437,0.196691176470588,108,439,0.197440585009141
"7962","79797893","79797893-2012-08-30",0,30,2012-08-30,"HA1",2012,"M","Adult",0,0,0,2,0,1,12,0.0769230769230769,1,16,0.0588235294117647,1,21,0.0454545454545455,2,34,0.0555555555555556,3,39,0.0714285714285714,3,47,0.06,5,54,0.0847457627118644,6,66,0.0833333333333333,6,68,0.0810810810810811,9,87,0.09375,13,99,0.116071428571429,16,110,0.126984126984127,19,130,0.12751677852349,21,148,0.124260355029586,32,168,0.16,35,184,0.159817351598174
