"","ID","ID.CapDate","lat","long","Capture.date","Grid","year","Sex","Age","Tryps","HpolINF","NoInf_0","NoUninf_0","Prev_0","NoInf_10","NoUninf_10","Prev_10","NoInf_14.1","NoUninf_14.1","Prev_14.1","NoInf_20","NoUninf_20","Prev_20","NoInf_22.4","NoUninf_22.4","Prev_22.4","NoInf_28.3","NoUninf_28.3","Prev_28.3","NoInf_30","NoUninf_30","Prev_30","NoInf_31.6","NoUninf_31.6","Prev_31.6","NoInf_36.1","NoUninf_36.1","Prev_36.1","NoInf_40","NoUninf_40","Prev_40","NoInf_50","NoUninf_50","Prev_50","NoInf_60","NoUninf_60","Prev_60","NoInf_70","NoUninf_70","Prev_70","NoInf_80","NoUninf_80","Prev_80","NoInf_90","NoUninf_90","Prev_90","NoInf_100","NoUninf_100","Prev_100","NoInf_110","NoUninf_110","Prev_110"
"4380","49811771","49811771-2012-06-06",10,10,2012-06-06,"HA1",2012,"F","Adult",0,"1",0,0,NA,0,0,NA,0,0,NA,0,0,NA,0,0,NA,0,0,NA,0,0,NA,0,0,NA,0,0,NA,0,0,NA,0,0,NA,0,0,NA,0,0,NA,0,0,NA,0,0,NA,0,0,NA,0,0,NA
"4381","49811771","49811771-2012-06-19",10,20,2012-06-19,"HA1",2012,"F","Adult",0,"1",0,0,NA,2,1,0.666666666666667,2,1,0.666666666666667,2,2,0.5,3,3,0.5,3,4,0.428571428571429,3,5,0.375,3,5,0.375,4,6,0.4,5,6,0.454545454545455,6,7,0.461538461538462,9,7,0.5625,11,8,0.578947368421053,12,8,0.6,14,9,0.608695652173913,17,13,0.566666666666667,18,13,0.580645161290323
"4382","49811771","49811771-2012-07-03",20,20,2012-07-03,"HA1",2012,"F","Adult",0,"0",0,0,NA,2,0,1,3,2,0.6,6,4,0.6,7,8,0.466666666666667,8,12,0.4,8,12,0.4,9,13,0.409090909090909,9,14,0.391304347826087,10,16,0.384615384615385,13,16,0.448275862068966,16,19,0.457142857142857,19,20,0.487179487179487,22,21,0.511627906976744,27,28,0.490909090909091,30,31,0.491803278688525,30,32,0.483870967741935
"4383","49811771","49811771-2012-07-17",40,20,2012-07-17,"HA1",2012,"F","Adult",0,"0",1,1,0.5,1,1,0.5,1,1,0.5,1,4,0.2,2,9,0.181818181818182,3,10,0.230769230769231,4,12,0.25,6,17,0.260869565217391,7,19,0.269230769230769,8,20,0.285714285714286,14,37,0.274509803921569,20,40,0.333333333333333,24,46,0.342857142857143,27,50,0.350649350649351,34,54,0.386363636363636,34,56,0.377777777777778,34,56,0.377777777777778
"4384","49811771","49811771-2012-08-14",30,50,2012-08-14,"HA1",2012,"F","Adult",0,"1",1,1,0.5,1,6,0.142857142857143,3,11,0.214285714285714,5,12,0.294117647058824,9,15,0.375,10,20,0.333333333333333,12,21,0.363636363636364,14,31,0.311111111111111,18,36,0.333333333333333,19,39,0.327586206896552,27,63,0.3,36,80,0.310344827586207,38,90,0.296875,44,103,0.299319727891156,45,106,0.298013245033113,45,106,0.298013245033113,45,106,0.298013245033113
"4385","49811771","49811771-2012-07-31",10,30,2012-07-31,"HA1",2012,"F","Adult",0,"0",0,1,0,3,3,0.5,5,10,0.333333333333333,6,15,0.285714285714286,8,17,0.32,9,18,0.333333333333333,10,19,0.344827586206897,14,29,0.325581395348837,14,33,0.297872340425532,15,33,0.3125,20,37,0.350877192982456,22,43,0.338461538461538,25,49,0.337837837837838,29,53,0.353658536585366,32,65,0.329896907216495,36,71,0.336448598130841,37,73,0.336363636363636
"4386","49811771","49811771-2012-08-28",40,0,2012-08-28,"HA1",2012,"F","Adult",0,"1",0,0,NA,0,3,0,0,5,0,1,10,0.0909090909090909,2,13,0.133333333333333,2,17,0.105263157894737,3,22,0.12,5,28,0.151515151515152,6,31,0.162162162162162,7,39,0.152173913043478,13,63,0.171052631578947,18,73,0.197802197802198,27,96,0.219512195121951,34,103,0.248175182481752,37,112,0.248322147651007,44,127,0.257309941520468,52,142,0.268041237113402
"4387","49811771","49811771-2012-09-11",20,50,2012-09-11,"HA1",2012,"F","Adult",0,"0",0,2,0,5,9,0.357142857142857,8,16,0.333333333333333,11,21,0.34375,18,35,0.339622641509434,19,39,0.327586206896552,19,45,0.296875,22,56,0.282051282051282,25,63,0.284090909090909,26,67,0.279569892473118,32,103,0.237037037037037,44,131,0.251428571428571,50,145,0.256410256410256,55,173,0.241228070175439,61,197,0.236434108527132,61,197,0.236434108527132,61,197,0.236434108527132
"4398","49829569","49829569-2012-06-06",30,40,2012-06-06,"HA1",2012,"F","Adult",0,"0",0,0,NA,0,0,NA,0,0,NA,0,0,NA,0,0,NA,0,0,NA,0,0,NA,0,0,NA,0,0,NA,0,0,NA,0,0,NA,0,0,NA,0,0,NA,0,0,NA,0,0,NA,0,0,NA,0,0,NA
"4400","49847790","49847790-2012-06-06",10,90,2012-06-06,"HA1",2012,"F","Adult",0,"1",0,0,NA,0,0,NA,0,0,NA,0,0,NA,0,0,NA,0,0,NA,0,0,NA,0,0,NA,0,0,NA,0,0,NA,0,0,NA,0,0,NA,0,0,NA,0,0,NA,0,0,NA,0,0,NA,0,0,NA
"4401","49847790","49847790-2012-06-20",10,100,2012-06-20,"HA1",2012,"F","Adult",0,"1",0,0,NA,2,0,1,2,0,1,4,0,1,4,0,1,4,0,1,4,0,1,4,0,1,5,0,1,6,0,1,8,2,0.8,12,4,0.75,13,10,0.565217391304348,16,12,0.571428571428571,19,15,0.558823529411765,22,18,0.55,22,21,0.511627906976744
"4402","49847790","49847790-2012-07-03",20,70,2012-07-03,"HA1",2012,"F","Adult",0,"1",0,0,NA,4,1,0.8,6,1,0.857142857142857,6,1,0.857142857142857,10,2,0.833333333333333,10,3,0.769230769230769,11,4,0.733333333333333,16,5,0.761904761904762,16,7,0.695652173913043,16,7,0.695652173913043,16,10,0.615384615384615,21,13,0.617647058823529,24,22,0.521739130434783,26,26,0.5,28,32,0.466666666666667,30,32,0.483870967741935,30,32,0.483870967741935
"4432","52826884","52826884-2012-12-18",10,100,2012-12-18,"HA1",2012,"M","Adult",0,"1",1,7,0.125,10,29,0.256410256410256,14,38,0.269230769230769,18,60,0.230769230769231,20,73,0.21505376344086,20,75,0.210526315789474,26,94,0.216666666666667,31,111,0.21830985915493,33,116,0.221476510067114,39,125,0.23780487804878,47,172,0.214611872146119,67,213,0.239285714285714,76,280,0.213483146067416,97,345,0.219457013574661,120,426,0.21978021978022,142,517,0.215477996965099,157,571,0.215659340659341
"4451","52842550","52842550-2012-06-06",30,100,2012-06-06,"HA1",2012,"F","Adult",0,"1",0,0,NA,0,0,NA,0,0,NA,0,0,NA,0,0,NA,0,0,NA,0,0,NA,0,0,NA,0,0,NA,0,0,NA,0,0,NA,0,0,NA,0,0,NA,0,0,NA,0,0,NA,0,0,NA,0,0,NA
"4452","52842550","52842550-2012-06-19",50,80,2012-06-19,"HA1",2012,"F","Adult",0,"1",0,0,NA,0,0,NA,0,0,NA,1,0,1,2,1,0.666666666666667,4,2,0.666666666666667,4,3,0.571428571428571,5,3,0.625,6,4,0.6,7,4,0.636363636363636,12,7,0.631578947368421,14,7,0.666666666666667,14,8,0.636363636363636,15,10,0.6,18,12,0.6,18,13,0.580645161290323,18,13,0.580645161290323
"4453","52842550","52842550-2012-07-03",60,60,2012-07-03,"HA1",2012,"F","Adult",0,"0",0,2,0,1,2,0.333333333333333,1,3,0.25,1,3,0.25,2,4,0.333333333333333,3,6,0.333333333333333,3,6,0.333333333333333,6,8,0.428571428571429,8,10,0.444444444444444,9,12,0.428571428571429,16,22,0.421052631578947,23,23,0.5,27,25,0.519230769230769,29,30,0.491525423728814,30,32,0.483870967741935,30,32,0.483870967741935,30,32,0.483870967741935
"4454","52842550","52842550-2012-07-18",60,90,2012-07-18,"HA1",2012,"F","Adult",0,"1",0,0,NA,0,1,0,2,2,0.5,3,2,0.6,5,6,0.454545454545455,5,8,0.384615384615385,5,11,0.3125,7,14,0.333333333333333,9,16,0.36,9,17,0.346153846153846,16,27,0.372093023255814,20,31,0.392156862745098,24,37,0.39344262295082,28,46,0.378378378378378,33,49,0.402439024390244,35,61,0.364583333333333,36,65,0.356435643564356
"4455","52842550","52842550-2012-08-14",50,100,2012-08-14,"HA1",2012,"F","Adult",0,"1",0,0,NA,0,3,0,2,3,0.4,5,6,0.454545454545455,6,7,0.461538461538462,6,7,0.461538461538462,9,9,0.5,10,11,0.476190476190476,13,13,0.5,15,15,0.5,22,33,0.4,26,47,0.356164383561644,28,52,0.35,32,58,0.355555555555556,36,76,0.321428571428571,42,89,0.320610687022901,44,102,0.301369863013699
"4456","52842550","52842550-2012-07-31",60,90,2012-07-31,"HA1",2012,"F","Adult",0,"1",1,0,1,1,2,0.333333333333333,3,3,0.5,4,4,0.5,6,8,0.428571428571429,6,10,0.375,6,13,0.315789473684211,8,16,0.333333333333333,10,19,0.344827586206897,10,20,0.333333333333333,17,31,0.354166666666667,21,36,0.368421052631579,25,42,0.373134328358209,29,51,0.3625,34,56,0.377777777777778,36,68,0.346153846153846,37,73,0.336363636363636
"4501","66808052","66808052-2012-08-30",60,20,2012-08-30,"HA1",2012,"M","Adult",0,"0",0,1,0,0,4,0,1,5,0.166666666666667,2,9,0.181818181818182,4,21,0.16,5,25,0.166666666666667,5,27,0.15625,7,35,0.166666666666667,7,43,0.14,8,54,0.129032258064516,17,79,0.177083333333333,25,109,0.186567164179104,36,127,0.220858895705521,44,151,0.225641025641026,53,171,0.236607142857143,55,174,0.240174672489083,55,174,0.240174672489083
"4502","66808052","66808052-2012-09-11",100,10,2012-09-11,"HA1",2012,"M","Adult",0,"0",1,3,0.25,3,7,0.3,4,7,0.363636363636364,5,14,0.263157894736842,5,20,0.2,7,21,0.25,8,22,0.266666666666667,8,26,0.235294117647059,9,27,0.25,9,27,0.25,10,36,0.217391304347826,12,48,0.2,16,72,0.181818181818182,20,93,0.176991150442478,30,118,0.202702702702703,40,154,0.206185567010309,53,176,0.231441048034935
"4503","66808052","66808052-2012-10-09",0,0,2012-10-09,"HA1",2012,"M","Adult",1,"0",1,6,0.142857142857143,2,15,0.117647058823529,3,21,0.125,4,30,0.117647058823529,7,36,0.162790697674419,7,41,0.145833333333333,8,51,0.135593220338983,8,60,0.117647058823529,8,66,0.108108108108108,9,69,0.115384615384615,16,91,0.149532710280374,24,107,0.183206106870229,28,139,0.167664670658683,40,165,0.195121951219512,48,191,0.200836820083682,59,227,0.206293706293706,71,278,0.203438395415473
"4505","66808052","66808052-2012-11-07",20,20,2012-11-07,"HA1",2012,"M","Adult",0,"0",0,7,0,6,26,0.1875,7,49,0.125,11,70,0.135802469135802,17,113,0.130769230769231,20,132,0.131578947368421,22,138,0.1375,28,144,0.162790697674419,31,159,0.163157894736842,33,172,0.160975609756098,44,208,0.174603174603175,57,249,0.186274509803922,66,296,0.18232044198895,80,357,0.183066361556064,98,459,0.175942549371634,104,499,0.172470978441128,106,512,0.171521035598705
"4506","66808052","66808052-2012-11-20",40,20,2012-11-20,"HA1",2012,"M","Adult",0,"0",1,5,0.166666666666667,5,13,0.277777777777778,7,23,0.233333333333333,9,41,0.18,14,82,0.145833333333333,17,92,0.155963302752294,19,109,0.1484375,28,134,0.172839506172839,31,161,0.161458333333333,34,179,0.15962441314554,53,269,0.164596273291925,73,323,0.184343434343434,81,399,0.16875,96,465,0.171122994652406,109,546,0.166412213740458,111,560,0.165424739195231,111,560,0.165424739195231
"4527","66809820","66809820-2012-07-17",30,50,2012-07-17,"HA1",2012,"F","NotAdult",0,"0",1,0,1,1,3,0.25,3,7,0.3,5,8,0.384615384615385,9,9,0.5,10,10,0.5,10,10,0.5,12,17,0.413793103448276,16,20,0.444444444444444,16,21,0.432432432432432,22,34,0.392857142857143,28,43,0.394366197183099,30,48,0.384615384615385,33,55,0.375,34,56,0.377777777777778,34,56,0.377777777777778,34,56,0.377777777777778
"4532","66810112","66810112-2012-09-11",50,80,2012-09-11,"HA1",2012,"M","Adult",0,"1",1,1,0.5,1,4,0.2,3,5,0.375,6,6,0.5,11,19,0.366666666666667,14,28,0.333333333333333,15,31,0.326086956521739,17,42,0.288135593220339,25,53,0.320512820512821,26,63,0.292134831460674,39,99,0.282608695652174,46,119,0.278787878787879,47,141,0.25,54,165,0.246575342465753,60,192,0.238095238095238,61,197,0.236434108527132,61,197,0.236434108527132
"4536","66810301","66810301-2012-08-30",10,100,2012-08-30,"HA1",2012,"M","Adult",0,"0",1,1,0.5,5,5,0.5,5,7,0.416666666666667,7,12,0.368421052631579,7,15,0.318181818181818,7,15,0.318181818181818,10,18,0.357142857142857,11,21,0.34375,13,21,0.382352941176471,17,23,0.425,20,35,0.363636363636364,30,46,0.394736842105263,34,67,0.336633663366337,39,87,0.30952380952381,43,116,0.270440251572327,48,140,0.25531914893617,51,153,0.25
"4543","66810776","66810776-2012-07-04",70,30,2012-07-04,"HA1",2012,"M","Adult",0,"0",0,0,NA,1,2,0.333333333333333,1,3,0.25,1,5,0.166666666666667,1,5,0.166666666666667,2,5,0.285714285714286,3,10,0.230769230769231,4,15,0.210526315789474,6,16,0.272727272727273,6,16,0.272727272727273,7,19,0.269230769230769,15,24,0.384615384615385,22,34,0.392857142857143,27,42,0.391304347826087,30,42,0.416666666666667,31,42,0.424657534246575,31,42,0.424657534246575
"4544","66810776","66810776-2012-07-17",70,0,2012-07-17,"HA1",2012,"M","Adult",0,"0",0,1,0,0,1,0,0,1,0,0,2,0,1,3,0.25,1,3,0.25,1,4,0.2,3,6,0.333333333333333,4,8,0.333333333333333,4,10,0.285714285714286,5,16,0.238095238095238,6,21,0.222222222222222,12,34,0.260869565217391,16,45,0.262295081967213,23,49,0.319444444444444,28,51,0.354430379746835,31,56,0.35632183908046
"4545","66810776","66810776-2012-07-31",60,30,2012-07-31,"HA1",2012,"M","Adult",0,"0",0,1,0,0,3,0,0,3,0,1,4,0.2,2,8,0.2,2,9,0.181818181818182,2,13,0.133333333333333,3,18,0.142857142857143,5,20,0.2,6,24,0.2,12,41,0.226415094339623,21,52,0.287671232876712,28,64,0.304347826086957,34,72,0.320754716981132,36,73,0.330275229357798,37,73,0.336363636363636,37,73,0.336363636363636
"4554","66811012","66811012-2012-06-21",90,70,2012-06-21,"HA1",2012,"F","Adult",0,"0",0,1,0,0,1,0,2,2,0.5,2,2,0.5,3,3,0.5,3,4,0.428571428571429,3,4,0.428571428571429,3,7,0.3,4,8,0.333333333333333,4,9,0.307692307692308,7,14,0.333333333333333,9,16,0.36,12,17,0.413793103448276,15,19,0.441176470588235,21,20,0.51219512195122,25,24,0.510204081632653,26,26,0.5
"4591","66815612","66815612-2012-07-18",80,90,2012-07-18,"HA1",2012,"F","Adult",0,"0",1,0,1,3,3,0.5,4,5,0.444444444444444,4,8,0.333333333333333,5,11,0.3125,5,12,0.294117647058824,5,13,0.277777777777778,6,14,0.3,6,17,0.260869565217391,6,17,0.260869565217391,7,18,0.28,11,22,0.333333333333333,18,36,0.333333333333333,23,40,0.365079365079365,30,43,0.410958904109589,33,52,0.388235294117647,35,60,0.368421052631579
"4592","66815612","66815612-2012-07-17",100,70,2012-07-17,"HA1",2012,"F","Adult",0,"0",0,0,NA,1,2,0.333333333333333,1,2,0.333333333333333,1,5,0.166666666666667,2,6,0.25,3,6,0.333333333333333,3,7,0.3,3,9,0.25,3,12,0.2,4,16,0.2,6,23,0.206896551724138,9,24,0.272727272727273,12,27,0.307692307692308,16,33,0.326530612244898,20,37,0.350877192982456,27,43,0.385714285714286,32,50,0.390243902439024
"4593","66815612","66815612-2012-07-31",100,80,2012-07-31,"HA1",2012,"F","Adult",0,"0",1,0,1,1,2,0.333333333333333,1,5,0.166666666666667,2,6,0.25,3,10,0.230769230769231,4,12,0.25,4,12,0.25,4,14,0.222222222222222,5,16,0.238095238095238,5,16,0.238095238095238,8,25,0.242424242424242,10,30,0.25,11,32,0.255813953488372,16,37,0.30188679245283,22,48,0.314285714285714,28,54,0.341463414634146,33,60,0.354838709677419
"4611","66818332","66818332-2012-09-11",10,80,2012-09-11,"HA1",2012,"F","Adult",0,"0",1,3,0.25,6,12,0.333333333333333,7,18,0.28,10,22,0.3125,16,30,0.347826086956522,17,34,0.333333333333333,17,36,0.320754716981132,19,39,0.327586206896552,24,42,0.363636363636364,26,46,0.361111111111111,30,65,0.315789473684211,34,81,0.295652173913043,43,109,0.282894736842105,48,141,0.253968253968254,55,169,0.245535714285714,56,182,0.235294117647059,59,194,0.233201581027668
"4627","66821017","66821017-2012-10-09",0,30,2012-10-09,"HA1",2012,"F","NotAdult",0,"0",1,3,0.25,2,19,0.0952380952380952,5,25,0.166666666666667,8,32,0.2,10,48,0.172413793103448,11,57,0.161764705882353,13,68,0.160493827160494,16,84,0.16,20,95,0.173913043478261,21,100,0.173553719008264,33,135,0.196428571428571,38,159,0.192893401015228,44,185,0.192139737991266,55,222,0.1985559566787,65,251,0.205696202531646,75,294,0.203252032520325,82,324,0.201970443349754
"4684","66828572","66828572-2012-10-23",50,0,2012-10-23,"HA1",2012,"M","Adult",0,"0",0,3,0,1,4,0.2,3,5,0.375,5,19,0.208333333333333,9,32,0.219512195121951,9,39,0.1875,11,45,0.196428571428571,13,56,0.188405797101449,14,70,0.166666666666667,16,79,0.168421052631579,29,136,0.175757575757576,44,198,0.181818181818182,49,237,0.171328671328671,62,269,0.187311178247734,69,315,0.1796875,81,360,0.183673469387755,88,419,0.173570019723866
"4688","66828572","66828572-2012-12-18",40,20,2012-12-18,"HA1",2012,"M","Adult",0,"0",1,6,0.142857142857143,6,15,0.285714285714286,8,28,0.222222222222222,10,48,0.172413793103448,19,91,0.172727272727273,24,102,0.19047619047619,29,119,0.195945945945946,40,147,0.213903743315508,46,176,0.207207207207207,51,195,0.207317073170732,78,292,0.210810810810811,102,354,0.223684210526316,119,434,0.215189873417722,138,517,0.210687022900763,164,608,0.212435233160622,173,623,0.217336683417085,173,623,0.217336683417085
"4752","66843623","66843623-2012-08-15",100,80,2012-08-15,"HA1",2012,"M","NotAdult",0,"0",1,3,0.25,1,5,0.166666666666667,1,8,0.111111111111111,2,9,0.181818181818182,3,14,0.176470588235294,5,17,0.227272727272727,5,17,0.227272727272727,6,20,0.230769230769231,7,25,0.21875,7,25,0.21875,12,37,0.244897959183673,17,43,0.283333333333333,18,52,0.257142857142857,25,58,0.301204819277108,31,73,0.298076923076923,38,86,0.306451612903226,44,97,0.312056737588652
"4753","66843623","66843623-2012-09-28",100,90,2012-09-28,"HA1",2012,"M","Adult",0,"0",0,3,0,1,10,0.0909090909090909,1,15,0.0625,2,22,0.0833333333333333,7,34,0.170731707317073,7,36,0.162790697674419,8,41,0.163265306122449,9,48,0.157894736842105,10,51,0.163934426229508,12,53,0.184615384615385,14,81,0.147368421052632,23,97,0.191666666666667,31,118,0.208053691275168,39,151,0.205263157894737,53,186,0.221757322175732,63,233,0.212837837837838,69,266,0.205970149253731
"4754","66843623","66843623-2012-10-24",100,70,2012-10-24,"HA1",2012,"M","Adult",0,"0",0,5,0,3,23,0.115384615384615,3,35,0.0789473684210526,3,46,0.0612244897959184,7,53,0.116666666666667,8,61,0.115942028985507,8,73,0.0987654320987654,9,85,0.0957446808510638,14,105,0.117647058823529,17,114,0.129770992366412,28,157,0.151351351351351,38,187,0.168888888888889,48,223,0.177121771217712,59,271,0.178787878787879,67,315,0.175392670157068,80,379,0.174291938997821,92,423,0.178640776699029
"4755","66843623","66843623-2012-12-04",100,100,2012-12-04,"HA1",2012,"M","Adult",0,"1",1,1,0.5,4,15,0.210526315789474,6,17,0.260869565217391,10,36,0.217391304347826,12,51,0.19047619047619,14,54,0.205882352941176,15,68,0.180722891566265,19,86,0.180952380952381,20,94,0.175438596491228,20,109,0.155038759689922,28,147,0.16,33,188,0.149321266968326,43,233,0.155797101449275,56,283,0.165191740412979,74,353,0.173302107728337,98,433,0.184557438794727,110,484,0.185185185185185
"4910","66855330","66855330-2012-06-08",10,0,2012-06-08,"HA1",2012,"M","Adult",0,"0",0,0,NA,1,2,0.333333333333333,1,2,0.333333333333333,1,2,0.333333333333333,2,2,0.5,2,2,0.5,2,2,0.5,2,2,0.5,2,2,0.5,2,2,0.5,2,5,0.285714285714286,4,5,0.444444444444444,4,6,0.4,7,7,0.5,9,8,0.529411764705882,9,9,0.5,10,9,0.526315789473684
"5006","66859820","66859820-2012-07-04",0,100,2012-07-04,"HA1",2012,"M","Adult",0,"1",0,0,NA,1,0,1,3,0,1,3,0,1,4,0,1,4,0,1,5,0,1,6,0,1,7,1,0.875,8,1,0.888888888888889,12,3,0.8,14,5,0.736842105263158,18,10,0.642857142857143,19,17,0.527777777777778,23,23,0.5,26,33,0.440677966101695,28,36,0.4375
"5007","66859820","66859820-2012-07-31",0,90,2012-07-31,"HA1",2012,"M","Adult",0,"0",0,0,NA,3,1,0.75,5,3,0.625,5,3,0.625,7,3,0.7,8,4,0.666666666666667,9,4,0.692307692307692,11,5,0.6875,14,8,0.636363636363636,15,8,0.652173913043478,16,14,0.533333333333333,22,18,0.55,23,26,0.469387755102041,26,34,0.433333333333333,32,51,0.385542168674699,33,63,0.34375,34,66,0.34
"5008","66859820","66859820-2012-09-11",60,50,2012-09-11,"HA1",2012,"M","Adult",0,"0",0,1,0,1,6,0.142857142857143,3,12,0.2,3,19,0.136363636363636,6,24,0.2,8,28,0.222222222222222,11,33,0.25,12,39,0.235294117647059,17,50,0.253731343283582,19,52,0.267605633802817,29,107,0.213235294117647,50,157,0.241545893719807,57,180,0.240506329113924,61,197,0.236434108527132,61,197,0.236434108527132,61,197,0.236434108527132,61,197,0.236434108527132
"5031","66861012","66861012-2012-06-07",100,80,2012-06-07,"HA1",2012,"F","Adult",0,"1",0,0,NA,0,0,NA,0,0,NA,0,0,NA,0,0,NA,0,0,NA,0,0,NA,0,0,NA,0,1,0,0,1,0,0,1,0,1,1,0.5,1,1,0.5,2,1,0.666666666666667,2,3,0.4,3,4,0.428571428571429,3,4,0.428571428571429
"5065","66863517","66863517-2012-06-07",40,40,2012-06-07,"HA1",2012,"F","NotAdult",0,"0",0,0,NA,0,1,0,0,1,0,0,1,0,0,1,0,0,2,0,0,2,0,0,3,0,0,3,0,0,3,0,3,4,0.428571428571429,4,4,0.5,5,5,0.5,5,5,0.5,5,5,0.5,5,5,0.5,5,5,0.5
"5111","66865371","66865371-2012-06-07",10,80,2012-06-07,"HA1",2012,"M","Adult",0,"1",0,0,NA,1,0,1,1,0,1,1,0,1,1,1,0.5,2,1,0.666666666666667,2,2,0.5,2,2,0.5,2,2,0.5,2,2,0.5,2,3,0.4,2,3,0.4,4,5,0.444444444444444,4,5,0.444444444444444,5,5,0.5,5,5,0.5,5,5,0.5
"5112","66865371","66865371-2012-06-19",10,10,2012-06-19,"HA1",2012,"M","Adult",0,"0",1,1,0.5,1,2,0.333333333333333,2,3,0.4,2,3,0.4,2,3,0.4,2,3,0.4,2,3,0.4,3,3,0.5,3,4,0.428571428571429,3,5,0.375,5,6,0.454545454545455,6,7,0.461538461538462,9,7,0.5625,13,8,0.619047619047619,14,9,0.608695652173913,15,12,0.555555555555556,17,13,0.566666666666667
"5120","66866543","66866543-2012-09-27",50,0,2012-09-27,"HA1",2012,"F","NotAdult",0,"0",0,2,0,1,3,0.25,1,4,0.2,3,15,0.166666666666667,6,23,0.206896551724138,6,27,0.181818181818182,8,32,0.2,9,41,0.18,10,52,0.161290322580645,12,60,0.166666666666667,22,95,0.188034188034188,34,139,0.196531791907514,38,161,0.190954773869347,48,175,0.2152466367713,54,205,0.208494208494208,63,233,0.212837837837838,70,273,0.204081632653061
"5194","66872112","66872112-2012-10-09",0,70,2012-10-09,"HA1",2012,"M","Adult",0,"0",0,4,0,5,16,0.238095238095238,8,25,0.242424242424242,12,33,0.266666666666667,16,45,0.262295081967213,16,51,0.238805970149254,19,59,0.243589743589744,21,68,0.235955056179775,26,79,0.247619047619048,27,82,0.247706422018349,31,131,0.191358024691358,40,160,0.2,49,202,0.195219123505976,58,238,0.195945945945946,69,266,0.205970149253731,74,299,0.198391420911528,78,327,0.192592592592593
"5195","66872112","66872112-2012-10-23",10,70,2012-10-23,"HA1",2012,"M","Adult",0,"1",3,6,0.333333333333333,7,26,0.212121212121212,11,39,0.22,16,47,0.253968253968254,19,64,0.228915662650602,22,68,0.244444444444444,24,76,0.24,28,99,0.220472440944882,29,122,0.19205298013245,29,129,0.183544303797468,41,169,0.195238095238095,49,224,0.179487179487179,59,272,0.178247734138973,71,323,0.180203045685279,80,363,0.18058690744921,84,410,0.17004048582996,89,421,0.174509803921569
"5197","66872112","66872112-2012-11-20",0,60,2012-11-20,"HA1",2012,"M","Adult",0,"0",3,4,0.428571428571429,9,14,0.391304347826087,14,26,0.35,16,45,0.262295081967213,19,71,0.211111111111111,20,78,0.204081632653061,23,96,0.19327731092437,34,116,0.226666666666667,35,128,0.214723926380368,38,147,0.205405405405405,48,225,0.175824175824176,60,288,0.172413793103448,72,338,0.175609756097561,80,387,0.171306209850107,92,444,0.171641791044776,99,495,0.166666666666667,108,548,0.164634146341463
"5305","66878865","66878865-2012-06-19",80,80,2012-06-19,"HA1",2012,"M","Adult",0,"1",0,1,0,1,1,0.5,1,1,0.5,2,1,0.666666666666667,3,2,0.6,3,3,0.5,3,3,0.5,3,3,0.5,4,3,0.571428571428571,4,3,0.571428571428571,5,3,0.625,8,7,0.533333333333333,9,9,0.5,15,10,0.6,16,10,0.615384615384615,18,11,0.620689655172414,18,12,0.6
"5306","66878865","66878865-2012-07-03",70,0,2012-07-03,"HA1",2012,"M","Adult",0,"0",0,0,NA,0,0,NA,0,0,NA,0,0,NA,1,1,0.5,1,1,0.5,1,1,0.5,3,2,0.6,4,3,0.571428571428571,4,3,0.571428571428571,5,9,0.357142857142857,6,12,0.333333333333333,12,19,0.387096774193548,15,26,0.365853658536585,21,28,0.428571428571429,26,30,0.464285714285714,29,32,0.475409836065574
"5307","66878865","66878865-2012-08-14",70,0,2012-08-14,"HA1",2012,"M","Adult",0,"0",0,2,0,1,4,0.2,1,4,0.2,1,5,0.166666666666667,2,6,0.25,2,6,0.25,2,7,0.222222222222222,4,12,0.25,6,17,0.260869565217391,6,19,0.24,8,30,0.210526315789474,10,42,0.192307692307692,16,61,0.207792207792208,20,80,0.2,30,87,0.256410256410256,37,95,0.28030303030303,42,104,0.287671232876712
"5308","66878865","66878865-2012-07-31",60,100,2012-07-31,"HA1",2012,"M","Adult",0,"0",0,1,0,2,2,0.5,2,3,0.4,3,5,0.375,5,6,0.454545454545455,6,7,0.461538461538462,7,9,0.4375,7,10,0.411764705882353,7,12,0.368421052631579,8,15,0.347826086956522,14,24,0.368421052631579,21,33,0.388888888888889,22,36,0.379310344827586,27,42,0.391304347826087,29,54,0.349397590361446,35,58,0.376344086021505,36,68,0.346153846153846
"5309","66878865","66878865-2012-08-29",100,80,2012-08-29,"HA1",2012,"M","Adult",0,"0",1,4,0.2,1,9,0.1,1,14,0.0666666666666667,2,15,0.117647058823529,3,22,0.12,5,26,0.161290322580645,5,26,0.161290322580645,6,29,0.171428571428571,7,36,0.162790697674419,7,37,0.159090909090909,12,51,0.19047619047619,17,60,0.220779220779221,18,72,0.2,26,82,0.240740740740741,32,103,0.237037037037037,42,123,0.254545454545455,48,138,0.258064516129032
"5446","66883112","66883112-2012-06-06",70,100,2012-06-06,"HA1",2012,"F","Adult",0,"0",0,0,NA,0,0,NA,0,0,NA,0,0,NA,0,0,NA,0,0,NA,0,0,NA,0,0,NA,0,0,NA,0,0,NA,0,0,NA,0,0,NA,0,0,NA,0,0,NA,0,0,NA,0,0,NA,0,0,NA
"5447","66883112","66883112-2012-06-19",80,100,2012-06-19,"HA1",2012,"F","Adult",0,"0",0,0,NA,2,1,0.666666666666667,2,1,0.666666666666667,2,2,0.5,2,2,0.5,3,2,0.6,3,2,0.6,3,2,0.6,3,2,0.6,3,2,0.6,5,3,0.625,6,3,0.666666666666667,7,3,0.7,11,9,0.55,14,10,0.583333333333333,16,10,0.615384615384615,16,10,0.615384615384615
"5503","66885846","66885846-2012-10-11",60,20,2012-10-11,"HA1",2012,"M","Adult",0,"0",1,3,0.25,4,9,0.307692307692308,7,11,0.388888888888889,10,21,0.32258064516129,15,39,0.277777777777778,17,48,0.261538461538462,17,56,0.232876712328767,21,72,0.225806451612903,22,93,0.191304347826087,23,107,0.176923076923077,41,172,0.192488262910798,50,227,0.180505415162455,63,275,0.186390532544379,73,335,0.178921568627451,85,385,0.180851063829787,87,401,0.17827868852459,87,401,0.17827868852459
"5530","66887847","66887847-2012-10-10",100,40,2012-10-10,"HA1",2012,"M","Adult",0,"0",0,5,0,2,14,0.125,4,19,0.173913043478261,6,27,0.181818181818182,8,36,0.181818181818182,10,41,0.196078431372549,14,50,0.21875,18,59,0.233766233766234,19,69,0.215909090909091,21,80,0.207920792079208,25,124,0.167785234899329,34,147,0.187845303867403,45,181,0.199115044247788,54,216,0.2,59,263,0.183229813664596,71,319,0.182051282051282,83,361,0.186936936936937
"5631","66893321","66893321-2012-12-18",100,0,2012-12-18,"HA1",2012,"M","Adult",0,"1",1,5,0.166666666666667,7,14,0.333333333333333,9,16,0.36,11,31,0.261904761904762,13,36,0.26530612244898,15,42,0.263157894736842,18,57,0.24,22,63,0.258823529411765,24,71,0.252631578947368,24,81,0.228571428571429,30,112,0.211267605633803,39,137,0.221590909090909,51,191,0.210743801652893,63,251,0.200636942675159,83,329,0.201456310679612,114,425,0.211502782931354,135,515,0.207692307692308
"5793","67006795","67006795-2012-09-25",20,40,2012-09-25,"HA1",2012,"M","Adult",0,"0",1,2,0.333333333333333,2,16,0.111111111111111,5,27,0.15625,6,41,0.127659574468085,12,55,0.17910447761194,16,65,0.197530864197531,18,76,0.191489361702128,26,90,0.224137931034483,28,97,0.224,28,100,0.21875,34,132,0.204819277108434,41,155,0.209183673469388,53,187,0.220833333333333,60,220,0.214285714285714,68,249,0.214511041009464,68,253,0.21183800623053,68,253,0.21183800623053
"5794","67006795","67006795-2012-10-09",20,40,2012-10-09,"HA1",2012,"M","Adult",0,"0",1,3,0.25,2,19,0.0952380952380952,5,32,0.135135135135135,6,47,0.113207547169811,15,66,0.185185185185185,19,81,0.19,21,92,0.185840707964602,29,109,0.210144927536232,33,119,0.217105263157895,34,122,0.217948717948718,43,168,0.203791469194313,51,203,0.200787401574803,63,246,0.203883495145631,72,292,0.197802197802198,83,331,0.20048309178744,83,337,0.197619047619048,83,337,0.197619047619048
"5813","67007587","67007587-2012-08-30",10,70,2012-08-30,"HA1",2012,"M","Adult",0,"0",3,2,0.6,7,8,0.466666666666667,9,14,0.391304347826087,13,19,0.40625,15,24,0.384615384615385,18,26,0.409090909090909,20,28,0.416666666666667,23,32,0.418181818181818,24,39,0.380952380952381,24,44,0.352941176470588,30,58,0.340909090909091,35,82,0.299145299145299,40,108,0.27027027027027,47,132,0.262569832402235,50,146,0.255102040816327,53,167,0.240909090909091,55,174,0.240174672489083
"5873","67010314","67010314-2012-06-21",10,70,2012-06-21,"HA1",2012,"M","Adult",0,"1",0,0,NA,2,0,1,4,1,0.8,7,2,0.777777777777778,7,2,0.777777777777778,8,2,0.8,10,2,0.833333333333333,11,4,0.733333333333333,12,6,0.666666666666667,12,6,0.666666666666667,15,8,0.652173913043478,18,13,0.580645161290323,20,16,0.555555555555556,23,21,0.522727272727273,24,23,0.51063829787234,26,28,0.481481481481481,27,28,0.490909090909091
"5878","67010536","67010536-2012-08-15",50,20,2012-08-15,"HA1",2012,"M","Adult",0,"0",0,0,NA,1,3,0.25,1,5,0.166666666666667,1,8,0.111111111111111,2,13,0.133333333333333,2,19,0.0952380952380952,2,22,0.0833333333333333,5,27,0.15625,9,32,0.219512195121951,11,33,0.25,18,63,0.222222222222222,29,86,0.252173913043478,33,92,0.264,40,101,0.283687943262411,48,116,0.292682926829268,49,116,0.296969696969697,49,116,0.296969696969697
"5930","67069635","67069635-2012-10-23",30,0,2012-10-23,"HA1",2012,"F","Adult",0,"0",0,7,0,1,13,0.0714285714285714,3,18,0.142857142857143,4,30,0.117647058823529,6,46,0.115384615384615,10,50,0.166666666666667,11,61,0.152777777777778,13,74,0.149425287356322,17,94,0.153153153153153,17,106,0.138211382113821,26,147,0.15028901734104,34,173,0.164251207729469,49,207,0.19140625,63,254,0.198738170347003,67,298,0.183561643835616,77,359,0.176605504587156,87,409,0.175403225806452
"6249","67088367","67088367-2012-10-23",70,40,2012-10-23,"HA1",2012,"F","NotAdult",1,"0",1,0,1,4,8,0.333333333333333,6,15,0.285714285714286,7,29,0.194444444444444,15,51,0.227272727272727,19,61,0.2375,21,77,0.214285714285714,26,99,0.208,32,122,0.207792207792208,32,135,0.191616766467066,49,209,0.189922480620155,58,270,0.176829268292683,71,336,0.174447174447174,85,397,0.176348547717842,88,419,0.173570019723866,89,424,0.173489278752437,89,424,0.173489278752437
"6252","67088839","67088839-2012-10-23",20,60,2012-10-23,"HA1",2012,"M","Adult",0,"0",1,5,0.166666666666667,4,22,0.153846153846154,12,32,0.272727272727273,16,43,0.271186440677966,21,69,0.233333333333333,22,84,0.207547169811321,24,88,0.214285714285714,27,108,0.2,31,130,0.192546583850932,32,144,0.181818181818182,52,216,0.194029850746269,59,270,0.179331306990881,69,321,0.176923076923077,80,364,0.18018018018018,85,415,0.17,89,424,0.173489278752437,89,424,0.173489278752437
"6258","67089554","67089554-2012-10-09",30,60,2012-10-09,"HA1",2012,"F","Adult",0,"0",0,2,0,7,11,0.388888888888889,8,23,0.258064516129032,12,31,0.27906976744186,16,49,0.246153846153846,20,64,0.238095238095238,21,75,0.21875,25,88,0.221238938053097,32,111,0.223776223776224,34,127,0.211180124223602,54,200,0.21259842519685,62,245,0.201954397394137,74,287,0.204986149584488,78,327,0.192592592592593,83,336,0.198090692124105,83,337,0.197619047619048,83,337,0.197619047619048
"6281","67091302","67091302-2012-08-14",10,10,2012-08-14,"HA1",2012,"F","NotAdult",0,"0",1,4,0.2,4,10,0.285714285714286,6,21,0.222222222222222,6,27,0.181818181818182,7,30,0.189189189189189,7,30,0.189189189189189,8,30,0.210526315789474,10,35,0.222222222222222,10,36,0.217391304347826,10,37,0.212765957446809,14,45,0.23728813559322,18,54,0.25,23,60,0.27710843373494,28,70,0.285714285714286,31,79,0.281818181818182,40,94,0.298507462686567,42,101,0.293706293706294
"6283","67091302","67091302-2012-08-28",20,10,2012-08-28,"HA1",2012,"F","NotAdult",0,"0",1,1,0.5,2,13,0.133333333333333,4,19,0.173913043478261,4,22,0.153846153846154,7,37,0.159090909090909,8,38,0.173913043478261,9,39,0.1875,10,42,0.192307692307692,10,45,0.181818181818182,10,46,0.178571428571429,17,61,0.217948717948718,22,72,0.234042553191489,31,83,0.271929824561404,34,97,0.259541984732824,41,113,0.266233766233766,48,129,0.271186440677966,52,140,0.270833333333333
"6284","67091302","67091302-2012-09-11",20,20,2012-09-11,"HA1",2012,"F","Adult",0,"0",0,4,0,2,11,0.153846153846154,3,25,0.107142857142857,6,33,0.153846153846154,9,50,0.152542372881356,11,59,0.157142857142857,11,62,0.150684931506849,15,65,0.1875,17,73,0.188888888888889,18,78,0.1875,24,89,0.212389380530973,31,103,0.23134328358209,37,119,0.237179487179487,43,144,0.229946524064171,56,174,0.243478260869565,61,193,0.240157480314961,61,197,0.236434108527132
"6396","67123054","67123054-2012-08-02",70,90,2012-08-02,"HA1",2012,"M","Adult",0,"0",1,0,1,5,3,0.625,7,8,0.466666666666667,7,10,0.411764705882353,8,13,0.380952380952381,8,16,0.333333333333333,8,18,0.307692307692308,9,22,0.290322580645161,10,23,0.303030303030303,11,24,0.314285714285714,14,31,0.311111111111111,20,40,0.333333333333333,26,55,0.320987654320988,33,62,0.347368421052632,36,75,0.324324324324324,41,90,0.312977099236641,42,94,0.308823529411765
"6397","67123054","67123054-2012-08-16",80,90,2012-08-16,"HA1",2012,"M","Adult",0,"0",1,2,0.333333333333333,5,8,0.384615384615385,6,14,0.3,8,18,0.307692307692308,9,28,0.243243243243243,9,29,0.236842105263158,9,30,0.230769230769231,11,31,0.261904761904762,11,34,0.244444444444444,11,36,0.234042553191489,13,39,0.25,18,48,0.272727272727273,27,67,0.287234042553192,35,81,0.301724137931034,44,91,0.325925925925926,47,111,0.29746835443038,49,123,0.284883720930233
"6410","67125021","67125021-2012-07-03",60,30,2012-07-03,"HA1",2012,"M","Adult",1,"0",0,0,NA,0,1,0,0,1,0,1,2,0.333333333333333,2,4,0.333333333333333,2,5,0.285714285714286,2,8,0.2,3,9,0.25,5,9,0.357142857142857,6,13,0.315789473684211,12,17,0.413793103448276,18,23,0.439024390243902,24,28,0.461538461538462,29,32,0.475409836065574,30,32,0.483870967741935,30,32,0.483870967741935,30,32,0.483870967741935
"6412","67125021","67125021-2012-08-14",80,30,2012-08-14,"HA1",2012,"M","Adult",1,"1",1,1,0.5,1,3,0.25,1,3,0.25,2,11,0.153846153846154,6,16,0.272727272727273,7,19,0.269230769230769,7,20,0.259259259259259,7,24,0.225806451612903,7,28,0.2,7,30,0.189189189189189,10,42,0.192307692307692,14,52,0.212121212121212,24,71,0.252631578947368,32,86,0.271186440677966,40,101,0.283687943262411,44,106,0.293333333333333,45,106,0.298013245033113
"6413","67125021","67125021-2012-07-31",100,10,2012-07-31,"HA1",2012,"M","Adult",0,"0",1,0,1,2,1,0.666666666666667,2,1,0.666666666666667,3,5,0.375,3,6,0.333333333333333,4,7,0.363636363636364,4,7,0.363636363636364,4,9,0.307692307692308,4,10,0.285714285714286,4,10,0.285714285714286,4,14,0.222222222222222,4,17,0.19047619047619,6,29,0.171428571428571,9,35,0.204545454545455,15,45,0.25,23,60,0.27710843373494,29,69,0.295918367346939
"6415","67125021","67125021-2012-08-29",100,40,2012-08-29,"HA1",2012,"M","Adult",0,"0",0,0,NA,1,5,0.166666666666667,1,8,0.111111111111111,2,12,0.142857142857143,4,15,0.210526315789474,4,17,0.19047619047619,5,21,0.192307692307692,7,27,0.205882352941176,7,33,0.175,8,37,0.177777777777778,10,60,0.142857142857143,13,69,0.158536585365854,20,84,0.192307692307692,28,96,0.225806451612903,32,114,0.219178082191781,43,140,0.234972677595628,52,158,0.247619047619048
"6450","67126571","67126571-2012-06-19",60,60,2012-06-19,"HA1",2012,"F","NotAdult",0,"0",0,1,0,1,1,0.5,1,1,0.5,1,1,0.5,1,1,0.5,1,3,0.25,1,3,0.25,3,3,0.5,5,4,0.555555555555556,5,5,0.5,10,9,0.526315789473684,15,10,0.6,16,10,0.615384615384615,18,12,0.6,18,13,0.580645161290323,18,13,0.580645161290323,18,13,0.580645161290323
"6458","67259597","67259597-2012-06-19",100,30,2012-06-19,"HA1",2012,"F","Adult",0,"0",0,2,0,0,3,0,0,3,0,2,3,0.4,3,3,0.5,3,3,0.5,3,3,0.5,3,3,0.5,3,3,0.5,3,3,0.5,4,4,0.5,5,5,0.5,6,6,0.5,8,8,0.5,10,9,0.526315789473684,13,12,0.52,18,13,0.580645161290323
"6459","67259597","67259597-2012-07-18",90,50,2012-07-18,"HA1",2012,"F","Adult",0,"0",0,0,NA,0,0,NA,0,0,NA,0,4,0,2,13,0.133333333333333,2,15,0.117647058823529,2,15,0.117647058823529,4,19,0.173913043478261,4,20,0.166666666666667,5,20,0.2,9,24,0.272727272727273,13,34,0.276595744680851,15,37,0.288461538461538,19,47,0.287878787878788,30,54,0.357142857142857,34,62,0.354166666666667,36,65,0.356435643564356
"6529","67276836","67276836-2012-11-08",70,60,2012-11-08,"HA1",2012,"F","NotAdult",0,"0",1,7,0.125,3,23,0.115384615384615,4,37,0.0975609756097561,7,48,0.127272727272727,13,70,0.156626506024096,16,89,0.152380952380952,19,106,0.152,24,131,0.154838709677419,30,168,0.151515151515152,31,183,0.144859813084112,58,291,0.166189111747851,71,354,0.167058823529412,88,427,0.170873786407767,102,497,0.170283806343907,105,530,0.165354330708661,107,539,0.165634674922601,107,539,0.165634674922601
"6563","67287808","67287808-2012-08-15",90,90,2012-08-15,"HA1",2012,"F","NotAdult",0,"0",0,0,NA,1,4,0.2,5,11,0.3125,6,15,0.285714285714286,7,20,0.259259259259259,7,21,0.25,9,21,0.3,9,23,0.28125,9,24,0.272727272727273,9,26,0.257142857142857,13,33,0.282608695652174,13,34,0.276595744680851,19,50,0.27536231884058,28,62,0.311111111111111,37,75,0.330357142857143,42,91,0.315789473684211,45,98,0.314685314685315
"6650","79610382","79610382-2012-08-16",80,10,2012-08-16,"HA1",2012,"F","Adult",0,"0",0,0,NA,2,2,0.5,2,5,0.285714285714286,5,9,0.357142857142857,6,16,0.272727272727273,7,23,0.233333333333333,7,23,0.233333333333333,7,25,0.21875,7,25,0.21875,7,27,0.205882352941176,9,38,0.191489361702128,11,51,0.17741935483871,17,69,0.197674418604651,26,92,0.220338983050847,38,114,0.25,45,124,0.266272189349112,49,130,0.273743016759777
"6666","79612036","79612036-2012-09-12",30,30,2012-09-12,"HA1",2012,"M","NotAdult",0,"0",0,2,0,0,8,0,2,19,0.0952380952380952,6,28,0.176470588235294,10,49,0.169491525423729,11,57,0.161764705882353,12,66,0.153846153846154,16,79,0.168421052631579,22,91,0.194690265486726,24,92,0.206896551724138,35,118,0.228758169934641,42,140,0.230769230769231,50,164,0.233644859813084,62,205,0.232209737827715,66,221,0.229965156794425,66,225,0.22680412371134,66,225,0.22680412371134
"6699","79614576","79614576-2012-12-18",10,50,2012-12-18,"HA1",2012,"F","Adult",0,"1",0,4,0,11,20,0.354838709677419,17,44,0.278688524590164,28,66,0.297872340425532,38,99,0.277372262773723,40,105,0.275862068965517,46,126,0.267441860465116,50,160,0.238095238095238,51,170,0.230769230769231,58,193,0.231075697211155,84,276,0.233333333333333,104,370,0.219409282700422,113,415,0.214015151515152,131,477,0.215460526315789,149,544,0.215007215007215,168,617,0.214012738853503,173,623,0.217336683417085
"6718","79615341","79615341-2012-12-18",20,10,2012-12-18,"HA1",2012,"M","Adult",0,"1",3,6,0.333333333333333,8,35,0.186046511627907,15,65,0.1875,20,79,0.202020202020202,28,116,0.194444444444444,33,123,0.211538461538462,34,128,0.209876543209877,38,147,0.205405405405405,40,162,0.198019801980198,44,172,0.203703703703704,58,212,0.214814814814815,74,256,0.224242424242424,93,312,0.22962962962963,111,381,0.225609756097561,133,478,0.217675941080196,153,579,0.209016393442623,164,608,0.212435233160622
"6750","79617035","79617035-2012-10-09",100,0,2012-10-09,"HA1",2012,"F","Adult",0,"0",0,1,0,4,5,0.444444444444444,5,5,0.5,6,14,0.3,6,17,0.260869565217391,7,20,0.259259259259259,9,31,0.225,12,34,0.260869565217391,14,36,0.28,14,41,0.254545454545455,17,55,0.236111111111111,24,63,0.275862068965517,28,92,0.233333333333333,33,135,0.196428571428571,41,177,0.188073394495413,56,227,0.197879858657244,64,274,0.189349112426035
"6774","79618628","79618628-2012-09-27",100,50,2012-09-27,"HA1",2012,"M","Adult",0,"0",0,0,NA,0,3,0,0,8,0,1,17,0.0555555555555556,5,25,0.166666666666667,7,28,0.2,10,40,0.2,11,47,0.189655172413793,13,53,0.196969696969697,15,61,0.197368421052632,20,83,0.194174757281553,33,111,0.229166666666667,38,131,0.224852071005917,44,155,0.221105527638191,49,198,0.198380566801619,64,239,0.211221122112211,69,268,0.204747774480712
"6779","79618812","79618812-2012-08-14",50,40,2012-08-14,"HA1",2012,"M","Adult",0,"0",0,1,0,0,2,0,0,7,0,1,8,0.111111111111111,4,17,0.19047619047619,4,19,0.173913043478261,5,20,0.2,6,23,0.206896551724138,10,32,0.238095238095238,12,33,0.266666666666667,20,65,0.235294117647059,34,87,0.28099173553719,43,102,0.296551724137931,45,106,0.298013245033113,45,106,0.298013245033113,45,106,0.298013245033113,45,106,0.298013245033113
"6780","79618812","79618812-2012-08-28",90,70,2012-08-28,"HA1",2012,"M","Adult",0,"0",0,3,0,0,7,0,2,13,0.133333333333333,2,16,0.111111111111111,3,25,0.107142857142857,5,27,0.15625,5,29,0.147058823529412,7,35,0.166666666666667,10,39,0.204081632653061,10,41,0.196078431372549,16,57,0.219178082191781,20,65,0.235294117647059,27,78,0.257142857142857,34,96,0.261538461538462,41,116,0.261146496815287,49,132,0.270718232044199,51,140,0.267015706806283
"6781","79618812","79618812-2012-09-11",80,60,2012-09-11,"HA1",2012,"M","Adult",0,"1",0,1,0,1,8,0.111111111111111,3,15,0.166666666666667,5,19,0.208333333333333,5,25,0.166666666666667,6,32,0.157894736842105,10,36,0.217391304347826,11,44,0.2,15,58,0.205479452054795,18,62,0.225,23,90,0.20353982300885,34,107,0.24113475177305,40,126,0.240963855421687,51,162,0.23943661971831,59,186,0.240816326530612,61,197,0.236434108527132,61,197,0.236434108527132
"6796","79619290","79619290-2012-09-28",100,80,2012-09-28,"HA1",2012,"M","Adult",1,"0",1,6,0.142857142857143,1,14,0.0666666666666667,3,20,0.130434782608696,4,22,0.153846153846154,5,35,0.125,8,41,0.163265306122449,8,42,0.16,9,51,0.15,11,59,0.157142857142857,11,65,0.144736842105263,20,91,0.18018018018018,29,107,0.213235294117647,34,134,0.202380952380952,47,159,0.228155339805825,54,203,0.21011673151751,65,246,0.209003215434084,72,282,0.203389830508475
"6797","79619290","79619290-2012-10-09",100,90,2012-10-09,"HA1",2012,"M","Adult",1,"0",0,4,0,2,12,0.142857142857143,2,18,0.1,3,27,0.1,8,39,0.170212765957447,8,42,0.16,9,49,0.155172413793103,10,56,0.151515151515152,11,60,0.154929577464789,13,62,0.173333333333333,15,92,0.14018691588785,25,108,0.18796992481203,33,130,0.202453987730061,42,164,0.203883495145631,57,202,0.22007722007722,67,252,0.210031347962382,75,288,0.206611570247934
"6866","79623028","79623028-2012-12-18",0,100,2012-12-18,"HA1",2012,"M","Adult",0,"1",3,7,0.3,8,22,0.266666666666667,13,31,0.295454545454545,15,42,0.263157894736842,16,52,0.235294117647059,16,55,0.225352112676056,22,74,0.229166666666667,28,89,0.239316239316239,30,98,0.234375,35,112,0.238095238095238,47,144,0.246073298429319,56,190,0.227642276422764,72,237,0.233009708737864,85,309,0.215736040609137,106,388,0.214574898785425,132,472,0.218543046357616,151,544,0.21726618705036
"6888","79623797","79623797-2012-08-30",10,40,2012-08-30,"HA1",2012,"M","Adult",0,"0",1,1,0.5,2,11,0.153846153846154,5,14,0.263157894736842,8,17,0.32,14,30,0.318181818181818,14,32,0.304347826086957,18,40,0.310344827586207,20,53,0.273972602739726,23,58,0.283950617283951,25,67,0.271739130434783,30,82,0.267857142857143,32,95,0.251968503937008,37,108,0.255172413793103,44,127,0.257309941520468,49,148,0.248730964467005,55,172,0.242290748898678,55,174,0.240174672489083
"6890","79623797","79623797-2012-11-20",0,90,2012-11-20,"HA1",2012,"M","Adult",0,"1",0,8,0,6,27,0.181818181818182,8,41,0.163265306122449,8,48,0.142857142857143,14,65,0.177215189873418,15,72,0.172413793103448,19,80,0.191919191919192,24,98,0.19672131147541,27,107,0.201492537313433,30,111,0.212765957446809,36,152,0.191489361702128,49,188,0.206751054852321,54,248,0.178807947019868,63,313,0.167553191489362,81,383,0.174568965517241,96,463,0.171735241502683,102,506,0.167763157894737
"6893","79623797","79623797-2012-12-18",10,90,2012-12-18,"HA1",2012,"M","Adult",0,"1",5,9,0.357142857142857,11,34,0.244444444444444,16,55,0.225352112676056,22,70,0.239130434782609,30,98,0.234375,32,100,0.242424242424242,36,108,0.25,42,132,0.241379310344828,42,139,0.232044198895028,42,148,0.221052631578947,63,188,0.250996015936255,69,255,0.212962962962963,87,312,0.218045112781955,109,391,0.218,133,481,0.216612377850163,157,562,0.218358831710709,162,592,0.214854111405836
"7027","79630010","79630010-2012-09-25",10,90,2012-09-25,"HA1",2012,"F","Adult",0,"0",2,3,0.4,4,14,0.222222222222222,6,25,0.193548387096774,9,32,0.219512195121951,11,43,0.203703703703704,13,43,0.232142857142857,15,46,0.245901639344262,18,54,0.25,18,55,0.246575342465753,18,59,0.233766233766234,32,76,0.296296296296296,34,107,0.24113475177305,39,132,0.228070175438596,49,164,0.230046948356808,54,200,0.21259842519685,62,227,0.214532871972318,63,242,0.20655737704918
"7028","79630010","79630010-2012-10-09",20,60,2012-10-09,"HA1",2012,"F","Adult",1,"0",1,4,0.2,4,17,0.19047619047619,12,27,0.307692307692308,15,36,0.294117647058824,20,59,0.253164556962025,21,70,0.230769230769231,23,73,0.239583333333333,26,91,0.222222222222222,30,107,0.218978102189781,31,120,0.205298013245033,50,178,0.219298245614035,56,217,0.205128205128205,65,260,0.2,74,294,0.201086956521739,79,332,0.192214111922141,83,337,0.197619047619048,83,337,0.197619047619048
"7032","79630010","79630010-2012-12-04",20,70,2012-12-04,"HA1",2012,"F","Adult",0,"1",1,7,0.125,9,29,0.236842105263158,13,48,0.213114754098361,15,64,0.189873417721519,29,100,0.224806201550388,34,117,0.225165562913907,36,126,0.222222222222222,45,161,0.218446601941748,47,193,0.195833333333333,49,200,0.196787148594378,63,271,0.188622754491018,79,347,0.185446009389671,97,419,0.187984496124031,113,508,0.181964573268921,124,569,0.178932178932179,133,593,0.183195592286501,133,596,0.182441700960219
"7033","79630010","79630010-2012-12-18",30,60,2012-12-18,"HA1",2012,"F","Adult",0,"1",0,5,0,8,22,0.266666666666667,12,43,0.218181818181818,19,57,0.25,25,88,0.221238938053097,32,112,0.222222222222222,37,131,0.220238095238095,46,153,0.231155778894472,57,196,0.225296442687747,61,222,0.215547703180212,98,361,0.213507625272331,121,449,0.212280701754386,145,530,0.214814814814815,160,598,0.211081794195251,172,618,0.217721518987342,173,623,0.217336683417085,173,623,0.217336683417085
"7052","79630102","79630102-2012-09-11",20,100,2012-09-11,"HA1",2012,"M","Adult",0,"0",1,2,0.333333333333333,3,7,0.3,5,11,0.3125,7,15,0.318181818181818,8,22,0.266666666666667,8,24,0.25,11,27,0.289473684210526,16,32,0.333333333333333,17,34,0.333333333333333,18,40,0.310344827586207,26,50,0.342105263157895,35,68,0.339805825242718,39,91,0.3,43,116,0.270440251572327,49,144,0.253886010362694,52,163,0.241860465116279,57,184,0.236514522821577
"7076","79630840","79630840-2012-10-09",70,70,2012-10-09,"HA1",2012,"F","NotAdult",1,"0",0,3,0,1,10,0.0909090909090909,3,20,0.130434782608696,7,33,0.175,14,52,0.212121212121212,15,59,0.202702702702703,17,66,0.204819277108434,23,91,0.201754385964912,25,112,0.182481751824818,27,113,0.192857142857143,42,161,0.206896551724138,55,204,0.212355212355212,67,249,0.212025316455696,78,297,0.208,81,322,0.200992555831266,83,337,0.197619047619048,83,337,0.197619047619048
"7082","79631608","79631608-2012-12-19",30,100,2012-12-19,"HA1",2012,"F","Adult",0,"1",3,13,0.1875,6,33,0.153846153846154,6,38,0.136363636363636,10,53,0.158730158730159,16,73,0.179775280898876,19,86,0.180952380952381,25,106,0.190839694656489,33,128,0.204968944099379,39,146,0.210810810810811,43,158,0.213930348258706,70,228,0.23489932885906,83,283,0.226775956284153,104,345,0.23162583518931,127,419,0.232600732600733,142,488,0.225396825396825,166,565,0.227086183310534,178,612,0.225316455696203
"7091","79632292","79632292-2012-09-13",100,10,2012-09-13,"HA1",2012,"M","Adult",0,"1",1,4,0.2,3,8,0.272727272727273,4,9,0.307692307692308,5,16,0.238095238095238,7,22,0.241379310344828,9,23,0.28125,10,25,0.285714285714286,10,31,0.24390243902439,11,32,0.255813953488372,11,32,0.255813953488372,12,41,0.226415094339623,17,57,0.22972972972973,21,84,0.2,25,111,0.183823529411765,36,143,0.201117318435754,46,188,0.196581196581197,59,214,0.216117216117216
"7190","79637279","79637279-2012-09-12",0,100,2012-09-12,"HA1",2012,"M","Adult",0,"0",1,3,0.25,2,9,0.181818181818182,4,12,0.25,5,17,0.227272727272727,6,21,0.222222222222222,6,22,0.214285714285714,7,26,0.212121212121212,10,31,0.24390243902439,11,34,0.244444444444444,13,38,0.254901960784314,22,46,0.323529411764706,28,63,0.307692307692308,35,79,0.307017543859649,39,110,0.261744966442953,47,137,0.255434782608696,53,172,0.235555555555556,58,196,0.228346456692913
"7191","79637279","79637279-2012-09-27",0,80,2012-09-27,"HA1",2012,"M","Adult",0,"0",0,2,0,1,14,0.0666666666666667,6,24,0.2,8,31,0.205128205128205,12,40,0.230769230769231,14,48,0.225806451612903,16,48,0.25,18,52,0.257142857142857,19,66,0.223529411764706,19,68,0.218390804597701,29,94,0.235772357723577,33,117,0.22,37,148,0.2,50,187,0.210970464135021,58,219,0.209386281588448,64,247,0.205787781350482,65,262,0.198776758409786
"7243","79638791","79638791-2012-08-30",90,80,2012-08-30,"HA1",2012,"M","Adult",1,"0",0,2,0,3,13,0.1875,4,21,0.16,4,24,0.142857142857143,7,32,0.179487179487179,8,37,0.177777777777778,8,39,0.170212765957447,10,41,0.196078431372549,11,48,0.186440677966102,12,49,0.19672131147541,15,56,0.211267605633803,18,73,0.197802197802198,26,87,0.230088495575221,33,108,0.234042553191489,43,129,0.25,50,153,0.246305418719212,53,164,0.244239631336406
"7247","79638837","79638837-2012-10-09",100,80,2012-10-09,"HA1",2012,"M","Adult",0,"0",1,7,0.125,1,19,0.05,4,25,0.137931034482759,5,28,0.151515151515152,6,42,0.125,9,48,0.157894736842105,9,49,0.155172413793103,10,60,0.142857142857143,12,68,0.15,12,75,0.137931034482759,21,102,0.170731707317073,31,119,0.206666666666667,37,147,0.201086956521739,51,174,0.226666666666667,58,222,0.207142857142857,70,266,0.208333333333333,78,304,0.204188481675393
"7248","79638837","79638837-2012-10-23",100,90,2012-10-23,"HA1",2012,"M","Adult",0,"0",0,5,0,2,16,0.111111111111111,2,25,0.0740740740740741,3,35,0.0789473684210526,8,50,0.137931034482759,8,53,0.131147540983607,9,64,0.123287671232877,10,76,0.116279069767442,11,81,0.119565217391304,13,84,0.134020618556701,17,125,0.119718309859155,27,143,0.158823529411765,35,171,0.169902912621359,44,215,0.16988416988417,61,264,0.187692307692308,72,323,0.182278481012658,81,363,0.182432432432432
"7260","79639272","79639272-2012-10-10",0,90,2012-10-10,"HA1",2012,"M","Adult",1,"0",0,6,0,5,20,0.2,7,30,0.189189189189189,7,36,0.162790697674419,11,47,0.189655172413793,12,50,0.193548387096774,13,54,0.194029850746269,16,66,0.195121951219512,19,71,0.211111111111111,22,74,0.229166666666667,27,103,0.207692307692308,38,129,0.227544910179641,40,176,0.185185185185185,49,217,0.184210526315789,63,260,0.195046439628483,71,307,0.187830687830688,76,336,0.184466019417476
"7261","79639272","79639272-2012-10-23",0,80,2012-10-23,"HA1",2012,"M","Adult",0,"0",1,4,0.2,2,23,0.08,8,35,0.186046511627907,11,44,0.2,15,57,0.208333333333333,17,66,0.204819277108434,20,66,0.232558139534884,22,70,0.239130434782609,23,89,0.205357142857143,23,96,0.19327731092437,33,134,0.197604790419162,38,168,0.184466019417476,44,215,0.16988416988417,58,273,0.175226586102719,68,317,0.176623376623377,79,364,0.178329571106095,81,398,0.169102296450939
"7263","79639272","79639272-2012-11-20",10,90,2012-11-20,"HA1",2012,"M","Adult",0,"0",4,7,0.363636363636364,6,30,0.166666666666667,9,50,0.152542372881356,15,63,0.192307692307692,18,90,0.166666666666667,20,92,0.178571428571429,23,100,0.186991869918699,28,122,0.186666666666667,28,128,0.179487179487179,28,133,0.173913043478261,45,165,0.214285714285714,49,228,0.176895306859206,59,279,0.174556213017751,73,349,0.172985781990521,89,430,0.171483622350674,102,505,0.168039538714992,104,535,0.162754303599374
"7277","79639579","79639579-2012-08-14",80,100,2012-08-14,"HA1",2012,"F","Adult",1,"0",2,2,0.5,4,7,0.363636363636364,5,8,0.384615384615385,6,11,0.352941176470588,8,12,0.4,9,13,0.409090909090909,9,15,0.375,9,20,0.310344827586207,10,21,0.32258064516129,10,21,0.32258064516129,12,27,0.307692307692308,16,30,0.347826086956522,19,37,0.339285714285714,27,57,0.321428571428571,32,67,0.323232323232323,38,79,0.324786324786325,41,88,0.317829457364341
"7321","79769626","79769626-2012-10-09",40,80,2012-10-09,"HA1",2012,"F","Adult",0,"0",0,1,0,2,4,0.333333333333333,4,8,0.333333333333333,6,19,0.24,14,38,0.269230769230769,16,57,0.219178082191781,17,67,0.202380952380952,27,91,0.228813559322034,32,110,0.225352112676056,34,119,0.222222222222222,49,176,0.217777777777778,57,218,0.207272727272727,65,250,0.206349206349206,75,288,0.206611570247934,79,332,0.192214111922141,83,337,0.197619047619048,83,337,0.197619047619048
"7322","79769830","79769830-2012-09-11",90,40,2012-09-11,"HA1",2012,"F","Adult",0,"0",0,1,0,1,5,0.166666666666667,4,13,0.235294117647059,4,14,0.222222222222222,6,22,0.214285714285714,7,24,0.225806451612903,9,28,0.243243243243243,10,39,0.204081632653061,11,45,0.196428571428571,12,52,0.1875,16,71,0.183908045977011,23,90,0.20353982300885,33,111,0.229166666666667,40,137,0.225988700564972,50,169,0.228310502283105,60,193,0.237154150197628,61,197,0.236434108527132
"7328","79770053","79770053-2012-10-25",10,20,2012-10-25,"HA1",2012,"M","Adult",0,"0",2,5,0.285714285714286,4,35,0.102564102564103,9,57,0.136363636363636,11,71,0.134146341463415,15,98,0.132743362831858,15,113,0.1171875,16,120,0.117647058823529,21,127,0.141891891891892,25,133,0.158227848101266,29,138,0.173652694610778,41,183,0.183035714285714,49,214,0.186311787072243,60,254,0.191082802547771,68,306,0.181818181818182,83,373,0.182017543859649,94,446,0.174074074074074,98,471,0.172231985940246
"7345","79770603","79770603-2012-08-29",30,90,2012-08-29,"HA1",2012,"M","NotAdult",0,"0",0,0,NA,1,3,0.25,2,3,0.4,6,7,0.461538461538462,11,13,0.458333333333333,14,15,0.482758620689655,16,17,0.484848484848485,18,25,0.418604651162791,21,27,0.4375,25,29,0.462962962962963,30,50,0.375,36,69,0.342857142857143,37,90,0.291338582677165,43,113,0.275641025641026,46,128,0.264367816091954,52,153,0.253658536585366,53,159,0.25
"7346","79770603","79770603-2012-09-11",40,100,2012-09-11,"HA1",2012,"M","Adult",0,"0",1,2,0.333333333333333,4,7,0.363636363636364,4,10,0.285714285714286,5,15,0.25,8,16,0.333333333333333,8,18,0.307692307692308,10,23,0.303030303030303,15,29,0.340909090909091,17,34,0.333333333333333,21,38,0.355932203389831,31,70,0.306930693069307,37,90,0.291338582677165,42,111,0.274509803921569,45,126,0.263157894736842,50,147,0.253807106598985,56,172,0.245614035087719,60,197,0.233463035019455
"7358","79771081","79771081-2012-08-29",40,100,2012-08-29,"HA1",2012,"F","NotAdult",0,"0",0,0,NA,2,3,0.4,2,4,0.333333333333333,3,7,0.3,6,8,0.428571428571429,6,9,0.4,8,13,0.380952380952381,13,17,0.433333333333333,15,21,0.416666666666667,18,24,0.428571428571429,27,50,0.350649350649351,32,67,0.323232323232323,37,83,0.308333333333333,38,97,0.281481481481481,43,113,0.275641025641026,49,137,0.263440860215054,53,159,0.25
"7369","79772013","79772013-2012-10-25",30,50,2012-10-25,"HA1",2012,"M","Adult",0,"1",3,2,0.6,3,23,0.115384615384615,6,41,0.127659574468085,8,48,0.142857142857143,16,71,0.183908045977011,22,86,0.203703703703704,25,93,0.211864406779661,30,124,0.194805194805195,39,157,0.198979591836735,40,169,0.191387559808612,59,274,0.177177177177177,80,357,0.183066361556064,86,406,0.17479674796748,95,464,0.16994633273703,98,484,0.168384879725086,98,484,0.168384879725086,98,484,0.168384879725086
"7370","79772013","79772013-2012-11-07",30,50,2012-11-07,"HA1",2012,"M","Adult",0,"0",4,2,0.666666666666667,4,24,0.142857142857143,7,42,0.142857142857143,9,49,0.155172413793103,17,75,0.184782608695652,24,93,0.205128205128205,27,100,0.21259842519685,32,133,0.193939393939394,42,169,0.199052132701422,44,182,0.194690265486726,64,294,0.17877094972067,85,383,0.181623931623932,91,432,0.173996175908222,101,491,0.170608108108108,106,512,0.171521035598705,106,512,0.171521035598705,106,512,0.171521035598705
"7371","79772013","79772013-2012-11-21",0,90,2012-11-21,"HA1",2012,"M","Adult",1,"1",1,8,0.111111111111111,7,28,0.2,9,43,0.173076923076923,9,50,0.152542372881356,15,67,0.182926829268293,16,74,0.177777777777778,20,83,0.194174757281553,26,101,0.204724409448819,29,110,0.20863309352518,32,114,0.219178082191781,38,158,0.193877551020408,51,195,0.207317073170732,57,255,0.182692307692308,66,323,0.169665809768638,86,395,0.178794178794179,101,477,0.174740484429066,107,521,0.170382165605096
"7372","79772013","79772013-2012-12-04",10,20,2012-12-04,"HA1",2012,"M","Adult",0,"1",3,7,0.3,8,43,0.156862745098039,16,67,0.192771084337349,18,83,0.178217821782178,22,114,0.161764705882353,22,132,0.142857142857143,23,141,0.140243902439024,30,151,0.165745856353591,35,158,0.181347150259067,40,164,0.196078431372549,53,222,0.192727272727273,62,264,0.190184049079755,74,311,0.192207792207792,86,379,0.18494623655914,106,464,0.185964912280702,123,552,0.182222222222222,129,581,0.18169014084507
"7401","79774854","79774854-2012-08-29",50,50,2012-08-29,"HA1",2012,"F","Adult",0,"0",0,0,NA,1,7,0.125,1,11,0.0833333333333333,5,13,0.277777777777778,5,19,0.208333333333333,7,22,0.241379310344828,8,28,0.222222222222222,11,37,0.229166666666667,14,43,0.245614035087719,14,47,0.229508196721311,32,85,0.273504273504274,48,140,0.25531914893617,51,155,0.247572815533981,53,159,0.25,53,159,0.25,53,159,0.25,53,159,0.25
"7421","79775849","79775849-2012-09-27",90,30,2012-09-27,"HA1",2012,"F","Adult",0,"1",1,2,0.333333333333333,4,11,0.266666666666667,7,19,0.269230769230769,8,21,0.275862068965517,10,30,0.25,12,32,0.272727272727273,13,37,0.26,15,43,0.258620689655172,16,53,0.231884057971014,19,58,0.246753246753247,22,80,0.215686274509804,27,105,0.204545454545455,36,138,0.206896551724138,44,185,0.192139737991266,59,223,0.209219858156028,69,264,0.207207207207207,70,273,0.204081632653061
"7422","79775849","79775849-2012-10-09",100,40,2012-10-09,"HA1",2012,"F","Adult",0,"0",0,4,0,2,13,0.133333333333333,4,18,0.181818181818182,6,25,0.193548387096774,8,33,0.195121951219512,10,37,0.212765957446809,14,45,0.23728813559322,18,53,0.253521126760563,19,62,0.234567901234568,21,70,0.230769230769231,25,109,0.186567164179104,34,131,0.206060606060606,44,162,0.213592233009709,53,193,0.215447154471545,58,236,0.197278911564626,70,288,0.195530726256983,82,327,0.200488997555012
"7423","79775849","79775849-2012-10-23",100,20,2012-10-23,"HA1",2012,"F","Adult",0,"0",1,5,0.166666666666667,6,19,0.24,9,24,0.272727272727273,10,39,0.204081632653061,13,45,0.224137931034483,14,50,0.21875,14,54,0.205882352941176,17,58,0.226666666666667,18,66,0.214285714285714,19,73,0.206521739130435,26,102,0.203125,32,143,0.182857142857143,39,173,0.183962264150943,48,223,0.177121771217712,60,283,0.174927113702624,70,338,0.17156862745098,82,389,0.174097664543524
"7425","79775849","79775849-2012-11-20",80,40,2012-11-20,"HA1",2012,"F","Adult",0,"0",1,4,0.2,4,16,0.2,9,32,0.219512195121951,12,50,0.193548387096774,15,87,0.147058823529412,18,106,0.145161290322581,18,119,0.131386861313869,25,136,0.15527950310559,34,160,0.175257731958763,36,172,0.173076923076923,46,240,0.160839160839161,62,304,0.169398907103825,72,384,0.157894736842105,89,464,0.160940325497288,109,540,0.167950693374422,111,560,0.165424739195231,111,560,0.165424739195231
"7455","79776883","79776883-2012-10-24",100,90,2012-10-24,"HA1",2012,"M","Adult",0,"0",0,7,0,2,18,0.1,2,27,0.0689655172413793,3,37,0.075,8,52,0.133333333333333,8,55,0.126984126984127,9,67,0.118421052631579,10,80,0.111111111111111,11,85,0.114583333333333,13,88,0.128712871287129,17,130,0.115646258503401,27,150,0.152542372881356,36,182,0.165137614678899,45,229,0.164233576642336,63,281,0.183139534883721,75,343,0.179425837320574,84,387,0.178343949044586
"7456","79776883","79776883-2012-11-07",90,80,2012-11-07,"HA1",2012,"M","Adult",1,"0",0,5,0,5,26,0.161290322580645,8,51,0.135593220338983,8,64,0.111111111111111,12,88,0.12,14,99,0.123893805309735,15,104,0.126050420168067,18,113,0.137404580152672,19,132,0.125827814569536,21,140,0.130434782608696,30,171,0.149253731343284,37,214,0.147410358565737,53,267,0.165625,68,329,0.171284634760705,85,394,0.177453027139875,98,464,0.174377224199288,103,489,0.173986486486486
"7493","79778567","79778567-2012-10-10",10,0,2012-10-10,"HA1",2012,"F","Adult",0,"0",1,4,0.2,3,19,0.136363636363636,4,29,0.121212121212121,6,39,0.133333333333333,7,54,0.114754098360656,7,58,0.107692307692308,8,65,0.10958904109589,10,71,0.123456790123457,11,77,0.125,12,84,0.125,18,105,0.146341463414634,27,135,0.166666666666667,35,164,0.175879396984925,47,194,0.195020746887967,58,224,0.205673758865248,66,279,0.191304347826087,78,324,0.194029850746269
"7512","79779379","79779379-2012-08-28",100,20,2012-08-28,"HA1",2012,"M","Adult",0,"0",1,3,0.25,3,11,0.214285714285714,4,13,0.235294117647059,4,14,0.222222222222222,6,17,0.260869565217391,6,20,0.230769230769231,6,20,0.230769230769231,7,22,0.241379310344828,7,27,0.205882352941176,7,28,0.2,8,38,0.173913043478261,10,57,0.149253731343284,12,65,0.155844155844156,18,80,0.183673469387755,29,102,0.221374045801527,37,122,0.232704402515723,47,138,0.254054054054054
"7545","79781605","79781605-2012-10-09",60,40,2012-10-09,"HA1",2012,"F","Adult",0,"0",1,0,1,2,8,0.2,5,13,0.277777777777778,7,24,0.225806451612903,15,37,0.288461538461538,19,47,0.287878787878788,19,56,0.253333333333333,25,69,0.265957446808511,25,85,0.227272727272727,26,96,0.213114754098361,48,180,0.210526315789474,60,244,0.197368421052632,75,305,0.197368421052632,82,332,0.198067632850242,83,337,0.197619047619048,83,337,0.197619047619048,83,337,0.197619047619048
"7562","79782524","79782524-2012-10-24",40,100,2012-10-24,"HA1",2012,"F","Adult",1,"0",1,7,0.125,4,23,0.148148148148148,4,27,0.129032258064516,5,42,0.106382978723404,9,47,0.160714285714286,9,52,0.147540983606557,11,62,0.150684931506849,18,78,0.1875,21,94,0.182608695652174,25,109,0.186567164179104,38,179,0.175115207373272,48,217,0.181132075471698,57,272,0.173252279635258,63,308,0.169811320754717,76,360,0.174311926605505,87,401,0.17827868852459,94,449,0.173112338858195
"7563","79782524","79782524-2012-11-07",80,70,2012-11-07,"HA1",2012,"F","Adult",0,"0",0,4,0,4,19,0.173913043478261,5,39,0.113636363636364,7,57,0.109375,12,95,0.11214953271028,16,109,0.128,19,119,0.13768115942029,25,138,0.153374233128834,26,161,0.13903743315508,28,164,0.145833333333333,42,222,0.159090909090909,56,281,0.166172106824926,72,336,0.176470588235294,84,406,0.171428571428571,100,469,0.175746924428823,104,504,0.171052631578947,106,512,0.171521035598705
"7565","79782524","79782524-2012-11-21",100,100,2012-11-21,"HA1",2012,"F","Adult",0,"1",0,1,0,2,14,0.125,3,16,0.157894736842105,6,35,0.146341463414634,8,48,0.142857142857143,10,51,0.163934426229508,11,64,0.146666666666667,14,82,0.145833333333333,14,90,0.134615384615385,14,102,0.120689655172414,21,136,0.133757961783439,26,177,0.12807881773399,35,221,0.13671875,48,268,0.151898734177215,62,338,0.155,85,415,0.17,95,465,0.169642857142857
"7566","79782524","79782524-2012-12-18",90,90,2012-12-18,"HA1",2012,"F","Adult",0,"1",2,2,0.5,9,31,0.225,21,55,0.276315789473684,26,73,0.262626262626263,31,96,0.244094488188976,31,101,0.234848484848485,34,114,0.22972972972973,36,134,0.211764705882353,38,147,0.205405405405405,39,154,0.202072538860104,48,191,0.200836820083682,56,239,0.189830508474576,71,292,0.195592286501377,94,375,0.200426439232409,125,455,0.21551724137931,147,535,0.215542521994135,161,571,0.219945355191257
"7589","79783063","79783063-2012-12-06",100,90,2012-12-06,"HA1",2012,"F","Adult",0,"1",4,10,0.285714285714286,10,22,0.3125,11,36,0.234042553191489,13,49,0.209677419354839,22,70,0.239130434782609,23,76,0.232323232323232,25,92,0.213675213675214,29,109,0.210144927536232,31,115,0.212328767123288,33,120,0.215686274509804,37,178,0.172093023255814,49,214,0.186311787072243,60,259,0.188087774294671,78,325,0.193548387096774,103,397,0.206,122,473,0.205042016806723,141,528,0.210762331838565
"7590","79783063","79783063-2012-12-19",100,90,2012-12-19,"HA1",2012,"F","Adult",0,"1",5,10,0.333333333333333,14,23,0.378378378378378,15,37,0.288461538461538,17,50,0.253731343283582,27,71,0.275510204081633,28,77,0.266666666666667,30,94,0.241935483870968,34,111,0.23448275862069,36,117,0.235294117647059,38,125,0.233128834355828,43,183,0.190265486725664,55,220,0.2,67,268,0.2,86,335,0.204275534441805,115,408,0.219885277246654,140,486,0.223642172523962,160,542,0.227920227920228
"7591","79783071","79783071-2012-10-09",0,40,2012-10-09,"HA1",2012,"F","NotAdult",0,"0",0,3,0,5,10,0.333333333333333,5,18,0.217391304347826,8,30,0.210526315789474,12,42,0.222222222222222,13,51,0.203125,13,65,0.166666666666667,20,82,0.196078431372549,22,95,0.188034188034188,24,108,0.181818181818182,31,151,0.17032967032967,43,168,0.203791469194313,50,203,0.197628458498024,59,227,0.206293706293706,65,265,0.196969696969697,75,301,0.199468085106383,83,333,0.199519230769231
"7622","79785369","79785369-2012-10-10",30,10,2012-10-10,"HA1",2012,"M","NotAdult",0,"0",0,3,0,2,19,0.0952380952380952,4,29,0.121212121212121,5,38,0.116279069767442,11,52,0.174603174603175,13,59,0.180555555555556,13,70,0.156626506024096,17,95,0.151785714285714,19,109,0.1484375,23,111,0.171641791044776,28,145,0.161849710982659,43,175,0.197247706422018,54,206,0.207692307692308,62,259,0.193146417445483,72,304,0.191489361702128,82,359,0.1859410430839,84,372,0.184210526315789
"7659","79786360","79786360-2012-08-28",30,10,2012-08-28,"HA1",2012,"F","NotAdult",1,"0",0,2,0,1,6,0.142857142857143,2,13,0.133333333333333,3,19,0.136363636363636,5,24,0.172413793103448,5,29,0.147058823529412,5,33,0.131578947368421,8,44,0.153846153846154,10,50,0.166666666666667,14,51,0.215384615384615,16,66,0.195121951219512,27,79,0.254716981132075,32,92,0.258064516129032,36,108,0.25,43,120,0.263803680981595,50,137,0.267379679144385,52,144,0.26530612244898
"7660","79786360","79786360-2012-08-15",20,0,2012-08-15,"HA1",2012,"F","NotAdult",0,"0",0,1,0,2,6,0.25,3,13,0.1875,4,20,0.166666666666667,5,24,0.172413793103448,7,29,0.194444444444444,7,30,0.189189189189189,7,34,0.170731707317073,8,35,0.186046511627907,9,37,0.195652173913043,10,50,0.166666666666667,16,59,0.213333333333333,22,64,0.255813953488372,28,73,0.277227722772277,33,87,0.275,39,97,0.286764705882353,45,106,0.298013245033113
"7662","79786360","79786360-2012-09-11",30,30,2012-09-11,"HA1",2012,"F","Adult",1,"0",0,1,0,0,6,0,2,15,0.117647058823529,6,24,0.2,9,41,0.18,10,49,0.169491525423729,11,58,0.159420289855072,15,70,0.176470588235294,21,80,0.207920792079208,23,81,0.221153846153846,34,104,0.246376811594203,37,125,0.228395061728395,45,147,0.234375,57,180,0.240506329113924,61,193,0.240157480314961,61,197,0.236434108527132,61,197,0.236434108527132
"7670","79786569","79786569-2012-09-27",60,100,2012-09-27,"HA1",2012,"M","Adult",0,"0",0,6,0,5,11,0.3125,6,17,0.260869565217391,9,27,0.25,12,34,0.260869565217391,13,35,0.270833333333333,14,45,0.23728813559322,14,50,0.21875,14,55,0.202898550724638,15,62,0.194805194805195,25,98,0.203252032520325,37,132,0.218934911242604,40,163,0.197044334975369,51,185,0.216101694915254,57,220,0.205776173285199,66,242,0.214285714285714,69,269,0.20414201183432
"7671","79786569","79786569-2012-10-09",60,70,2012-10-09,"HA1",2012,"M","Adult",0,"0",0,1,0,0,11,0,5,15,0.25,7,21,0.25,12,40,0.230769230769231,13,53,0.196969696969697,18,65,0.216867469879518,22,84,0.207547169811321,30,104,0.223880597014925,31,113,0.215277777777778,47,184,0.203463203463203,61,233,0.207482993197279,70,274,0.203488372093023,81,319,0.2025,82,331,0.198547215496368,83,337,0.197619047619048,83,337,0.197619047619048
"7672","79786569","79786569-2012-10-23",70,100,2012-10-23,"HA1",2012,"M","Adult",1,"0",1,4,0.2,4,28,0.125,7,35,0.166666666666667,9,42,0.176470588235294,11,51,0.17741935483871,13,57,0.185714285714286,14,67,0.172839506172839,15,81,0.15625,18,99,0.153846153846154,20,113,0.150375939849624,28,145,0.161849710982659,32,172,0.156862745098039,46,227,0.168498168498169,59,281,0.173529411764706,73,319,0.186224489795918,82,365,0.1834451901566,87,403,0.177551020408163
"7674","79786569","79786569-2012-12-04",70,100,2012-12-04,"HA1",2012,"M","Adult",0,"1",1,6,0.142857142857143,5,38,0.116279069767442,8,46,0.148148148148148,10,57,0.149253731343284,14,69,0.168674698795181,17,83,0.17,19,97,0.163793103448276,24,121,0.16551724137931,28,140,0.166666666666667,32,161,0.16580310880829,42,212,0.165354330708661,46,250,0.155405405405405,65,328,0.165394402035623,84,402,0.172839506172839,103,452,0.185585585585586,121,515,0.190251572327044,129,566,0.185611510791367
"7675","79786569","79786569-2012-11-20",60,90,2012-11-20,"HA1",2012,"M","Adult",0,"0",2,2,0.5,3,27,0.1,8,42,0.16,10,54,0.15625,15,81,0.15625,15,88,0.145631067961165,17,99,0.146551724137931,23,133,0.147435897435897,29,146,0.165714285714286,31,158,0.164021164021164,46,241,0.160278745644599,58,311,0.157181571815718,73,373,0.163677130044843,86,431,0.166344294003868,103,482,0.176068376068376,108,543,0.165898617511521,111,560,0.165424739195231
"7676","79786569","79786569-2012-12-19",50,50,2012-12-19,"HA1",2012,"M","Adult",0,"0",0,2,0,5,16,0.238095238095238,7,31,0.184210526315789,15,46,0.245901639344262,20,78,0.204081632653061,23,91,0.201754385964912,30,107,0.218978102189781,37,145,0.203296703296703,44,177,0.199095022624434,46,188,0.196581196581197,101,355,0.221491228070175,155,550,0.219858156028369,175,607,0.223785166240409,187,631,0.228606356968215,187,631,0.228606356968215,187,631,0.228606356968215,187,631,0.228606356968215
"7703","79788371","79788371-2012-09-11",10,0,2012-09-11,"HA1",2012,"M","Adult",0,"0",1,3,0.25,3,15,0.166666666666667,4,21,0.16,5,26,0.161290322580645,6,36,0.142857142857143,6,39,0.133333333333333,7,44,0.137254901960784,8,46,0.148148148148148,9,49,0.155172413793103,10,53,0.158730158730159,12,64,0.157894736842105,19,83,0.186274509803922,26,96,0.213114754098361,35,111,0.23972602739726,41,125,0.246987951807229,45,154,0.226130653266332,56,171,0.246696035242291
"7712","79789358","79789358-2012-10-24",0,60,2012-10-24,"HA1",2012,"M","Adult",0,"1",2,3,0.4,7,12,0.368421052631579,11,21,0.34375,13,37,0.26,16,58,0.216216216216216,17,64,0.209876543209877,18,80,0.183673469387755,27,96,0.219512195121951,27,107,0.201492537313433,30,124,0.194805194805195,38,184,0.171171171171171,49,235,0.172535211267606,61,272,0.183183183183183,69,313,0.180628272251309,80,355,0.183908045977011,86,398,0.177685950413223,92,442,0.172284644194757
"7713","79789358","79789358-2012-11-20",10,30,2012-11-20,"HA1",2012,"M","Adult",0,"1",1,8,0.111111111111111,8,27,0.228571428571429,10,55,0.153846153846154,11,71,0.134146341463415,17,103,0.141666666666667,21,111,0.159090909090909,26,125,0.172185430463576,34,157,0.178010471204188,35,178,0.164319248826291,42,189,0.181818181818182,52,234,0.181818181818182,61,273,0.182634730538922,73,331,0.180693069306931,85,404,0.173824130879346,97,472,0.170474516695958,108,537,0.167441860465116,111,559,0.165671641791045
"7730","79790568","79790568-2012-09-27",90,70,2012-09-27,"HA1",2012,"M","Adult",0,"1",1,5,0.166666666666667,1,15,0.0625,4,23,0.148148148148148,4,27,0.129032258064516,6,38,0.136363636363636,8,44,0.153846153846154,8,48,0.142857142857143,11,60,0.154929577464789,14,66,0.175,15,68,0.180722891566265,23,93,0.198275862068966,33,116,0.221476510067114,44,144,0.234042553191489,51,185,0.216101694915254,59,225,0.207746478873239,68,261,0.206686930091185,70,273,0.204081632653061
"7731","79790568","79790568-2012-10-09",90,80,2012-10-09,"HA1",2012,"M","Adult",0,"0",0,4,0,5,19,0.208333333333333,6,35,0.146341463414634,6,41,0.127659574468085,10,57,0.149253731343284,12,63,0.16,12,68,0.15,14,73,0.160919540229885,15,86,0.148514851485149,17,89,0.160377358490566,26,106,0.196969696969697,32,134,0.192771084337349,44,165,0.210526315789474,57,208,0.215094339622642,69,258,0.211009174311927,78,304,0.204188481675393,81,322,0.200992555831266
"7732","79790568","79790568-2012-10-23",100,90,2012-10-23,"HA1",2012,"M","Adult",0,"0",0,5,0,2,16,0.111111111111111,2,25,0.0740740740740741,3,35,0.0789473684210526,8,50,0.137931034482759,8,53,0.131147540983607,9,64,0.123287671232877,10,76,0.116279069767442,11,81,0.119565217391304,13,84,0.134020618556701,17,125,0.119718309859155,27,143,0.158823529411765,35,171,0.169902912621359,44,215,0.16988416988417,61,264,0.187692307692308,72,323,0.182278481012658,81,363,0.182432432432432
"7733","79790568","79790568-2012-11-07",90,80,2012-11-07,"HA1",2012,"M","Adult",0,"1",0,5,0,5,26,0.161290322580645,8,51,0.135593220338983,8,64,0.111111111111111,12,88,0.12,14,99,0.123893805309735,15,104,0.126050420168067,18,113,0.137404580152672,19,132,0.125827814569536,21,140,0.130434782608696,30,171,0.149253731343284,37,214,0.147410358565737,53,267,0.165625,68,329,0.171284634760705,85,394,0.177453027139875,98,464,0.174377224199288,103,489,0.173986486486486
"7734","79790568","79790568-2012-12-04",100,90,2012-12-04,"HA1",2012,"M","Adult",0,"1",3,10,0.230769230769231,7,22,0.241379310344828,8,36,0.181818181818182,9,49,0.155172413793103,17,69,0.197674418604651,18,75,0.193548387096774,19,90,0.174311926605505,21,106,0.165354330708661,22,112,0.164179104477612,24,116,0.171428571428571,28,171,0.14070351758794,39,207,0.158536585365854,50,251,0.166112956810631,65,316,0.170603674540682,85,384,0.181236673773987,103,457,0.183928571428571,116,510,0.185303514376997
"7735","79790568","79790568-2012-11-21",90,60,2012-11-21,"HA1",2012,"M","Adult",1,"1",0,7,0,4,20,0.166666666666667,4,37,0.0975609756097561,6,58,0.09375,11,94,0.104761904761905,12,97,0.110091743119266,15,110,0.12,23,141,0.140243902439024,26,159,0.140540540540541,28,167,0.143589743589744,43,245,0.149305555555556,55,288,0.160349854227405,65,344,0.158924205378973,77,400,0.161425576519916,100,489,0.169779286926995,114,557,0.169895678092399,116,576,0.167630057803468
"7753","79792086","79792086-2012-12-18",100,20,2012-12-18,"HA1",2012,"F","Adult",0,"1",2,10,0.166666666666667,12,31,0.27906976744186,16,39,0.290909090909091,19,59,0.243589743589744,22,69,0.241758241758242,23,79,0.225490196078431,23,85,0.212962962962963,27,89,0.232758620689655,28,99,0.220472440944882,29,111,0.207142857142857,41,156,0.208121827411168,52,211,0.197718631178707,68,257,0.209230769230769,85,329,0.205314009661836,112,420,0.210526315789474,131,505,0.205974842767296,155,575,0.212328767123288
"7771","79792581","79792581-2012-10-11",90,70,2012-10-11,"HA1",2012,"F","Adult",0,"0",2,5,0.285714285714286,2,24,0.0769230769230769,5,38,0.116279069767442,7,45,0.134615384615385,9,62,0.126760563380282,11,73,0.130952380952381,11,82,0.118279569892473,14,102,0.120689655172414,18,110,0.140625,20,113,0.150375939849624,31,147,0.174157303370787,41,184,0.182222222222222,55,220,0.2,63,269,0.189759036144578,72,322,0.182741116751269,84,374,0.183406113537118,86,394,0.179166666666667
"7882","79795857","79795857-2012-09-13",30,100,2012-09-13,"HA1",2012,"M","Adult",0,"0",1,4,0.2,3,12,0.2,3,13,0.1875,6,16,0.272727272727273,8,22,0.266666666666667,11,28,0.282051282051282,14,38,0.269230769230769,17,45,0.274193548387097,20,53,0.273972602739726,21,57,0.269230769230769,33,79,0.294642857142857,38,105,0.265734265734266,43,133,0.244318181818182,48,162,0.228571428571429,54,185,0.225941422594142,60,213,0.21978021978022,65,237,0.21523178807947
"7893","79796354","79796354-2012-08-28",10,0,2012-08-28,"HA1",2012,"M","Adult",0,"0",1,2,0.333333333333333,3,13,0.1875,4,17,0.19047619047619,5,20,0.2,6,28,0.176470588235294,6,29,0.171428571428571,6,34,0.15,7,35,0.166666666666667,8,38,0.173913043478261,9,39,0.1875,10,48,0.172413793103448,17,62,0.215189873417722,23,72,0.242105263157895,31,85,0.267241379310345,35,95,0.269230769230769,39,114,0.254901960784314,47,121,0.279761904761905
"7894","79796354","79796354-2012-09-11",80,20,2012-09-11,"HA1",2012,"M","Adult",1,"1",0,1,0,2,4,0.333333333333333,4,7,0.363636363636364,6,16,0.272727272727273,9,30,0.230769230769231,9,32,0.219512195121951,9,35,0.204545454545455,11,37,0.229166666666667,11,43,0.203703703703704,12,46,0.206896551724138,15,64,0.189873417721519,21,85,0.19811320754717,27,108,0.2,40,145,0.216216216216216,54,177,0.233766233766234,59,191,0.236,60,196,0.234375
"7895","79796354","79796354-2012-09-25",10,20,2012-09-25,"HA1",2012,"M","Adult",1,"1",1,2,0.333333333333333,3,21,0.125,5,32,0.135135135135135,7,43,0.14,9,60,0.130434782608696,9,68,0.116883116883117,10,73,0.120481927710843,12,79,0.131868131868132,16,83,0.161616161616162,19,86,0.180952380952381,27,111,0.195652173913043,32,126,0.20253164556962,37,142,0.206703910614525,44,166,0.20952380952381,57,200,0.221789883268482,65,236,0.215946843853821,68,249,0.214511041009464
"7921","79797266","79797266-2012-09-11",20,30,2012-09-11,"HA1",2012,"F","NotAdult",0,"0",0,0,NA,1,11,0.0833333333333333,3,19,0.136363636363636,5,27,0.15625,11,47,0.189655172413793,13,53,0.196969696969697,15,58,0.205479452054795,18,73,0.197802197802198,22,80,0.215686274509804,23,84,0.214953271028037,29,98,0.228346456692913,36,111,0.244897959183673,40,136,0.227272727272727,53,159,0.25,58,184,0.239669421487603,61,197,0.236434108527132,61,197,0.236434108527132
"7926","79797359","79797359-2012-09-11",20,50,2012-09-11,"HA1",2012,"F","Adult",0,"0",0,2,0,5,9,0.357142857142857,8,16,0.333333333333333,11,21,0.34375,18,35,0.339622641509434,19,39,0.327586206896552,19,45,0.296875,22,56,0.282051282051282,25,63,0.284090909090909,26,67,0.279569892473118,32,103,0.237037037037037,44,131,0.251428571428571,50,145,0.256410256410256,55,173,0.241228070175439,61,197,0.236434108527132,61,197,0.236434108527132,61,197,0.236434108527132
"7941","79797793","79797793-2012-09-28",0,10,2012-09-28,"HA1",2012,"F","Adult",0,"0",0,4,0,3,22,0.12,6,28,0.176470588235294,8,34,0.19047619047619,8,47,0.145454545454545,8,49,0.140350877192982,8,55,0.126984126984127,9,70,0.113924050632911,10,76,0.116279069767442,12,76,0.136363636363636,18,96,0.157894736842105,25,120,0.172413793103448,35,142,0.19774011299435,38,166,0.186274509803922,51,199,0.204,63,241,0.207236842105263,72,282,0.203389830508475
"7943","79797793","79797793-2012-11-20",0,10,2012-11-20,"HA1",2012,"F","Adult",0,"0",0,9,0,4,37,0.0975609756097561,7,52,0.11864406779661,13,63,0.171052631578947,15,82,0.154639175257732,16,85,0.158415841584158,16,97,0.141592920353982,17,116,0.12781954887218,18,123,0.127659574468085,22,123,0.151724137931034,32,157,0.169312169312169,41,200,0.170124481327801,55,239,0.187074829931973,60,285,0.173913043478261,76,355,0.176334106728538,91,431,0.174329501915709,102,500,0.169435215946844
"7955","79797834","79797834-2012-08-28",60,80,2012-08-28,"HA1",2012,"F","NotAdult",0,"0",0,0,NA,3,0,1,4,3,0.571428571428571,5,10,0.333333333333333,9,20,0.310344827586207,11,24,0.314285714285714,11,26,0.297297297297297,14,31,0.311111111111111,15,40,0.272727272727273,16,44,0.266666666666667,23,64,0.264367816091954,34,81,0.295652173913043,41,92,0.308270676691729,46,112,0.291139240506329,50,135,0.27027027027027,52,144,0.26530612244898,52,144,0.26530612244898
"7960","79797884","79797884-2012-10-24",30,80,2012-10-24,"HA1",2012,"M","Adult",0,"0",0,0,NA,2,6,0.25,3,14,0.176470588235294,7,39,0.152173913043478,19,74,0.204301075268817,26,85,0.234234234234234,30,95,0.24,33,122,0.212903225806452,36,149,0.194594594594595,36,157,0.186528497409326,47,213,0.180769230769231,56,261,0.176656151419558,70,325,0.177215189873418,81,385,0.17381974248927,89,430,0.171483622350674,95,449,0.174632352941176,95,452,0.173674588665448
"7962","79797893","79797893-2012-08-30",0,30,2012-08-30,"HA1",2012,"M","Adult",0,"0",1,1,0.5,2,11,0.153846153846154,4,13,0.235294117647059,6,16,0.272727272727273,8,28,0.222222222222222,9,33,0.214285714285714,11,39,0.22,14,45,0.23728813559322,18,54,0.25,18,56,0.243243243243243,26,70,0.270833333333333,28,84,0.25,31,95,0.246031746031746,39,110,0.261744966442953,43,126,0.254437869822485,50,150,0.25,54,165,0.246575342465753
